email;nom;departement
mairie-gavrelle@wanadoo.fr;Centre communal d'action sociale (CCAS) - Gavrelle;62
mairie.brulon@wanadoo.fr;Centre communal d'action sociale (CCAS) - Brûlon;72
mairielecluse@orange.fr;Centre communal d'action sociale (CCAS) - Lécluse;59
mairie@fessenheim.fr;Centre communal d'action sociale (CCAS) - Fessenheim;68
ccas@ville-blain.fr;Centre communal d'action sociale (CCAS) - Blain;44
mairie@saint-hilaire-aude.fr;Centre communal d'action sociale (CCAS) - Saint-Hilaire Aude;11
mairie@stchaptes.fr;Centre communal d'action sociale (CCAS) - Saint-Chaptes;30
mairie.tramery@orange.fr;Centre communal d'action sociale (CCAS) - Tramery;51
mairiemercatel@gmail.com;Centre communal d'action sociale (CCAS) - Mercatel;62
mairie.passy89@gmail.com;Centre communal d'action sociale (CCAS) - Passy Yonne;89
contact@liffre-cormier.fr;Centre intercommunal d'action sociale (CIAS) - La Bouëxière;35
mairie.saint-aubin.36100@orange.fr;Centre communal d'action sociale (CCAS) - Saint-Aubin Indre;36
contacts@morieres.fr;Centre communal d'action sociale (CCAS) - Morières-lès-Avignon;84
ccasmennecy@orange.fr;Centre communal d'action sociale (CCAS) - Mennecy;91
mairie.oberbronn@laregie.fr;Centre communal d'action sociale (CCAS) - Oberbronn;67
mairiestmarcel@orange.fr;Centre communal d'action sociale (CCAS) - Saint-Marcel Indre;36
contact@mairie-argeles-gazost.com;Centre communal d'action sociale (CCAS) - Argelès-Gazost;65
mairie.freville@freville76.fr;Centre communal d'action sociale (CCAS) - Saint Martin de l'If;76
accueil@forcalqueiret.fr;Centre communal d'action sociale (CCAS) - Forcalqueiret;83
mairie@guerard.fr;Centre communal d'action sociale (CCAS) - Guérard;77
votre.courriel@voisins78.fr;Centre communal d'action sociale (CCAS) - Voisins-le-Bretonneux;78
ccas@mairie-saintpaul.fr;Centre communal d'action sociale (CCAS) - Saint-Paul La Réunion;974
velles.mairie@wanadoo.fr;Centre communal d'action sociale (CCAS) - Velles;36
mairie@sierville.fr;Centre communal d'action sociale (CCAS) - Sierville;76
mairie@rabastensdebigorre.fr;Centre communal d'action sociale (CCAS) - Rabastens-de-Bigorre;65
mairie.stcyrenarthies@wanadoo.fr;Centre communal d'action sociale (CCAS) - Saint-Cyr-en-Arthies;95
communevoyenne02@wanadoo.fr;Centre communal d'action sociale (CCAS) - Voyenne;02
accueil@stgi.fr;Centre communal d'action sociale (CCAS) - Saint-Germain-sur-Ille;35
mairie.hoste@laposte.net;Centre communal d'action sociale (CCAS) - Hoste;57
breles.mairie@wanadoo.fr;Centre communal d'action sociale (CCAS) - Brélès;29
mairie@saint-paulien.fr;Centre communal d'action sociale (CCAS) - Saint-Paulien;43
mairie.givryenargonne@orange.fr;Centre communal d'action sociale (CCAS) - Givry-en-Argonne;51
ccas.maslacq@wanadoo.fr;Centre communal d'action sociale (CCAS) - Maslacq;64
communedesimiane@wanadoo.fr;Centre communal d'action sociale (CCAS) - Simiane-la-Rotonde;04
mairie.st-martin-sur-nohain@wanadoo.fr;Centre communal d'action sociale (CCAS) - Saint-Martin-sur-Nohain;58
mairie@beaucelaromaine.fr;Centre communal d'action sociale (CCAS) - Beauce la Romaine;41
contact@mairie-cleres.fr;Centre communal d'action sociale (CCAS) - Clères;76
mairie.tuzaguet@wanadoo.fr;Centre communal d'action sociale (CCAS) - Tuzaguet;65
mairie@la-brousse.fr;Centre communal d'action sociale (CCAS) - La Brousse;17
secretariat@mairie-fouillouse05.fr;Centre communal d'action sociale (CCAS) - Fouillouse;05
solidarites@alba-la-romaine.fr;Centre communal d'action sociale (CCAS) - Alba-la-Romaine;07
mairie-auriac@orange.fr;Centre communal d'action sociale (CCAS) - Auriac-sur-Vendinelle;31
ccasremollon@free.fr;Centre communal d'action sociale (CCAS) - Remollon;05
mairie@issoudun.fr;Centre communal d'action sociale (CCAS) - Issoudun;36
ccas@ville-montbrison.fr;Centre communal d'action sociale (CCAS) - Montbrison;42
ccas@ville-pierrelaye.fr;Centre communal d'action sociale (CCAS) - Pierrelaye;95
mairiedetheze@orange.fr;Centre communal d'action sociale (CCAS) - Thèze;64
mairie@les-ecrennes.fr;Centre communal d'action sociale (CCAS) - Les Écrennes;77
accueil@treffendel.fr;Centre communal d'action sociale (CCAS) - Treffendel;35
mairiedeprissac@orange.fr;Centre communal d'action sociale (CCAS) - Prissac;36
ccas@mairie-hourtin.fr;Centre communal d'action sociale (CCAS) - Hourtin;33
mairie@mairie-brazeyenplaine.com;Centre communal d'action sociale (CCAS) - Brazey-en-Plaine;21
contact@mairie-pezilla-riviere.fr;Centre communal d'action sociale (CCAS) - Pézilla-la-Rivière;66
mairiedesalins77@wanadoo.fr;Centre communal d'action sociale (CCAS) - Salins;77
commune-de-forcelles-sous-gugney@orange.fr;Centre communal d'action sociale (CCAS) - Forcelles-sous-Gugney;54
mairie@vieuxboucau.fr;Centre communal d'action sociale (CCAS) - Vieux-Boucau-les-Bains;40
mairie.smv@wanadoo.fr;Centre communal d'action sociale (CCAS) - Saint-Martin-en-Vercors;26
mairie@elnes.fr;Centre communal d'action sociale (CCAS) - Elnes;62
ccas@mairiedeterredehaut.fr;Centre communal d'action sociale (CCAS) - Terre-de-Haut;971
accueil@reyrieux.fr;Centre communal d'action sociale (CCAS) - Reyrieux;01
mairie@veyrierdulac.fr;Centre communal d'action sociale (CCAS) - Veyrier-du-Lac;74
ccas@mairie-sulniac.fr;Centre communal d'action sociale (CCAS) - Sulniac;56
mairie-village@barbizon.fr;Centre communal d'action sociale (CCAS) - Barbizon;77
contact@calonne-ricouart.fr;Centre communal d'action sociale (CCAS) - Calonne-Ricouart;62
accueilmairie@niederhausbergen.fr;Centre communal d'action sociale (CCAS) - Niederhausbergen;67
contact@feuguerolles-bully.fr;Centre communal d'action sociale (CCAS) - Feuguerolles-Bully;14
mairie@saintouen41.fr;Centre communal d'action sociale (CCAS) - Saint-Ouen Loir-et-cher;41
mairie-stmartindepallieres@orange.fr;Centre communal d'action sociale (CCAS) - Saint-Martin-de-Pallières;83
mairie-cizos@wanadoo.fr;Centre communal d'action sociale (CCAS) - Cizos;65
ccas.mairie.bouvignies.fr@gmail.com;Centre communal d'action sociale (CCAS) - Bouvignies;59
mairie-pierrevillers@wanadoo.fr;Centre communal d'action sociale (CCAS) - Pierrevillers;57
ccas.rocroi@gmail.com;Centre communal d'action sociale (CCAS) - Rocroi;08
accueilccas@mairie-vienne.fr;Centre communal d'action sociale (CCAS) - Vienne;38
cias@sarlat.fr;Centre intercommunal d'action sociale (CIAS) de Sarlat-La-Canéda;24
ccas@mairie-argenton-sur-creuse.fr;Centre communal d'action sociale (CCAS) - Argenton-sur-Creuse;36
mairie.badeconlepin@wanadoo.fr;Centre communal d'action sociale (CCAS) - Badecon-le-Pin;36
cias@ccb3f.fr;Centre intercommunal d'action sociale (CIAS) Bouzonvillois Trois Frontière;57
maire@ville-coudekerque-branche.fr;Centre communal d'action sociale (CCAS) - Téteghem-Coudekerque-Village;59
mairie.albitreccia@wanadoo.fr;Centre communal d'action sociale (CCAS) - Albitreccia;2A
mairie@saintmartindevalgalgues.fr;Centre communal d'action sociale (CCAS) - Saint-Martin-de-Valgalgues;30
mairie.hourc@orange.fr;Centre communal d'action sociale (CCAS) - Hourc;65
mairie.pentadicasinca@wanadoo.fr;Centre communal d'action sociale (CCAS) - Penta-di-Casinca;2B
mairie@ville-laroquedantheron.fr;Centre communal d'action sociale (CCAS) - La Roque-d'Anthéron;13
secretariat.mairie@saint-sulpice-la-foret.fr;Centre communal d'action sociale (CCAS) - Saint-Sulpice-la-Forêt;35
mairie.chailland@orange.fr;Centre communal d'action sociale (CCAS) - Chailland;53
ccas@mairie-guemene-penfao.fr;Centre communal d'action sociale (CCAS) - Guémené-Penfao;44
mairie-peret@orange.fr;Centre communal d'action sociale (CCAS) - Péret;34
condesursarthe@orange.fr;Centre communal d'action sociale (CCAS) - Condé-sur-Sarthe;61
mairie.solomiac@wanadoo.fr;Centre communal d'action sociale (CCAS) - Solomiac;32
sangiovanni@wanadoo.fr;Centre communal d'action sociale (CCAS) - San-Giovanni-di-Moriani;2B
contact@mairie-caillouxsurfontaines.fr;Centre communal d'action sociale (CCAS) - Cailloux-sur-Fontaines;69
accueil@saintemarie.bzh;Centre communal d'action sociale (CCAS) - Sainte-Marie Ille-et-Vilaine;35
mairielacassagne@wanadoo.fr;Centre communal d'action sociale (CCAS) - Lacassagne;65
accueil2@stdiziermasbaraud.fr;Centre communal d'action sociale (CCAS) - Saint-Dizier-Masbaraud;23
secretariat.ccas@chasse-sur-rhone.fr;Centre communal d'action sociale (CCAS) - Chasse-sur-Rhône;38
secretariat.dgs@vinon-sur-verdon.fr;Centre communal d'action sociale (CCAS) - Vinon-sur-Verdon;83
mairie.larocheguyon@wanadoo.fr;Centre communal d'action sociale (CCAS) - La Roche-Guyon;95
mairiestgeorgesdegrehaigne@wanadoo.fr;Centre communal d'action sociale (CCAS) - Saint-Georges-de-Gréhaigne;35
commune.goderville@wanadoo.fr;Centre communal d'action sociale (CCAS) - Goderville;76
contact@saintdenislanneray.fr;Centre communal d'action sociale (CCAS) - Saint-Denis-Lanneray;28
apcbilly@wanadoo.fr;Centre communal d'action sociale (CCAS) - Billy-sur-Oisy;58
mairie@kembs.alsace;Centre communal d'action sociale (CCAS) - Kembs;68
mairiedefeurs@feurs.fr;Centre communal d'action sociale (CCAS) - Feurs;42
accueil.ccas@ccas81370.fr;Centre communal d'action sociale (CCAS) - Saint-Sulpice-la-Pointe;81
contact@mairie-plesse.fr;Centre communal d'action sociale (CCAS) - Plessé;44
accueil@commune-baule.fr;Centre communal d'action sociale (CCAS) - Baule;45
mairie.st.sylvestre.cappel@wanadoo.fr;Centre communal d'action sociale (CCAS) - Saint-Sylvestre-Cappel;59
webmaster@neuillyenthelle.fr;Centre communal d'action sociale (CCAS) - Neuilly-en-Thelle;60
mairie@le-drennec.fr;Centre communal d'action sociale (CCAS) - Le Drennec;29
ccas@ville-bitche.fr;Centre communal d'action sociale (CCAS) - Bitche;57
taissy.mairie@taissy.9tel.com;Centre communal d'action sociale (CCAS) - Taissy;51
mairie@ville-loudun.fr;Centre communal d'action sociale (CCAS) - Loudun;86
latourauvergne.mairie@orange.fr;Centre communal d'action sociale (CCAS) - La Tour-d'Auvergne;63
contact@mairie-brax.fr;Centre communal d'action sociale (CCAS) - Brax;31
ccas@ville-avallon.fr;Centre communal d'action sociale (CCAS) - Avallon;89
mairie-loisey@gmx.fr;Centre communal d'action sociale (CCAS) - Loisey;55
p.r.i.cottance@wanadoo.fr;Centre communal d'action sociale (CCAS) - Cottance;42
ccas-mairie.volonne@orange.fr;Centre communal d'action sociale (CCAS) - Volonne;04
mairie@cambounet-sor.fr;Centre communal d'action sociale (CCAS) - Cambounet-sur-le-Sor;81
bansurmeurthe-clefcy@orange.fr;Centre communal d'action sociale (CCAS) - Ban-sur-Meurthe-Clefcy;88
soignolles@wanadoo.fr;Centre communal d'action sociale (CCAS) - Soignolles-en-Brie;77
mairie.marmagne@wanadoo.fr;Centre communal d'action sociale (CCAS) - Marmagne;18
mairiedelaniscat@wanadoo.fr;Centre communal d'action sociale (CCAS) - Bon Repos sur Blavet;22
etcv@saintcyr78.fr;Centre communal d'action sociale (CCAS) - Saint-Cyr-l'École;78
contact@mairie-combs-la-ville.fr;Centre communal d'action sociale (CCAS) - Combs-la-Ville;77
mairie.tremblaysurmauldre@wanadoo.fr;Centre communal d'action sociale (CCAS) - Le Tremblay-sur-Mauldre;78
mairie@lit-et-mixe.com;Centre communal d'action sociale (CCAS) - Lit-et-Mixe;40
mairie.bezu.st.eloi@wanadoo.fr;Centre communal d'action sociale (CCAS) - Bézu-Saint-Éloi;27
mairie@lesportesducoglais.fr;Centre communal d'action sociale (CCAS) - Les Portes du Coglais;35
mairie-augers-en-brie@orange.fr;Centre communal d'action sociale (CCAS) - Augers-en-Brie;77
mairie.st-bauzille-de-montmel@orange.fr;Centre communal d'action sociale (CCAS) - Saint-Bauzille-de-la-Sylve;34
mairie-fontaine-sous-jouy@orange.fr;Centre communal d'action sociale (CCAS) - Fontaine-sous-Jouy;27
accueil@mairie-chateaufort78.fr;Centre communal d'action sociale (CCAS) - Châteaufort;78
mairie@bussieres.fr;Centre communal d'action sociale (CCAS) - Bussières;42
ccas-repasdomicile@mairie-braud.fr;Centre communal d'action sociale (CCAS) - Braud-et-Saint-Louis;33
accueil@ccasportet.fr;Centre communal d'action sociale (CCAS) - Portet-sur-Garonne;31
ccas@venelles.fr;Centre communal d'action sociale (CCAS) - Venelles;13
stdalmas.selv@free.fr;Centre communal d'action sociale (CCAS) - Saint-Dalmas-le-Selvage;06
mairie-heudicourt@orange.fr;Centre communal d'action sociale (CCAS) - Heudicourt Eure;27
mairie@buschwiller.fr;Centre communal d'action sociale (CCAS) - Buschwiller;68
mairielussan@wanadoo.fr;Centre communal d'action sociale (CCAS) - Lussan;32
mairie.moulinlamarche@wanadoo.fr;Centre communal d'action sociale (CCAS) - Moulins-la-Marche;61
mairiemuids@wanadoo.fr;Centre communal d'action sociale (CCAS) - Muids;27
mairie@st-didier-chalaronne.org;Centre communal d'action sociale (CCAS) - Saint-Didier-sur-Chalaronne;01
ccas@mairie-casteljaloux.fr;Centre communal d'action sociale (CCAS) - Casteljaloux;47
mairie@poncin.fr;Centre communal d'action sociale (CCAS) - Poncin;01
mairie@montreux-vieux.fr;Centre communal d'action sociale (CCAS) - Montreux-Vieux;68
secretariat@mairie-gassin.fr;Centre communal d'action sociale (CCAS) - Gassin;83
accueilmairieortaffa@orange.fr;Centre communal d'action sociale (CCAS) - Ortaffa;66
commune.nantiat@nantiat.fr;Centre communal d'action sociale (CCAS) - Nantiat;87
administration@mairie-chars.fr;Centre communal d'action sociale (CCAS) - Chars;95
mairie-roilaye@orange.fr;Centre communal d'action sociale (CCAS) - Saint-Étienne-Roilaye;60
mairiedebevillers@gmail.com;Centre communal d'action sociale (CCAS) - Bévillers;59
lesmontsdandaine@orange.fr;Centre communal d'action sociale (CCAS) - Les Monts d'Andaine;61
mairie.de.verquigneul@wanadoo.fr;Centre communal d'action sociale (CCAS) - Verquigneul;62
mairie-levroux@wanadoo.fr;Centre communal d'action sociale (CCAS) - Levroux;36
mairie.anvin@orange.fr;Centre communal d'action sociale (CCAS) - Anvin;62
accueil@mairie-hery89550.fr;Centre communal d'action sociale (CCAS) - Héry;89
pccas@mairie-vaulxenvelin.fr;Centre communal d'action sociale (CCAS) - Vaulx-en-Velin;69
mairie@saintandrelegaz.fr;Centre communal d'action sociale (CCAS) - Saint-André-le-Gaz;38
mairie.bonifacio@orange.fr;Centre communal d'action sociale (CCAS) - Bonifacio;2A
ccas-as@mairie-cadenet.fr;Centre communal d'action sociale (CCAS) - Cadenet;84
communedelamoutade@orange.fr;Centre communal d'action sociale (CCAS) - Chambaron sur Morge;63
mairie.hacqueville@orange.fr;Centre communal d'action sociale (CCAS) - Hacqueville;27
mairiedevillainesenduesmois@wanadoo.fr;Centre communal d'action sociale (CCAS) - Villaines-en-Duesmois;21
ccas-saintgeorgesoleron@orange.fr;Centre communal d'action sociale (CCAS) - Saint-Georges-d'Oléron;17
mairie-eply@wanadoo.fr;Centre communal d'action sociale (CCAS) - Éply;54
mairie@st-germain-lespinasse.fr;Centre communal d'action sociale (CCAS) - Saint-Germain-Lespinasse;42
mairie.saintmedarddepresque@orange.fr;Centre communal d'action sociale (CCAS) - Saint-Médard-de-Presque;46
ccas@guipry-messac.bzh;Centre communal d'action sociale (CCAS) - Guipry-Messac;35
mairie@schirrhein.fr;Centre communal d'action sociale (CCAS) - Schirrhein;67
mairie.lordat@wanadoo.fr;Centre communal d'action sociale (CCAS) - Lordat;09
mairie.saintclet@wanadoo.fr;Centre communal d'action sociale (CCAS) - Saint-Clet;22
communefilstroff@wanadoo.fr;Centre communal d'action sociale (CCAS) - Filstroff;57
mairie.sompuis@orange.fr;Centre communal d'action sociale (CCAS) - Sompuis;51
mairie@mirebeausurbeze.com;Centre communal d'action sociale (CCAS) - Mirebeau-sur-Bèze;21
mairie.chamoy@wanadoo.fr;Centre communal d'action sociale (CCAS) - Chamoy;10
ccas@ville-boisleroi.fr;Centre communal d'action sociale (CCAS) - Bois-le-Roi Seine-et-Marne;77
mairie.10grandville@wanadoo.fr;Centre communal d'action sociale (CCAS) - Grandville;10
accueil@ville-molay-littry.fr;Centre communal d'action sociale (CCAS) - Le Molay-Littry;14
info@lestelle-betharram.fr;Centre communal d'action sociale (CCAS) - Lestelle-Bétharram;64
polesocial@ville-lca.fr;Centre communal d'action sociale (CCAS) - La Chapelle-d'Armentières;59
accueil@huille-lezigne.fr;Centre communal d'action sociale (CCAS) - Huillé-Lézigné;49
mairie.de.bona@wanadoo.fr;Centre communal d'action sociale (CCAS) - Bona;58
mairie@fondettes.fr;Centre communal d'action sociale (CCAS) - Fondettes;37
mairie.esternay@wanadoo.fr;Centre communal d'action sociale (CCAS) - Esternay;51
mairie@castillon06.com;Centre communal d'action sociale (CCAS) - Castillon;06
mairie@mairie-ballancourt.fr;Centre communal d'action sociale (CCAS) - Ballancourt-sur-Essonne;91
mairie@lasaulce.fr;Centre communal d'action sociale (CCAS) - La Saulce;05
mairie.alluy@orange.fr;Centre communal d'action sociale (CCAS) - Alluy;58
contact@chambonas.fr;Centre communal d'action sociale (CCAS) - Chambonas;07
secretariat@coucouron.fr;Centre communal d'action sociale (CCAS) - Coucouron;07
mairie.schoenenbourg@wanadoo.fr;Centre communal d'action sociale (CCAS) - Schœnenbourg;67
secretariat@ccas-cleguerec.fr;Centre communal d'action sociale (CCAS) - Cléguérec;56
ccas@mairie-vauclin.fr;Centre communal d'action sociale (CCAS) - Le Vauclin;972
accueil@mairie-roanne.fr;Centre communal d'action sociale (CCAS) - Roanne;42
mairieauresurmer@gmail.com;Centre communal d'action sociale (CCAS) - Aure sur Mer;14
mairie.ardouval@mcom.fr;Centre communal d'action sociale (CCAS) - Ardouval;76
mairiedesaint-sauves@wanadoo.fr;Centre communal d'action sociale (CCAS) - Saint-Sauves-d'Auvergne;63
ccas@hombourg-haut.com;Centre communal d'action sociale (CCAS) - Hombourg-Haut;57
contact@mairie-vaureal.fr;Centre communal d'action sociale (CCAS) - Vauréal;95
ccas@beaucaire.fr;Centre communal d'action sociale (CCAS) - Beaucaire Gard;30
ccas@mairie-miramas.fr;Centre communal d'action sociale (CCAS) - Miramas;13
secretariat-general@comcom-csm.fr;Centre intercommunal d'action sociale (CIAS) de Combrailles Sioule et Morge;63
mairie@pontorson.fr;Centre communal d'action sociale (CCAS) - Pontorson;50
ccas-accueil@mairie-pessac.fr;Centre communal d'action sociale (CCAS) - Pessac;33
villegats@gmail.com;Centre communal d'action sociale (CCAS) - Villegats;27
mairie.sassetotlemalgarde@hotmail.fr;Centre communal d'action sociale (CCAS) - Sassetot-le-Malgardé;76
mairie.chaumuzy@wanadoo.fr;Centre communal d'action sociale (CCAS) - Chaumuzy;51
mairie@soultz-les-bains.fr;Centre communal d'action sociale (CCAS) - Soultz-les-Bains;67
mairie@trevou-treguignec.bzh;Centre communal d'action sociale (CCAS) - Trévou-Tréguignec;22
mairie-fontienne@orange.fr;Centre communal d'action sociale (CCAS) - Fontienne;04
mairiededannes@hotmail.fr;Centre communal d'action sociale (CCAS) - Dannes;62
mairie@epeignelesbois.fr;Centre communal d'action sociale (CCAS) - Épeigné-les-Bois;37
mairie@wancourt.fr;Centre communal d'action sociale (CCAS) - Wancourt;62
ccas@vallet.fr;Centre communal d'action sociale (CCAS) - Vallet;44
contact@mairie-gye.com;Centre communal d'action sociale (CCAS) - Gye;54
commune-de-saint-orens@orange.fr;Centre communal d'action sociale (CCAS) - Saint-Orens;32
info@ville-rhinau.fr;Centre communal d'action sociale (CCAS) - Rhinau;67
mairie@domagne.fr;Centre communal d'action sociale (CCAS) - Domagné;35
ccas97480@ccas.saintjoseph.re;Centre communal d'action sociale (CCAS) - Saint-Joseph La Réunion;974
mairie@chatelet-en-brie.fr;Centre communal d'action sociale (CCAS) - Le Châtelet-en-Brie;77
mairie@ville-souppes.fr;Centre communal d'action sociale (CCAS) - Souppes-sur-Loing;77
mairie@poigny78.fr;Centre communal d'action sociale (CCAS) - Poigny-la-Forêt;78
mairie@mairie-ileauxmoines.fr;Centre communal d'action sociale (CCAS) - Île-aux-Moines;56
mairie.st.antonin.32@wanadoo.fr;Centre communal d'action sociale (CCAS) - Saint-Antonin;32
mairie.this@wanadoo.fr;Centre communal d'action sociale (CCAS) - This;08
mairiefampoux@nordnet.fr;Centre communal d'action sociale (CCAS) - Fampoux;62
mairievitrolles05@wanadoo.fr;Centre communal d'action sociale (CCAS) - Vitrolles Hautes-alpes;05
contact@mairie-laclayette.fr;Centre communal d'action sociale (CCAS) - La Clayette;71
contact@visan-mairie.com;Centre communal d'action sociale (CCAS) - Visan;84
mairie@barnas.fr;Centre communal d'action sociale (CCAS) - Barnas;07
elus@mairie-saintetulle.fr;Centre communal d'action sociale (CCAS) - Sainte-Tulle;04
contact@alizay.fr;Centre communal d'action sociale (CCAS) - Alizay;27
contact@mairie-chalamont.fr;Centre communal d'action sociale (CCAS) - Chalamont;01
mairie@dambach-la-ville.fr;Centre communal d'action sociale (CCAS) - Dambach-la-Ville;67
secretariat@prechac33.fr;Centre communal d'action sociale (CCAS) - Préchac Gironde;33
mairie@genicourt.fr;Centre communal d'action sociale (CCAS) - Génicourt;95
marianne.mairie@wanadoo.fr;Centre communal d'action sociale (CCAS) - Flavy-le-Martel;02
info@mairie-saint-bonnet.net;Centre communal d'action sociale (CCAS) - Saint-Bonnet-en-Champsaur;05
mairie@ville-courdimanche.fr;Centre communal d'action sociale (CCAS) - Courdimanche;95
mairie@frasne.fr;Centre communal d'action sociale (CCAS) - Frasne;25
mairiedecrusnes@wanadoo.fr;Centre communal d'action sociale (CCAS) - Crusnes;54
mairie@langonnet.bzh;Centre communal d'action sociale (CCAS) - Langonnet;56
social@mairie-itteville.fr;Centre communal d'action sociale (CCAS) - Itteville;91
ccas@castets-et-castillon.fr;Centre communal d'action sociale (CCAS) - Castets-et-Castillon;33
mairie.trondes@wanadoo.fr;Centre communal d'action sociale (CCAS) - Trondes;54
ccas@ville-lhay94.fr;Centre communal d'action sociale (CCAS) - L'Haÿ-les-Roses;94
contact.mairie@coarraze.fr;Centre communal d'action sociale (CCAS) - Coarraze;64
contact@chaniers.fr;Centre communal d'action sociale (CCAS) - Chaniers;17
mairie.germolles_sur_grosne@laposte.net;Centre communal d'action sociale (CCAS) - Germolles-sur-Grosne;71
verniolle.mairie@wanadoo.fr;Centre communal d'action sociale (CCAS) - Verniolle;09
servicesocial-ccas@ville-lagorgue.fr;Centre communal d'action sociale (CCAS) - La Gorgue;59
mairie.crepey@wanadoo.fr;Centre communal d'action sociale (CCAS) - Crépey;54
lamairie@mairie-thiron-gardais.fr;Centre communal d'action sociale (CCAS) - Thiron-Gardais;28
ccas@ville-feignies.fr;Centre communal d'action sociale (CCAS) - Feignies;59
ccas@stseurinsurlisle.com;Centre communal d'action sociale (CCAS) - Saint-Seurin-sur-l'Isle;33
contact@ccasdenain.fr;Centre communal d'action sociale (CCAS) - Denain;59
accueil.informations@frouard.fr;Centre communal d'action sociale (CCAS) - Frouard;54
ccas@lasuze.fr;Centre communal d'action sociale (CCAS) - La Suze-sur-Sarthe;72
accueil@mairie-aoste.org;Centre communal d'action sociale (CCAS) - Aoste;38
mairiedeplaimpied@wanadoo.fr;Centre communal d'action sociale (CCAS) - Plaimpied-Givaudins;18
pussay.mairie@wanadoo.fr;Centre communal d'action sociale (CCAS) - Pussay;91
mairie.fepin@wanadoo.fr;Centre communal d'action sociale (CCAS) - Fépin;08
direction@ciasgl.fr;Centre intercommunal d'action sociale (CIAS) des Grands Lacs;40
accueil.longages@hotmail.fr;Centre communal d'action sociale (CCAS) - Longages;31
mairie@ahuille.fr;Centre communal d'action sociale (CCAS) - Ahuillé;53
mairie@mairie-de-vezins.com;Centre communal d'action sociale (CCAS) - Vezins;49
mairie.le.genest.saint.isle@wanadoo.fr;Centre communal d'action sociale (CCAS) - Le Genest-Saint-Isle;53
mairie.les.mages@gmail.com;Centre communal d'action sociale (CCAS) - Les Mages;30
mairie.desertines@wanadoo.fr;Centre communal d'action sociale (CCAS) - Désertines Mayenne;53
secretariat.mairie@blancafort.fr;Centre communal d'action sociale (CCAS) - Blancafort;18
mairie@chevreuse.fr;Centre communal d'action sociale (CCAS) - Chevreuse;78
ccas@ville-hasparren.fr;Centre communal d'action sociale (CCAS) - Hasparren;64
mairie.dambenois@wanadoo.fr;Centre communal d'action sociale (CCAS) - Dambenois;25
ccas@lorris.fr;Centre communal d'action sociale (CCAS) - Lorris;45
ccas@varennes-sur-seine.fr;Centre communal d'action sociale (CCAS) - Varennes-sur-Seine;77
mairie.st-louis@wanadoo.fr;Centre communal d'action sociale (CCAS) - Saint-Louis Guadeloupe;971
mairie@mairie-lesbordes.fr;Centre communal d'action sociale (CCAS) - Les Bordes;45
commune@monteneuf.com;Centre communal d'action sociale (CCAS) - Monteneuf;56
mairie.drulingen@mairie-drulingen.fr;Centre communal d'action sociale (CCAS) - Drulingen;67
ccas@mouans-sartoux.net;Centre communal d'action sociale (CCAS) - Mouans-Sartoux;06
mairie@saint-laurent-de-la-salanque.fr;Centre communal d'action sociale (CCAS) - Saint-Laurent-de-la-Salanque;66
mairie@ville-maurs.fr;Centre communal d'action sociale (CCAS) - Maurs;15
mairie.lignyencambresis@orange.fr;Centre communal d'action sociale (CCAS) - Ligny-en-Cambrésis;59
ccas@miramontdeguyenne.fr;Centre communal d'action sociale (CCAS) - Miramont-de-Guyenne;47
ccas@ferney-voltaire.fr;Centre communal d'action sociale (CCAS) - Ferney-Voltaire;01
mairie@saintsymphoriendozon.fr;Centre communal d'action sociale (CCAS) - Saint-Symphorien-d'Ozon;69
mairie.la-trinite-des-laitiers@wanadoo.fr;Centre communal d'action sociale (CCAS) - La Trinité-des-Laitiers;61
mairie.viols-le-fort@orange.fr;Centre communal d'action sociale (CCAS) - Viols-le-Fort;34
secretariat@louchats.fr;Centre communal d'action sociale (CCAS) - Louchats;33
mairie@letronchet.eu;Centre communal d'action sociale (CCAS) - Le Tronchet;35
affairesgenerales@valenceenpoitou.fr;Centre communal d'action sociale (CCAS) - Valence-en-Poitou;86
mairie-larocheblanchegergovie@orange.fr;Centre communal d'action sociale (CCAS) - La Roche-Blanche;63
mairie@montillysurnoireau.fr;Centre communal d'action sociale (CCAS) - Montilly-sur-Noireau;61
mairie-de-tournehem@wanadoo.fr;Centre communal d'action sociale (CCAS) - Tournehem-sur-la-Hem;62
ccas@loroux-bottereau.fr;Centre communal d'action sociale (CCAS) - Le Loroux-Bottereau;44
mairie-de-vieux-rouen-sur-bresle@wanadoo.fr;Centre communal d'action sociale (CCAS) - Vieux-Rouen-sur-Bresle;76
accueil@ccas-robion.fr;Centre communal d'action sociale (CCAS) - Robion;84
secretariat@arnieres-sur-iton.fr;Centre communal d'action sociale (CCAS) - Arnières-sur-Iton;27
mairie@crecylachapelle.eu;Centre communal d'action sociale (CCAS) - Crécy-la-Chapelle;77
ville@creutzwald.fr;Centre communal d'action sociale (CCAS) - Creutzwald;57
mairie.salviac@orange.fr;Centre communal d'action sociale (CCAS) - Salviac;46
contact@mairie-rochecorbon.fr;Centre communal d'action sociale (CCAS) - Rochecorbon;37
mairie@mairieouzouersurloire.fr;Centre communal d'action sociale (CCAS) - Ouzouer-sur-Loire;45
accueil@flers-agglo.fr;Centre communal d'action sociale (CCAS) - Flers;61
montberon2020@gmail.com;Centre communal d'action sociale (CCAS) - Montberon;31
mairie@gresswiller.fr;Centre communal d'action sociale (CCAS) - Gresswiller;67
mairiedefontenaysurconie@orange.fr;Centre communal d'action sociale (CCAS) - Fontenay-sur-Conie;28
secretere.hardencourt@orange.fr;Centre communal d'action sociale (CCAS) - Hardencourt-Cocherel;27
mairie@drusenheim.fr;Centre communal d'action sociale (CCAS) - Drusenheim;67
webmaster@mairie-castelginest.fr;Centre communal d'action sociale (CCAS) - Castelginest;31
ccas@dol.bzh;Centre communal d'action sociale (CCAS) - Dol-de-Bretagne;35
mairie@rountzenheim-auenheim.fr;Centre communal d'action sociale (CCAS) - Rountzenheim-Auenheim;67
accueil@valdanast.fr;Centre communal d'action sociale (CCAS) - Val d'Anast;35
mairie.lachapelleauxpots@wanadoo.fr;Centre communal d'action sociale (CCAS) - Lachapelle-aux-Pots;60
ccas.labuissiere@free.fr;Centre communal d'action sociale (CCAS) - Bruay-la-Buissière;62
mairiecaillouetorgeville@wanadoo.fr;Centre communal d'action sociale (CCAS) - Caillouet-Orgeville;27
contact@mairie-essars.fr;Centre communal d'action sociale (CCAS) - Essars;62
mairie.st-albain@orange.fr;Centre communal d'action sociale (CCAS) - Saint-Albain;71
mairie-rozerieulles@wanadoo.fr;Centre communal d'action sociale (CCAS) - Rozérieulles;57
contact@mairie-cattenom.fr;Centre communal d'action sociale (CCAS) - Cattenom;57
mairiedechanousse@orange.fr;Centre communal d'action sociale (CCAS) - Chanousse;05
mairie@gouzon23.com;Centre communal d'action sociale (CCAS) - Gouzon;23
mairie@vezelise.com;Centre communal d'action sociale (CCAS) - Vézelise;54
affaires-sociales@mairie-bohars.fr;Centre communal d'action sociale (CCAS) - Bohars;29
mairieromenay@wanadoo.fr;Centre communal d'action sociale (CCAS) - Romenay;71
ccas@mairie-plougastel.fr;Centre communal d'action sociale (CCAS) - Plougastel-Daoulas;29
mairie@battenheim.fr;Centre communal d'action sociale (CCAS) - Battenheim;68
accueil.mairie@lecannetdesmaures.com;Centre communal d'action sociale (CCAS) - Le Cannet-des-Maures;83
ccas@grisy-suisnes.fr;Centre communal d'action sociale (CCAS) - Grisy-Suisnes;77
cab@saint-leu-la-foret.fr;Centre communal d'action sociale (CCAS) - Saint-Leu-la-Forêt;95
mairie@ugine.com;Centre communal d'action sociale (CCAS) - Ugine;73
solidarite@agglo-haguenau.fr;Centre communal d'action sociale (CCAS) - Haguenau;67
mairie@morne-vert.fr;Centre communal d'action sociale (CCAS) - Le Morne-Vert;972
asquesmairie@orange.fr;Centre communal d'action sociale (CCAS) - Asques;33
mairie.tilloyetbellay@orange.fr;Centre communal d'action sociale (CCAS) - Tilloy-et-Bellay;51
ccaslamure@orange.fr;Centre communal d'action sociale (CCAS) - La Mure;38
mairie@mairie-frasnoy.fr;Centre communal d'action sociale (CCAS) - Frasnoy;59
information@ccas-beausoleil.fr;Centre communal d'action sociale (CCAS) - Beausoleil;06
mairiesthaonlechatel@wanadoo.fr;Centre communal d'action sociale (CCAS) - Saint-Haon-le-Châtel;42
mairie@fournes-en-weppes.fr;Centre communal d'action sociale (CCAS) - Fournes-en-Weppes;59
ccas@mairie-breval78.fr;Centre communal d'action sociale (CCAS) - Bréval;78
mairie@lagenevraye.fr;Centre communal d'action sociale (CCAS) - La Genevraye;77
ccas@ville-noyal-chatillon.fr;Centre communal d'action sociale (CCAS) - Noyal-Châtillon-sur-Seiche;35
ccas.ste.rose.974@orange.fr;Centre communal d'action sociale (CCAS) - Sainte-Rose La Réunion;974
mairie@tresboeuf.fr;Centre communal d'action sociale (CCAS) - Tresbœuf;35
ccas@baugeenanjou.fr;Centre communal d'action sociale (CCAS) - Baugé-en-Anjou;49
saint.remy.mairie@wanadoo.fr;Centre communal d'action sociale (CCAS) - Saint-Rémy-du-Plain;35
commune-puycelsi@orange.fr;Centre communal d'action sociale (CCAS) - Puycelsi;81
mairie.entrange@wanadoo.fr;Centre communal d'action sociale (CCAS) - Entrange;57
mairie.remilly@wanadoo.fr;Centre communal d'action sociale (CCAS) - Rémilly Nièvre;58
ccas@valdevirvee.fr;Centre communal d'action sociale (CCAS) - Val de Virvée;33
ccas@megeve.fr;Centre communal d'action sociale (CCAS) - Megève;74
mairie.valensole@wanadoo.fr;Centre communal d'action sociale (CCAS) - Valensole;04
contact@mairiepleyben.fr;Centre communal d'action sociale (CCAS) - Pleyben;29
mairie@flayosc.fr;Centre communal d'action sociale (CCAS) - Flayosc;83
secretariatgeneral@st-christo.fr;Centre communal d'action sociale (CCAS) - Saint-Christo-en-Jarez;42
accueil@bagard.fr;Centre communal d'action sociale (CCAS) - Bagard;30
mairie.honguemare@wanadoo.fr;Centre communal d'action sociale (CCAS) - Honguemare-Guenouville;27
contact@ville-saintjeandugard.fr;Centre communal d'action sociale (CCAS) - Saint-Jean-du-Gard;30
mairieautoire@orange.fr;Centre communal d'action sociale (CCAS) - Autoire;46
mairie@maiziereslgp.jvsbox.fr;Centre communal d'action sociale (CCAS) - Maizières-la-Grande-Paroisse;10
mairie@valdusiers.fr;Centre communal d'action sociale (CCAS) - Val-d'Usiers;25
mairie@ville-montlhery.fr;Centre communal d'action sociale (CCAS) - Montlhéry;91
mairie.stsalvi@orange.fr;Centre communal d'action sociale (CCAS) - Saint-Salvi-de-Carcavès;81
mairie.fleuriel@wanadoo.fr;Centre communal d'action sociale (CCAS) - Fleuriel;03
cabinet@villedemougins.com;Centre communal d'action sociale (CCAS) - Mougins;06
mairie@cirylenoble.fr;Centre communal d'action sociale (CCAS) - Ciry-le-Noble;71
mairie.varois-et-chaignot@wanadoo.fr;Centre communal d'action sociale (CCAS) - Varois-et-Chaignot;21
mairie-marmoutier@orange.fr;Centre communal d'action sociale (CCAS) - Marmoutier;67
commune.saint-castin@wanadoo.fr;Centre communal d'action sociale (CCAS) - Castin;32
mairie.bernecourt@wanadoo.fr;Centre communal d'action sociale (CCAS) - Bernécourt;54
mairieger@wanadoo.fr;Centre communal d'action sociale (CCAS) - Ger Manche;50
communication@aubergenville.fr;Centre communal d'action sociale (CCAS) - Aubergenville;78
mairie@ceyzeriat.fr;Centre communal d'action sociale (CCAS) - Ceyzériat;01
secretariatgeneral@villedefrevent.fr;Centre communal d'action sociale (CCAS) - Frévent;62
mairie.valdesnoms@wanadoo.fr;Centre communal d'action sociale (CCAS) - Le Val-d'Esnoms;52
accueil@louvigne.fr;Centre communal d'action sociale (CCAS) - Louvigné;53
mairie@saintgeoireenvaldaine.fr;Centre communal d'action sociale (CCAS) - Saint-Geoire-en-Valdaine;38
ccas@espalion.fr;Centre communal d'action sociale (CCAS) - Espalion;12
mairie@lecoudraysurthelle.fr;Centre communal d'action sociale (CCAS) - Le Coudray-sur-Thelle;60
ccas@mairie-arnas.fr;Centre communal d'action sociale (CCAS) - Arnas;69
mairie@larnod.fr;Centre communal d'action sociale (CCAS) - Larnod;25
ccas@la-haye-fouassiere.fr;Centre communal d'action sociale (CCAS) - La Haie-Fouassière;44
action-sociale@mairie-juvisy.fr;Centre communal d'action sociale (CCAS) - Juvisy-Sur-Orge;91
mairie@ville-chateau-chinon.fr;Centre communal d'action sociale (CCAS) - Château-Chinon (Ville);58
mairie@bresles.fr;Centre communal d'action sociale (CCAS) - Bresles;60
ccas@bessieres.fr;Centre communal d'action sociale (CCAS) - Bessières;31
mairiechalifert@wanadoo.fr;Centre communal d'action sociale (CCAS) - Chalifert;77
chambon@ville-lechambonsurlignon.fr;Centre communal d'action sociale (CCAS) - Le Chambon-sur-Lignon;43
mairie@ville-aumale.fr;Centre communal d'action sociale (CCAS) - Aumale;76
com@eragny.fr;Centre communal d'action sociale (CCAS) - Éragny;95
mairie@saint-jorioz.fr;Centre communal d'action sociale (CCAS) - Saint-Jorioz;74
accueilmairiedozule@orange.fr;Centre communal d'action sociale (CCAS) - Dozulé;14
mairie@ville-meslaydumaine.fr;Centre communal d'action sociale (CCAS) - Meslay-du-Maine;53
ccas@sainghin-en-weppes.fr;Centre communal d'action sociale (CCAS) - Sainghin-en-Weppes;59
mairie.villentardenois@wanadoo.fr;Centre communal d'action sociale (CCAS) - Ville-en-Tardenois;51
mairie.de.pommiers02@orange.fr;Centre communal d'action sociale (CCAS) - Pommiers;02
mairie@thiaucourt.fr;Centre communal d'action sociale (CCAS) - Thiaucourt-Regniéville;54
mairie@arles-sur-tech.fr;Centre communal d'action sociale (CCAS) - Arles-sur-Tech;66
haucourt.mairie@wanadoo.fr;Centre communal d'action sociale (CCAS) - Haucourt-Moulaine;54
ccas@miradoux.org;Centre communal d'action sociale (CCAS) - Miradoux;32
contact@ville-st-meen-le-grand.fr;Centre communal d'action sociale (CCAS) - Saint-Méen-le-Grand;35
contact.cias@cias-montdemarsan-agglo.fr;Centre intercommunal d'action sociale (CIAS) du Marsan;40
accueil@ccas-deauville.fr;Centre communal d'action sociale (CCAS) - Deauville;14
mairie@stmarth.fr;Centre communal d'action sociale (CCAS) - Saint-Martin-en-Haut;69
mairie@gries.fr;Centre communal d'action sociale (CCAS) - Gries;67
mairie-de-bremes@wanadoo.fr;Centre communal d'action sociale (CCAS) - Brêmes;62
mairie@ville-arques-la-bataille.fr;Centre communal d'action sociale (CCAS) - Arques-la-Bataille;76
mairie.meaulne@orange.fr;Centre communal d'action sociale (CCAS) - Meaulne-Vitray;03
ccas@ville-castelsarrasin.fr;Centre communal d'action sociale (CCAS) - Castelsarrasin;82
ccas@boulazacislemanoire.fr;Centre communal d'action sociale (CCAS) - Boulazac Isle Manoire;24
ccas@chemille-en-anjou.fr;Centre communal d'action sociale (CCAS) - Chemillé-en-Anjou;49
secretariatdumaire@ville-betheny.fr;Centre communal d'action sociale (CCAS) - Bétheny;51
ccas@leshautsdanjou.fr;Centre communal d'action sociale (CCAS) - Les Hauts-d'Anjou;49
gondrecouma@west-telecom.com;Centre communal d'action sociale (CCAS) - Gondrecourt-Aix;54
accueil@ville-la-turbie.fr;Centre communal d'action sociale (CCAS) - La Turbie;06
contact@vandoeuvre.fr;Centre communal d'action sociale (CCAS) - Vandœuvre-lès-Nancy;54
mairie@compreignac87.fr;Centre communal d'action sociale (CCAS) - Compreignac;87
contact@dangesaintromain.fr;Centre communal d'action sociale (CCAS) - Dangé-Saint-Romain;86
mairie.osmoy@wanadoo.fr;Centre communal d'action sociale (CCAS) - Osmoy;18
accueil@saintamour39.fr;Centre communal d'action sociale (CCAS) - Saint-Amour;39
accueil@lesmontsdaunay.fr;Centre communal d'action sociale (CCAS) - Les Monts d'Aunay;14
ccas.montereau@gmail.com;Centre communal d'action sociale (CCAS) - Montereau-Fault-Yonne;77
st.sandoux.mairie@orange.fr;Centre communal d'action sociale (CCAS) - Saint-Sandoux;63
secretariat@champeaux50.fr;Centre communal d'action sociale (CCAS) - Champeaux;50
mairie.noiron.s.gevrey@orange.fr;Centre communal d'action sociale (CCAS) - Noiron-sous-Gevrey;21
mairie@valencisse.fr;Centre communal d'action sociale (CCAS) - Valencisse;41
mairie.stmartinsurcojeul@orange.fr;Centre communal d'action sociale (CCAS) - Saint-Martin-sur-Cojeul;62
mairie.tourdun@orange.fr;Centre communal d'action sociale (CCAS) - Tourdun;32
secretariatgeneral.ccas@gmail.com;Centre communal d'action sociale (CCAS) - Saint-Louis La Réunion;974
ccas@mairie-castres-gironde.fr;Centre communal d'action sociale (CCAS) - Castres-Gironde;33
mairie-le-pegue@wanadoo.fr;Centre communal d'action sociale (CCAS) - Le Pègue;26
directiongenerale@lesigny.fr;Centre communal d'action sociale (CCAS) - Lésigny;77
mairie.st.andre@cc-paysmornantais.fr;Centre communal d'action sociale (CCAS) - Saint-André-la-Côte;69
ccas@lannilis.bzh;Centre communal d'action sociale (CCAS) - Lannilis;29
mairie.margerie-chantagret@wanadoo.fr;Centre communal d'action sociale (CCAS) - Margerie-Chantagret;42
sg@mairie-eauze.fr;Centre communal d'action sociale (CCAS) - Eauze;32
mairie@la-gueriniere.fr;Centre communal d'action sociale (CCAS) - La Guérinière;85
mairieromazy@orange.fr;Centre communal d'action sociale (CCAS) - Romazy;35
mairiedepeyriguere@orange.fr;Centre communal d'action sociale (CCAS) - Peyriguère;65
ccas@mairie-relecq-kerhuon.fr;Centre communal d'action sociale (CCAS) - Le Relecq-Kerhuon;29
mairie@anzeling.fr;Centre communal d'action sociale (CCAS) - Anzeling;57
mairie.codognan@wanadoo.fr;Centre communal d'action sociale (CCAS) - Codognan;30
ccas@vlpm.com;Centre communal d'action sociale (CCAS) - Les Pennes-Mirabeau;13
mairie@stmichelherm.fr;Centre communal d'action sociale (CCAS) - Saint-Michel-en-l'Herm;85
mairiededompierreauxbois@orange.fr;Centre communal d'action sociale (CCAS) - Dompierre-aux-Bois;55
mairie@saint-thome.fr;Centre communal d'action sociale (CCAS) - Saint-Thomé;07
mairie@commune-aiglun04.fr;Centre communal d'action sociale (CCAS) - Aiglun;04
service.seniors@ville-noisylegrand.fr;Centre communal d'action sociale (CCAS) - Noisy-le-Grand;93
mairie.galiax@wanadoo.fr;Centre communal d'action sociale (CCAS) - Galiax;32
mairie.stgermaindelacoudre@wanadoo.fr;Centre communal d'action sociale (CCAS) - Saint-Germain-de-la-Coudre;61
mairie@sevrier.fr;Centre communal d'action sociale (CCAS) - Sevrier;74
ccas@saintbrice95.fr;Centre communal d'action sociale (CCAS) - Saint-Brice-sous-Forêt;95
ccas@laroquettesursiagne.com;Centre communal d'action sociale (CCAS) - La Roquette-sur-Siagne;06
contact@saintjouvent.com;Centre communal d'action sociale (CCAS) - Saint-Jouvent;87
mairie@corbreuse.fr;Centre communal d'action sociale (CCAS) - Corbreuse;91
mairie@cuves50.fr;Centre communal d'action sociale (CCAS) - Cuves;50
contact@saintjulienlesmetz.fr;Centre communal d'action sociale (CCAS) - Saint-Julien-lès-Metz;57
mairie.change@change53.fr;Centre communal d'action sociale (CCAS) - Changé Mayenne;53
ccas@st-denis-oleron.fr;Centre communal d'action sociale (CCAS) - Saint-Denis-d'Oléron;17
mairie@ville-bazas.fr;Centre communal d'action sociale (CCAS) - Bazas;33
accueil.mairie@ville-labarredemonts.fr;Centre communal d'action sociale (CCAS) - La Barre-de-Monts;85
mairie@saintlaurentmedoc.fr;Centre communal d'action sociale (CCAS) - Saint-Laurent-Médoc;33
mairie-la-champenoise@orange.fr;Centre communal d'action sociale (CCAS) - La Champenoise;36
accueilmairie.carentoir@orange.fr;Centre communal d'action sociale (CCAS) - Carentoir;56
mairievillage@mairie-gpp.corsica;Centre communal d'action sociale (CCAS) - Grosseto-Prugna;2A
benerville.mairie@wanadoo.fr;Centre communal d'action sociale (CCAS) - Benerville-sur-Mer;14
accueil@plandorgon.fr;Centre communal d'action sociale (CCAS) - Plan-d'Orgon;13
mairie-mariol@wanadoo.fr;Centre communal d'action sociale (CCAS) - Mariol;03
esseylacote.mairie@orange.fr;Centre communal d'action sociale (CCAS) - Essey-la-Côte;54
cernaylesreims.mairie@orange.fr;Centre communal d'action sociale (CCAS) - Cernay-lès-Reims;51
mairielempdessurallagnon@orange.fr;Centre communal d'action sociale (CCAS) - Lempdes-sur-Allagnon;43
mairie@lavans-les-saint-claude.fr;Centre communal d'action sociale (CCAS) - Lavans-lès-Saint-Claude;39
mairie@bar-sur-seine.fr;Centre communal d'action sociale (CCAS) - Bar-sur-Seine;10
mairiethourie@wanadoo.fr;Centre communal d'action sociale (CCAS) - Thourie;35
ccas@ville-roissy95.fr;Centre communal d'action sociale (CCAS) - Roissy-en-France;95
mairie@17410.fr;Centre communal d'action sociale (CCAS) - Saint-Martin-de-Ré;17
mairie.sorcysaintmartin@wanadoo.fr;Centre communal d'action sociale (CCAS) - Sorcy-Saint-Martin;55
pcb@portdebouc.fr;Centre communal d'action sociale (CCAS) - Port-de-Bouc;13
mairiefaucondebarcelonette@wanadoo.fr;Centre communal d'action sociale (CCAS) - Faucon-de-Barcelonnette;04
cheny89@wanadoo.fr;Centre communal d'action sociale (CCAS) - Cheny;89
mairie.65lomne@orange.fr;Centre communal d'action sociale (CCAS) - Lomné;65
contact@mairie-nangis.fr;Centre communal d'action sociale (CCAS) - Nangis;77
mairie.yonval@wanadoo.fr;Centre communal d'action sociale (CCAS) - Yonval;80
mairie@saintmauricesurdargoire.fr;Centre communal d'action sociale (CCAS) - Chabanière;69
mairie.coupelleneuve@wanadoo.fr;Centre communal d'action sociale (CCAS) - Coupelle-Neuve;62
accueil@ccas.ville-harnes.fr;Centre communal d'action sociale (CCAS) - Harnes;62
contactmairie@lerevest83.fr;Centre communal d'action sociale (CCAS) - Le Revest-les-Eaux;83
allenc.mairie@wanadoo.fr;Centre communal d'action sociale (CCAS) - Allenc;48
mairie-de-bapaume@wanadoo.fr;Centre communal d'action sociale (CCAS) - Bapaume;62
mairie-de-ville-en-vermois@wanadoo.fr;Centre communal d'action sociale (CCAS) - Ville-en-Vermois;54
mairie.saint.usage@wanadoo.fr;Centre communal d'action sociale (CCAS) - Saint-Usage;21
mairiedelabaroche@gmail.com;Centre communal d'action sociale (CCAS) - Labaroche;68
mairie.champneuville@orange.fr;Centre communal d'action sociale (CCAS) - Champneuville;55
mairie@lepine-iledenoirmoutier.fr;Centre communal d'action sociale (CCAS) - L'Épine Vendée;85
mairie.molinchart@wanadoo.fr;Centre communal d'action sociale (CCAS) - Molinchart;02
ccas@cenon.fr;Centre communal d'action sociale (CCAS) - Cenon;33
contact@renaison.fr;Centre communal d'action sociale (CCAS) - Renaison;42
mairie@langolen.bzh;Centre communal d'action sociale (CCAS) - Langolen;29
mairie@valspreslepuy.fr;Centre communal d'action sociale (CCAS) - Vals-près-le-Puy;43
secretariat@communeisigny.fr;Centre communal d'action sociale (CCAS) - Isigny-sur-Mer;14
mairie-frunce@wanadoo.fr;Centre communal d'action sociale (CCAS) - Fruncé;28
accueil@ville-de-meriel.fr;Centre communal d'action sociale (CCAS) - Mériel;95
ccas@ville-montmorency.fr;Centre communal d'action sociale (CCAS) - Montmorency;95
mairie@mairievlm.fr;Centre communal d'action sociale (CCAS) - Villieu-Loyes-Mollon;01
ccas@ville-sorinieres.fr;Centre communal d'action sociale (CCAS) - Les Sorinières;44
mairie.coltainville@wanadoo.fr;Centre communal d'action sociale (CCAS) - Coltainville;28
ccas@biarritz.fr;Centre communal d'action sociale (CCAS) - Biarritz;64
ccas@longjumeau.fr;Centre communal d'action sociale (CCAS) - Longjumeau;91
contact@chasseneuildupoitou.fr;Centre communal d'action sociale (CCAS) - Chasseneuil-du-Poitou;86
mairie.espeche@orange.fr;Centre communal d'action sociale (CCAS) - Espèche;65
mairie@creches-sur-saone.com;Centre communal d'action sociale (CCAS) - Crêches-sur-Saône;71
mairie@essert.fr;Centre communal d'action sociale (CCAS) - Essert;90
mairie@baignes-sainte-radegonde.fr;Centre communal d'action sociale (CCAS) - Baignes-Sainte-Radegonde;16
mairie.boutx@wanadoo.fr;Centre communal d'action sociale (CCAS) - Boutx;31
mairiehautsdechee@wanadoo.fr;Centre communal d'action sociale (CCAS) - Les Hauts-de-Chée;55
contact@ville-lecoudray28.fr;Centre communal d'action sociale (CCAS) - Le Coudray;28
mairielaons@wanadoo.fr;Centre communal d'action sociale (CCAS) - Laons;28
mairie.verlus@gmail.com;Centre communal d'action sociale (CCAS) - Verlus;32
accueil@paysdesainteloy.fr;Centre intercommunal d'action sociale (CIAS) du Pays Saint-Éloy;63
ccas@civray.fr;Centre communal d'action sociale (CCAS) - Civray Vienne;86
contact@raonletape.fr;Centre communal d'action sociale (CCAS) - Raon-l'Étape;88
mairie@ville-trelissac.fr;Centre communal d'action sociale (CCAS) - Bassillac et Auberoche;24
accueil@ville-avord.fr;Centre communal d'action sociale (CCAS) - Avord;18
ccas@ville-st-girons.fr;Centre communal d'action sociale (CCAS) - Saint-Girons;09
contact@msp975.fr;Centre communal d'action sociale (CCAS) - Saint-Pierre-et-Miquelon;975
contact@lusigny-sur-barse.fr;Centre communal d'action sociale (CCAS) - Lusigny-sur-Barse;10
accueil@cajarc.fr;Centre communal d'action sociale (CCAS) - Cajarc;46
mairie.fraze@wanadoo.fr;Centre communal d'action sociale (CCAS) - Frazé;28
admin.ccas@ville-chaville.fr;Centre communal d'action sociale (CCAS) - Chaville;92
mairie.lesmees@wanadoo.fr;Centre communal d'action sociale (CCAS) - Peyruis;04
ccas@vienne-en-val.fr;Centre communal d'action sociale (CCAS) - Vienne-en-Val;45
mairie.bavans@bavans.fr;Centre communal d'action sociale (CCAS) - Bavans;25
commune.labastide-rouairoux@orange.fr;Centre communal d'action sociale (CCAS) - Labastide-Rouairoux;81
accueil.mairie@moyaux.fr;Centre communal d'action sociale (CCAS) - Moyaux;14
mairie.maheru@wanadoo.fr;Centre communal d'action sociale (CCAS) - Mahéru;61
mairiedecombefa@wanadoo.fr;Centre communal d'action sociale (CCAS) - Combefa;81
mairie@bullion.fr;Centre communal d'action sociale (CCAS) - Bullion;78
cias.cag@gimont.fr;Centre communal d'action sociale (CCAS) - Gimont;32
mairiebarcugnan@wanadoo.fr;Centre communal d'action sociale (CCAS) - Barcugnan;32
mairie.ostheim@gmail.com;Centre communal d'action sociale (CCAS) - Ostheim;68
ccas@maisse.fr;Centre communal d'action sociale (CCAS) - Maisse;91
centresocial@ville-calvi.fr;Centre communal d'action sociale (CCAS) - Calvi;2B
ccas@sqf38.fr;Centre communal d'action sociale (CCAS) - Saint-Quentin-Fallavier;38
ccas@ville-pontlabbe.fr;Centre communal d'action sociale (CCAS) - Pont-l'Abbé;29
contact@cias.paysdecraon.fr;Centre intercommunal d'action sociale (CIAS) - Craon;53
contact@ville-sallaumines.fr;Centre communal d'action sociale (CCAS) - Sallaumines;62
cias@ccvcommunaute.fr;Centre intercommunal d'action sociale (CIAS) de Chavanon Combrailles et Volcans;63
mairie@stsauveurenrue.com;Centre communal d'action sociale (CCAS) - Saint-Sauveur-en-Rue;42
mairie.st.andre81@gmail.com;Centre communal d'action sociale (CCAS) - Saint-André Tarn;81
mairie.de.berville@wanadoo.fr;Centre communal d'action sociale (CCAS) - Berville;95
mairiedallain@wanadoo.fr;Centre communal d'action sociale (CCAS) - Allain;54
mairie.bousquet@wanadoo.fr;Centre communal d'action sociale (CCAS) - Le Bousquet-d'Orb;34
communedebarthe@orange.fr;Centre communal d'action sociale (CCAS) - Barthe;65
contact@thizylesbourgs.fr;Centre communal d'action sociale (CCAS) - Thizy-les-Bourgs;69
mairie@ville-longuenesse.fr;Centre communal d'action sociale (CCAS) - Longuenesse;62
mairie@vertlegrand.fr;Centre communal d'action sociale (CCAS) - Vert-le-Grand;91
mairie.frayssinhes@wanadoo.fr;Centre communal d'action sociale (CCAS) - Frayssinhes;46
secretariat@ville-algrange.fr;Centre communal d'action sociale (CCAS) - Algrange;57
mairie@affleville.fr;Centre communal d'action sociale (CCAS) - Affléville;54
secretariat@ville-staignan.fr;Centre communal d'action sociale (CCAS) - Saint-Aignan;41
mairie-frangy71@orange.fr;Centre communal d'action sociale (CCAS) - Frangy-en-Bresse;71
commune.leplessierstjust@orange.fr;Centre communal d'action sociale (CCAS) - Le Plessier-sur-Saint-Just;60
mairie@angicourt.fr;Centre communal d'action sociale (CCAS) - Angicourt;60
ccas@amneville-les-thermes.com;Centre communal d'action sociale (CCAS) - Amnéville;57
mairie@vernou-en-sologne.com;Centre communal d'action sociale (CCAS) - Vernou-en-Sologne;41
ccas@stpalaissurmer.fr;Centre communal d'action sociale (CCAS) - Saint-Palais-sur-Mer;17
mairie.itancourt@orange.fr;Centre communal d'action sociale (CCAS) - Itancourt;02
sanvignes@mairie-sanvignes.fr;Centre communal d'action sociale (CCAS) - Sanvignes-les-Mines;71
contact@sermaizelesbains.fr;Centre communal d'action sociale (CCAS) - Sermaize-les-Bains;51
mairie@saffre.fr;Centre communal d'action sociale (CCAS) - Saffré;44
contact@mairie-equemauville.com;Centre communal d'action sociale (CCAS) - Équemauville;14
commune-monpardiac@orange.fr;Centre communal d'action sociale (CCAS) - Monpardiac;32
mairie@popian.net;Centre communal d'action sociale (CCAS) - Popian;34
mairie.norroypam@wanadoo.fr;Centre communal d'action sociale (CCAS) - Norroy-Les-Pont-A-Mousson;54
ccas@mairie-belfort.fr;Centre communal d'action sociale (CCAS) - Belfort;90
mairiedecazauxdebat@orange.fr;Centre communal d'action sociale (CCAS) - Cazaux-Debat;65
mairie-ahuy@orange.fr;Centre communal d'action sociale (CCAS) - Ahuy;21
mairie.sauviat@wanadoo.fr;Centre communal d'action sociale (CCAS) - Sauviat-sur-Vige;87
accueil@ccas-cagnes.fr;Centre communal d'action sociale (CCAS) - Cagnes-sur-Mer;06
accueilccas@villetassinlademilune.fr;Centre communal d'action sociale (CCAS) - Tassin-la-Demi-Lune;69
mairie@villedelacrau.fr;Centre communal d'action sociale (CCAS) - La Crau;83
ccas@mairiedanjoutin.fr;Centre communal d'action sociale (CCAS) - Danjoutin;90
mairie@ville-bailleul.fr;Centre communal d'action sociale (CCAS) - Bailleul;59
mairie.crepy02@wanadoo.fr;Centre communal d'action sociale (CCAS) - Crépy;02
mairie.recicourt@gmail.com;Centre communal d'action sociale (CCAS) - Récicourt;55
ccas@mairie-albi.fr;Centre communal d'action sociale (CCAS) - Albi;81
mairie.oeuilly@wanadoo.fr;Centre communal d'action sociale (CCAS) - Œuilly;51
mairie@ville-montendre.fr;Centre communal d'action sociale (CCAS) - Montendre;17
avignonet.mairie@wanadoo.fr;Centre communal d'action sociale (CCAS) - Avignonet;38
mairie.saintmardsurauve@orange.fr;Centre communal d'action sociale (CCAS) - Saint-Mard-sur-Auve;51
mairie.ste.colombe@gmail.com;Centre communal d'action sociale (CCAS) - Sainte-Colombe Seine-et-Marne;77
mairie@mairie-saintvallierdethiey.fr;Centre communal d'action sociale (CCAS) - Saint-Vallier-de-Thiey;06
mairieampillylesec@gmail.com;Centre communal d'action sociale (CCAS) - Ampilly-le-Sec;21
mairie.bree@wanadoo.fr;Centre communal d'action sociale (CCAS) - Montsûrs;53
mairie@sommieres.fr;Centre communal d'action sociale (CCAS) - Sommières;30
accueil@ville-maurecourt.fr;Centre communal d'action sociale (CCAS) - Maurecourt;78
mairiediarville@wanadoo.fr;Centre communal d'action sociale (CCAS) - Diarville;54
mairie.monthault@wanadoo.fr;Centre communal d'action sociale (CCAS) - Monthault;35
ccas@bonnes86.fr;Centre communal d'action sociale (CCAS) - Bonnes;86
ccas@st-andiol.fr;Centre communal d'action sociale (CCAS) - Saint-Andiol;13
mairie-villequiers@wanadoo.fr;Centre communal d'action sociale (CCAS) - Baugy;18
contactsg@mairie-gemenos.fr;Centre communal d'action sociale (CCAS) - Gémenos;13
mairie@saintmartindesnoyers.fr;Centre communal d'action sociale (CCAS) - Saint-Martin-des-Noyers;85
sablons.mairie@wanadoo.fr;Centre communal d'action sociale (CCAS) - Sablons;38
x-folembray@wanadoo.fr;Centre communal d'action sociale (CCAS) - Folembray;02
contact@mairiecotignac.fr;Centre communal d'action sociale (CCAS) - Cotignac;83
mairie.glageon@orange.fr;Centre communal d'action sociale (CCAS) - Glageon;59
servicesocial@lonslesaunier.fr;Centre communal d'action sociale (CCAS) - Lons-le-Saunier;39
mairie@dorlisheim.fr;Centre communal d'action sociale (CCAS) - Dorlisheim;67
accueil-solidarite@ville-petit-couronne.fr;Centre communal d'action sociale (CCAS) - Petit-Couronne;76
sarraguzan@wanadoo.fr;Centre communal d'action sociale (CCAS) - Sarraguzan;32
mairie.geeriviere@orange.fr;Centre communal d'action sociale (CCAS) - Gée-Rivière;32
mairie@echire.fr;Centre communal d'action sociale (CCAS) - Échiré;79
contact@palaudelvidre.com;Centre communal d'action sociale (CCAS) - Palau-del-Vidre;66
cias@rt78.fr;Centre Intercommunal d’Action Sociale (CIAS) de Rambouillet;78
mairiesaintvougay@orange.fr;Centre communal d'action sociale (CCAS) - Saint-Vougay;29
accueil@ville-schirmeck.fr;Centre communal d'action sociale (CCAS) - Schirmeck;67
mairie.luant@wanadoo.fr;Centre communal d'action sociale (CCAS) - Luant;36
ccas@saintmarsdudesert.fr;Centre communal d'action sociale (CCAS) - Saint-Mars-du-Désert;44
mairie.javie@orange.fr;Centre communal d'action sociale (CCAS) - La Javie;04
mairie.sisco@wanadoo.fr;Centre communal d'action sociale (CCAS) - Sisco;2B
mairie@saintjeandaulps.fr;Centre communal d'action sociale (CCAS) - Saint-Jean-d'Aulps;74
contact-mairie@stjuliendevouvantes.fr;Centre communal d'action sociale (CCAS) - Saint-Julien-de-Vouvantes;44
contact@fraisses.fr;Centre communal d'action sociale (CCAS) - Fraisses;42
administration.sailly.lab@wanadoo.fr;Centre communal d'action sociale (CCAS) - Sailly-Labourse;62
info@mairie-lutzelhouse.fr;Centre communal d'action sociale (CCAS) - Lutzelhouse;67
mairie.loubaut@free.fr;Centre communal d'action sociale (CCAS) - Loubaut;09
contact@commune-leval.fr;Centre communal d'action sociale (CCAS) - Leval;59
mairie.guillonville@orange.fr;Centre communal d'action sociale (CCAS) - Guillonville;28
mairie.valence@wanadoo.fr;Centre communal d'action sociale (CCAS) - Valence-sur-Baïse;32
mairie.virynoureuil@wanadoo.fr;Centre communal d'action sociale (CCAS) - Viry-Noureuil;02
mairie.perlesetcastelet@orange.fr;Centre communal d'action sociale (CCAS) - Perles-et-Castelet;09
mairie-cry.armancon@wanadoo.fr;Centre communal d'action sociale (CCAS) - Cry;89
mairieneuvypailloux@gmail.com;Centre communal d'action sociale (CCAS) - Neuvy-Pailloux;36
ccas@nouvoitou.fr;Centre communal d'action sociale (CCAS) - Nouvoitou;35
accueilcommun@lacourneuve.fr;Centre communal d'action sociale (CCAS) - La Courneuve;93
ccas@ville-orleans.fr;Centre communal d'action sociale (CCAS) - Orléans (Agence sociale Argonne);45
mairie.blicourt@orange.fr;Centre communal d'action sociale (CCAS) - Blicourt;60
accueil.mairie@locqueltas.fr;Centre communal d'action sociale (CCAS) - Locqueltas;56
mairie-de-la-riviere-drugeon@wanadoo.fr;Centre communal d'action sociale (CCAS) - La Rivière-Drugeon;25
mairie@griesheim.fr;Centre communal d'action sociale (CCAS) - Griesheim-près-Molsheim;67
social@coulaines.fr;Centre communal d'action sociale (CCAS) - Coulaines;72
contact@ville-cesson.fr;Centre communal d'action sociale (CCAS) - Cesson;77
commune@richwiller.fr;Centre communal d'action sociale (CCAS) - Richwiller;68
mairiedemarseillan@orange.fr;Centre communal d'action sociale (CCAS) - Marseillan Gers;32
courrier@echirolles.fr;Centre communal d'action sociale (CCAS) - Échirolles;38
agnichelles@gmail.com;Centre communal d'action sociale (CCAS) - Agnicourt-et-Séchelles;02
mairie@ville-mornerouge.fr;Centre communal d'action sociale (CCAS) - Le Morne-Rouge;972
ccas@crouy-sur-ourcq.fr;Centre communal d'action sociale (CCAS) - Crouy-sur-Ourcq;77
commune.laujuzan@wanadoo.fr;Centre communal d'action sociale (CCAS) - Laujuzan;32
mairie@saintamanttallende.fr;Centre communal d'action sociale (CCAS) - Saint-Amant-Tallende;63
contact@ville-saint-pourcain-sur-sioule.com;Centre communal d'action sociale (CCAS) - Châtel-de-Neuvre;03
mairie@piblange.fr;Centre communal d'action sociale (CCAS) - Piblange;57
mairie.st-vincent-de-durfort@wanadoo.fr;Centre communal d'action sociale (CCAS) - Saint-Vincent-de-Durfort;07
polesocialccas@ville-poissy.fr;Centre communal d'action sociale (CCAS) - Poissy;78
mairie@richebourg78.fr;Centre communal d'action sociale (CCAS) - Richebourg Yvelines;78
mairie.lethil@wanadoo.fr;Centre communal d'action sociale (CCAS) - Le Thil;27
ccas@mittelhausbergen.fr;Centre communal d'action sociale (CCAS) - Mittelhausbergen;67
mairie.fontenaysurloing@wanadoo.fr;Centre communal d'action sociale (CCAS) - Fontenay-sur-Loing;45
ccas@manduel.fr;Centre communal d'action sociale (CCAS) - Manduel;30
contact@saintbauzilledeputois.fr;Centre communal d'action sociale (CCAS) - Saint-Bauzille-de-Putois;34
mairie.mexy@wanadoo.fr;Centre communal d'action sociale (CCAS) - Mexy;54
contact@bailly-romainvilliers.fr;Centre communal d'action sociale (CCAS) - Bailly-Romainvilliers;77
mairie@lamastre.fr;Centre communal d'action sociale (CCAS) - Lamastre;07
accueilccascarnac@ccas-carnac.fr;Centre communal d'action sociale (CCAS) - Carnac;56
mairie@lauzach.fr;Centre communal d'action sociale (CCAS) - Lauzach;56
mairie-de-laissac@wanadoo.fr;Centre communal d'action sociale (CCAS) - Laissac-Sévérac l'Église;12
mairie-de-puysegur@wanadoo.fr;Centre communal d'action sociale (CCAS) - Puységur;32
ccas@garches.fr;Centre communal d'action sociale (CCAS) - Garches;92
ccas@mondonville.fr;Centre communal d'action sociale (CCAS) - Mondonville;31
secretariat@mairie-colombeylesbelles.fr;Centre communal d'action sociale (CCAS) - Colombey-les-Belles;54
cadours.accueil@mairie-cadours.fr;Centre communal d'action sociale (CCAS) - Cadours;31
commune@dachstein.fr;Centre communal d'action sociale (CCAS) - Dachstein;67
mairie@cervione.com;Centre communal d'action sociale (CCAS) - Cervione;2B
mairie.vergongheon43@vergongheon.fr;Centre communal d'action sociale (CCAS) - Vergongheon;43
secretariat@mairiechalus87.fr;Centre communal d'action sociale (CCAS) - Châlus;87
mairie.hem-lenglet@wanadoo.fr;Centre communal d'action sociale (CCAS) - Hem-Lenglet;59
commune@mairie-roncourt.fr;Centre communal d'action sociale (CCAS) - Roncourt;57
mairie-flogny-la-chapelle@wanadoo.fr;Centre communal d'action sociale (CCAS) - Flogny-la-Chapelle;89
contact@mairie-jouarre.fr;Centre communal d'action sociale (CCAS) - Jouarre;77
mairie@lupiac.fr;Centre communal d'action sociale (CCAS) - Lupiac;32
service.courrier@ville-francois.fr;Centre communal d'action sociale (CCAS) - Le François;972
ccas@guilherand-granges.fr;Centre communal d'action sociale (CCAS) - Guilherand-Granges;07
mairie.baudemont@wanadoo.fr;Centre communal d'action sociale (CCAS) - Baudemont;71
secretariat@mairie-andilly.fr;Centre communal d'action sociale (CCAS) - Andilly Val-d'Oise;95
contact@mairievialas.fr;Centre communal d'action sociale (CCAS) - Vialas;48
mairie-de-st-julien@wanadoo.fr;Centre communal d'action sociale (CCAS) - Saint-Julien Rhône;69
contact@hergnies.fr;Centre communal d'action sociale (CCAS) - Hergnies;59
castexmielan@wanadoo.fr;Centre communal d'action sociale (CCAS) - Castex;32
mairie@mairie-mondelange.fr;Centre communal d'action sociale (CCAS) - Mondelange;57
action.sociale@ville-auray.fr;Centre communal d'action sociale (CCAS) - Auray;56
mairie.leverguier@wanadoo.fr;Centre communal d'action sociale (CCAS) - Le Verguier;02
affairesgenerales@lepalaissurvienne.fr;Centre communal d'action sociale (CCAS) - Le Palais-sur-Vienne;87
contact@mairie-caves.fr;Centre communal d'action sociale (CCAS) - Caves;11
mairie@benodet.fr;Centre communal d'action sociale (CCAS) - Bénodet;29
contact@chaumont-en-vexin.fr;Centre communal d'action sociale (CCAS) - Chaumont-en-Vexin;60
mairieloguivyplougras@laposte.net;Centre communal d'action sociale (CCAS) - Loguivy-Plougras;22
mairie@villeezysureure.fr;Centre communal d'action sociale (CCAS) - Ézy-sur-Eure;27
mairie@berck-sur-mer.com;Centre communal d'action sociale (CCAS) - Berck;62
contact@saint-jean-de-sauves.fr;Centre communal d'action sociale (CCAS) - Saint-Jean-de-Sauves;86
accueil@landeda.fr;Centre communal d'action sociale (CCAS) - Landéda;29
mairie-reugny@wanadoo.fr;Centre communal d'action sociale (CCAS) - Reugny;37
mairie@mortagneauperche.com;Centre communal d'action sociale (CCAS) - Mortagne-au-Perche;61
mairie@plouvain.fr;Centre communal d'action sociale (CCAS) - Plouvain;62
mairie@saintmartindevalamas.com;Centre communal d'action sociale (CCAS) - Saint-Martin-de-Valamas;07
morteau@morteau.org;Centre communal d'action sociale (CCAS) - Morteau;25
mairie@roquecourbe.fr;Centre communal d'action sociale (CCAS) - Roquecourbe;81
mairie.chivylesetouvelles@wanadoo.fr;Centre communal d'action sociale (CCAS) - Chivy-lès-Étouvelles;02
ccas.lb@langon33.fr;Centre communal d'action sociale (CCAS) - Langon Ille-et-Vilaine;35
ccas@meschers.com;Centre communal d'action sociale (CCAS) - Meschers-sur-Gironde;17
mairie@serquigny.fr;Centre communal d'action sociale (CCAS) - Serquigny;27
ccas.administration@chatillon92.fr;Centre communal d'action sociale (CCAS) - Châtillon;92
mairie@lepetitfougeray.fr;Centre communal d'action sociale (CCAS) - Le Petit-Fougeray;35
ccas@mairie-saintjustenchaussee.fr;Centre communal d'action sociale (CCAS) - Saint-Just-en-Chaussée;60
mairie@amance.fr;Centre communal d'action sociale (CCAS) - Amance Meurthe-et-Moselle;54
mairie@collonges.fr;Centre communal d'action sociale (CCAS) - Collonges;01
landrethun-le-nord@orange.fr;Centre communal d'action sociale (CCAS) - Landrethun-le-Nord;62
stjeanchevelu@wanadoo.fr;Centre communal d'action sociale (CCAS) - Saint-Jean-de-Chevelu;73
contact@mairielepoujolsurorb.fr;Centre communal d'action sociale (CCAS) - Le Poujol-sur-Orb;34
service.solidarite@la-wantzenau.fr;Centre communal d'action sociale (CCAS) - La Wantzenau;67
mairie.grosrouvre@wanadoo.fr;Centre communal d'action sociale (CCAS) - Grosrouvre;78
ccas@mairie-dammarie-les-lys.fr;Centre communal d'action sociale (CCAS) - Dammarie-les-Lys;77
commune-aubiet@orange.fr;Centre communal d'action sociale (CCAS) - Aubiet;32
mairie@saintcoulomb.com;Centre communal d'action sociale (CCAS) - Saint-Coulomb;35
ccas@mairie-baud.fr;Centre communal d'action sociale (CCAS) - Baud;56
social@lesavenieres.fr;Centre communal d'action sociale (CCAS) - Les Avenières Veyrins-Thuellin;38
mairie.lethieulin@wanadoo.fr;Centre communal d'action sociale (CCAS) - Le Thieulin;28
accueil@ccas-grasse.fr;Centre communal d'action sociale (CCAS) - Grasse;06
ccas@rochechouart.com;Centre communal d'action sociale (CCAS) - Rochechouart;87
mairie.etreillers@wanadoo.fr;Centre communal d'action sociale (CCAS) - Étreillers;02
mairiebiars@wanadoo.fr;Centre communal d'action sociale (CCAS) - Biars-sur-Cère;46
contact@ville-longuejumelles.fr;Centre communal d'action sociale (CCAS) - Longué-Jumelles;49
ccas@fontvieille.fr;Centre communal d'action sociale (CCAS) - Fontvieille;13
ccas-accueil@ville-persan.fr;Centre communal d'action sociale (CCAS) - Persan;95
info@geudertheim.fr;Centre communal d'action sociale (CCAS) - Geudertheim;67
thuit-signol@wanadoo.fr;Centre communal d'action sociale (CCAS) - Le Thuit de l'Oison;27
accueil2@aubord.fr;Centre communal d'action sociale (CCAS) - Aubord;30
mairie.massay@orange.fr;Centre communal d'action sociale (CCAS) - Massay;18
ccas@rivesduloirenanjou.fr;Centre communal d'action sociale (CCAS) - Rives-du-Loir-en-Anjou;49
mairie.dangeau@wanadoo.fr;Centre communal d'action sociale (CCAS) - Dangeau;28
administration@ciaspaysdopale.fr;Centre intercommunal d'action sociale (CIAS) du Pays d'Opale;62
mairie@lacerlangue.fr;Centre communal d'action sociale (CCAS) - La Cerlangue;76
accueil@mairie-menthon.fr;Centre communal d'action sociale (CCAS) - Menthon-Saint-Bernard;74
mairie.mesnil-aubry@wanadoo.fr;Centre communal d'action sociale (CCAS) - Le Mesnil-Aubry;95
courrier@mairie-croisilles.fr;Centre communal d'action sociale (CCAS) - Croisilles Pas-de-calais;62
mairie@chezyenorxois.fr;Centre communal d'action sociale (CCAS) - Chézy-en-Orxois;02
mairie.chalmoux@orange.fr;Centre communal d'action sociale (CCAS) - Chalmoux;71
mairie.stmichelsurmeurthe@wanadoo.fr;Centre communal d'action sociale (CCAS) - Saint-Michel-sur-Meurthe;88
mairie-matzenheim@wanadoo.fr;Centre communal d'action sociale (CCAS) - Matzenheim;67
mairie@pullay.fr;Centre communal d'action sociale (CCAS) - Pullay;27
servicesocial@annonay.fr;Centre communal d'action sociale (CCAS) - Annonay;07
lameac@wanadoo.fr;Centre communal d'action sociale (CCAS) - Laméac;65
contact@chamborigaud.com;Centre communal d'action sociale (CCAS) - Chamborigaud;30
mairie.blennes@wanadoo.fr;Centre communal d'action sociale (CCAS) - Blennes;77
ccas@sappey-mairie.fr;Centre communal d'action sociale (CCAS) - Le Sappey-En-Chartreuse;38
ccas@bellegarde.fr;Centre communal d'action sociale (CCAS) - Bellegarde Gard;30
mairie@le-langon.fr;Centre communal d'action sociale (CCAS) - Le Langon;85
mairie@pouzols-dherault.fr;Centre communal d'action sociale (CCAS) - Pouzols;34
ccas@ccas-lattes.fr;Centre communal d'action sociale (CCAS) - Lattes;34
contact@angliers.fr;Centre communal d'action sociale (CCAS) - Angliers;17
mairie@vezinsdelevezou.fr;Centre communal d'action sociale (CCAS) - Vézins-de-Lévézou;12
ccas@yerres.fr;Centre communal d'action sociale (CCAS) - Yerres;91
dgccas@mairie-trouville-sur-mer.fr;Centre communal d'action sociale (CCAS) - Trouville-sur-Mer;14
secretariat@mairie-stdenis.fr;Centre communal d'action sociale (CCAS) - Saint-Denis-en-Bugey;01
prevention.seniors@cc-coeurdegaronne.fr;Centre intercommunal d'action sociale (CIAS) - Coeur de Garonne;31
champlin.mairie@wanadoo.fr;Centre communal d'action sociale (CCAS) - Champlin;08
sauvimontgers@orange.fr;Centre communal d'action sociale (CCAS) - Sauvimont;32
mairie@saintjuliendusault.fr;Centre communal d'action sociale (CCAS) - Saint-Julien-du-Sault;89
communecourcy@orange.fr;Centre communal d'action sociale (CCAS) - Courcy;51
ccas@champagnole.com;Centre communal d'action sociale (CCAS) - Champagnole;39
mairie@letignet.fr;Centre communal d'action sociale (CCAS) - Le Tignet;06
courrier@territoiresvendomois.fr;Centre communal d'action sociale (CCAS) - Vendôme;41
mairie.sendets@wanadoo.fr;Centre communal d'action sociale (CCAS) - Sendets;64
mairie.rozelieures@gmail.com;Centre communal d'action sociale (CCAS) - Rozelieures;54
mairie.pontfaverger@wanadoo.fr;Centre communal d'action sociale (CCAS) - Pontfaverger-Moronvilliers;51
mairie.laferee@orange.fr;Centre communal d'action sociale (CCAS) - La Férée;08
mairie@saint-thuriau.bzh;Centre communal d'action sociale (CCAS) - Saint-Thuriau;56
mairie.hennemont55@wanadoo.fr;Centre communal d'action sociale (CCAS) - Hennemont;55
mairie-malijai@wanadoo.fr;Centre communal d'action sociale (CCAS) - Malijai;04
contact-mairie@vix.fr;Centre communal d'action sociale (CCAS) - Vix;85
mairiecentre@avdr.fr;Centre communal d'action sociale (CCAS) - Athis-Val de Rouvre;61
accueil@ville-de-fontainenotredame-59.fr;Centre communal d'action sociale (CCAS) - Fontaine-Notre-Dame;59
mairie@treffieux.fr;Centre communal d'action sociale (CCAS) - Treffieux;44
mairie@kernilis.bzh;Centre communal d'action sociale (CCAS) - Kernilis;29
ccas@mairie-montsaintmartin.fr;Centre communal d'action sociale (CCAS) - Mont-Saint-Martin;54
ccasbompas@gmail.com;Centre communal d'action sociale (CCAS) - Bompas;66
ccas@ville-bassens.fr;Centre communal d'action sociale (CCAS) - Bassens Gironde;33
mairie-de-jacque@orange.fr;Centre communal d'action sociale (CCAS) - Jacque;65
mairiecharmeslagrande@orange.fr;Centre communal d'action sociale (CCAS) - Charmes-la-Grande;52
wambercourt.mairie@orange.fr;Centre communal d'action sociale (CCAS) - Wambercourt;62
st-georges.mairie@orange.fr;Centre communal d'action sociale (CCAS) - Saint-Georges-Nigremont;23
mairie-notre-dame-de-londres@wanadoo.fr;Centre communal d'action sociale (CCAS) - Notre-Dame-de-Londres;34
mairie.ungersheim@wanadoo.fr;Centre communal d'action sociale (CCAS) - Ungersheim;68
mairie.hurigny71@orange.fr;Centre communal d'action sociale (CCAS) - Hurigny;71
ccas@mairie-buc.fr;Centre communal d'action sociale (CCAS) - Buc;78
mairie.ccas@lile-saint-denis.fr;Centre communal d'action sociale (CCAS) - L'Île-Saint-Denis;93
communelepondy@wanadoo.fr;Centre communal d'action sociale (CCAS) - Le Pondy;18
mairie.buzancais@buzancais.fr;Centre communal d'action sociale (CCAS) - Buzançais;36
contact@mairie-filain.fr;Centre communal d'action sociale (CCAS) - Filain;70
ccas-perigueux@wanadoo.fr;Centre communal d'action sociale (CCAS) - Sanilhac;24
mouledous.cne@wanadoo.fr;Centre communal d'action sociale (CCAS) - Moulédous;65
mairie.ger@wanadoo.fr;Centre communal d'action sociale (CCAS) - Ger Pyrénées-atlantiques;64
contact@caux.fr;Centre communal d'action sociale (CCAS) - Caux;34
mairie.st.quentin.de.blavou@wanadoo.fr;Centre communal d'action sociale (CCAS) - Saint-Quentin-de-Blavou;61
mairiedebousies@wanadoo.fr;Centre communal d'action sociale (CCAS) - Bousies;59
mairie@epouville.com;Centre communal d'action sociale (CCAS) - Épouville;76
mairie@peille.fr;Centre communal d'action sociale (CCAS) - Peille;06
mairie-chauche@wanadoo.fr;Centre communal d'action sociale (CCAS) - Chauché;85
mairieflinsneuveeglise@orange.fr;Centre communal d'action sociale (CCAS) - Flins-Neuve-Église;78
public@mairie-noisiel.fr;Centre communal d'action sociale (CCAS) - Noisiel;77
mairie.ahun@wanadoo.fr;Centre communal d'action sociale (CCAS) - Ahun;23
mairie@ampuis.com;Centre communal d'action sociale (CCAS) - Ampuis;69
mairie@surbourg.fr;Centre communal d'action sociale (CCAS) - Surbourg;67
mairie.combaillaux@wanadoo.fr;Centre communal d'action sociale (CCAS) - Combaillaux;34
directeurgeneral@ville-horbourg-wihr.fr;Centre communal d'action sociale (CCAS) - Fortschwihr;68
ccas@mairie-audenge.fr;Centre communal d'action sociale (CCAS) - Audenge;33
mairie-avignonet-lauragais@orange.fr;Centre communal d'action sociale (CCAS) - Avignonet-Lauragais;31
contact@montgivray.fr;Centre communal d'action sociale (CCAS) - Montgivray;36
contact@bievres.fr;Centre communal d'action sociale (CCAS) - Bièvres;91
mairie@soues.fr;Centre communal d'action sociale (CCAS) - Soues;65
contactmairie@sumene.fr;Centre communal d'action sociale (CCAS) - Sumène;30
social@nivillac.fr;Centre communal d'action sociale (CCAS) - Nivillac;56
service-social@ville-romagnat.fr;Centre communal d'action sociale (CCAS) - Romagnat;63
mairie@arcsousmontenot.fr;Centre communal d'action sociale (CCAS) - Arc-sous-Montenot;25
mairie@sexcles.fr;Centre communal d'action sociale (CCAS) - Sexcles;19
mairie-de-semboues@outlook.fr;Centre communal d'action sociale (CCAS) - Sembouès;32
contact@mairie-allarmont.fr;Centre communal d'action sociale (CCAS) - Allarmont;88
mairie@mairie-mayet.fr;Centre communal d'action sociale (CCAS) - Mayet;72
mairie-hohengoeft@wanadoo.fr;Centre communal d'action sociale (CCAS) - Hohengœft;67
mairie@plouneventer.fr;Centre communal d'action sociale (CCAS) - Plounéventer;29
mairie@cresserons.fr;Centre communal d'action sociale (CCAS) - Cresserons;14
mairie.de.bregy@orange.fr;Centre communal d'action sociale (CCAS) - Brégy;60
ccas@bonnieres-sur-seine.com;Centre communal d'action sociale (CCAS) - Bonnières-sur-Seine;78
ccas@mairie-avirons.fr;Centre communal d'action sociale (CCAS) - Les Avirons;974
contact@villeneuvedeberg.fr;Centre communal d'action sociale (CCAS) - Villeneuve-de-Berg;07
ccas@mairie-villemandeur.fr;Centre communal d'action sociale (CCAS) - Villemandeur;45
mairie@chatel-saint-germain.fr;Centre communal d'action sociale (CCAS) - Châtel-Saint-Germain;57
mairie@vonnas.com;Centre communal d'action sociale (CCAS) - Vonnas;01
mairie@ville-donges.fr;Centre communal d'action sociale (CCAS) - Donges;44
mairie.vermenton@free.fr;Centre communal d'action sociale (CCAS) - Vermenton;89
ccas@jarny.fr;Centre communal d'action sociale (CCAS) - Jarny;54
mairie@durban.fr;Centre communal d'action sociale (CCAS) - Durban;32
mairie.bendejun@wanadoo.fr;Centre communal d'action sociale (CCAS) - Bendejun;06
mairie.de.paudy@wanadoo.fr;Centre communal d'action sociale (CCAS) - Paudy;36
ccas@saintjuliendeconcelles.fr;Centre communal d'action sociale (CCAS) - Saint-Julien-de-Concelles;44
mairie@ville-tence.fr;Centre communal d'action sociale (CCAS) - Tence;43
mairie@jouy-le-potier.fr;Centre communal d'action sociale (CCAS) - Jouy-le-Potier;45
contact@damigny.fr;Centre communal d'action sociale (CCAS) - Damigny;61
mairie@castillonlabataille.fr;Centre communal d'action sociale (CCAS) - Castillon-la-Bataille;33
mairie.cobrieux@orange.fr;Centre communal d'action sociale (CCAS) - Cobrieux;59
mairie.caumont.levente@orange.fr;Centre communal d'action sociale (CCAS) - Caumont-sur-Aure;14
saint.supplet@wanadoo.fr;Centre communal d'action sociale (CCAS) - Saint-Supplet;54
ccas@franquevillesaintpierre.com;Centre communal d'action sociale (CCAS) - Franqueville-Saint-Pierre;76
mairie@la-ville-es-nonais.fr;Centre communal d'action sociale (CCAS) - La Ville-ès-Nonais;35
secretariat@ccassaintemarie974.re;Centre communal d'action sociale (CCAS) - Sainte-Marie La Réunion;974
contact@coteauxdulizon.fr;Centre communal d'action sociale (CCAS) - Coteaux du Lizon;39
accueil@saintmalodephily.fr;Centre communal d'action sociale (CCAS) - Saint-Malo-de-Phily;35
mairie.averonbergelle@wanadoo.fr;Centre communal d'action sociale (CCAS) - Avéron-Bergelle;32
ccas@chaingy.fr;Centre communal d'action sociale (CCAS) - Chaingy;45
mairie@senneceylegrand.fr;Centre communal d'action sociale (CCAS) - Sennecey-le-Grand;71
contact@urt.fr;Centre communal d'action sociale (CCAS) - Urt;64
accueil@saint-maurice-en-gourgois.fr;Centre communal d'action sociale (CCAS) - Saint-Maurice-en-Gourgois;42
accueil-mairie@malemortducomtat.fr;Centre communal d'action sociale (CCAS) - Malemort;19
ccas@ville-romainville.fr;Centre communal d'action sociale (CCAS) - Romainville;93
accueil.mairie@mairie-lescure.fr;Centre communal d'action sociale (CCAS) - Lescure-d'Albigeois;81
accueil@villederauzan.fr;Centre communal d'action sociale (CCAS) - Rauzan;33
ccas@mairieavermes.fr;Centre communal d'action sociale (CCAS) - Avermes;03
mairie.cormeilles@wanadoo.fr;Centre communal d'action sociale (CCAS) - Cormeilles Eure;27
ccas@ville-commentry.fr;Centre communal d'action sociale (CCAS) - Commentry;03
mairie@lembach.fr;Centre communal d'action sociale (CCAS) - Lembach;67
mairiefoecy@gmail.com;Centre communal d'action sociale (CCAS) - Foëcy;18
mairie@ville-lorette.fr;Centre communal d'action sociale (CCAS) - Lorette;42
accueil@bazancourt.fr;Centre communal d'action sociale (CCAS) - Bazancourt;51
mairiedecampagnan@wanadoo.fr;Centre communal d'action sociale (CCAS) - Campagnan;34
ccasseniors@canohes.fr;Centre communal d'action sociale (CCAS) - Canohès;66
lemaire@ville-corenc.fr;Centre communal d'action sociale (CCAS) - Corenc;38
mairie@lechemin.fr;Centre communal d'action sociale (CCAS) - Le Chemin;51
mairie@arnage.fr;Centre communal d'action sociale (CCAS) - Arnage;72
mairie@gondecourt.fr;Centre communal d'action sociale (CCAS) - Gondecourt;59
mairie@ville-larocheposay.com;Centre communal d'action sociale (CCAS) - La Roche-Posay;86
commune@roquefort47.fr;Centre communal d'action sociale (CCAS) - Roquefort Lot-et-garonne;47
mairie.augerans@wanadoo.fr;Centre communal d'action sociale (CCAS) - Augerans;39
mairie@saint-clement-de-la-place.fr;Centre communal d'action sociale (CCAS) - Saint-Clément-de-la-Place;49
saint.martin.brethencourt@wanadoo.fr;Centre communal d'action sociale (CCAS) - Saint-Martin-de-Bréthencourt;78
mairie.neuilly27730@wanadoo.fr;Centre communal d'action sociale (CCAS) - Neuilly Eure;27
mairie.reuillysauvigny@wanadoo.fr;Centre communal d'action sociale (CCAS) - Reuilly-Sauvigny;02
contact@claye-souilly.fr;Centre communal d'action sociale (CCAS) - Claye-Souilly;77
mairie.indevillers25@orange.fr;Centre communal d'action sociale (CCAS) - Indevillers;25
mairie.pont-saint-pierre@wanadoo.fr;Centre communal d'action sociale (CCAS) - Pont-Saint-Pierre;27
contact@chaunay.fr;Centre communal d'action sociale (CCAS) - Chaunay;86
ccas@brumath.fr;Centre communal d'action sociale (CCAS) - Brumath;67
mairie@saintgermainsurecole.fr;Centre communal d'action sociale (CCAS) - Saint-Germain-sur-École;77
mairie@ville-bagnac.fr;Centre communal d'action sociale (CCAS) - Bagnac-sur-Célé;46
accueil@mairie.buislesbaronnies.fr;Centre communal d'action sociale (CCAS) - Buis-les-Baronnies;26
accueil@lessaintesmaries.fr;Centre communal d'action sociale (CCAS) - Saintes-Maries-de-la-Mer;13
mairie.chareil-cintrat@wanadoo.fr;Centre communal d'action sociale (CCAS) - Fourilles;03
actionsociale@ville-verson.fr;Centre communal d'action sociale (CCAS) - Verson;14
mairiemeilhan@orange.fr;Centre communal d'action sociale (CCAS) - Meilhan Gers;32
accueil.trieux@orange.fr;Centre communal d'action sociale (CCAS) - Trieux;54
accueilccas@beaupreauenmauges.fr;Centre communal d'action sociale (CCAS) - Beaupréau-en-Mauges;49
ccas@monts.fr;Centre communal d'action sociale (CCAS) - Monts;37
sens.bretagne@wanadoo.fr;Centre communal d'action sociale (CCAS) - Sens-de-Bretagne;35
ville.lavernarede@wanadoo.fr;Centre communal d'action sociale (CCAS) - La Vernarède;30
accueil@ville-aux-dames.com;Centre communal d'action sociale (CCAS) - La Ville-aux-Dames;37
ccas@ville-lamentin.fr;Centre communal d'action sociale (CCAS) - Lamentin;971
labrihe@wanadoo.fr;Centre communal d'action sociale (CCAS) - Labrihe;32
accueil.esc@gmail.com;Centre communal d'action sociale (CCAS) - Semur-en-Auxois;21
contact@ccas-capdail.fr;Centre communal d'action sociale (CCAS) - Cap-d'Ail;06
mairie.le.pradal@wanadoo.fr;Centre communal d'action sociale (CCAS) - Le Pradal;34
mairie.thiberville@wanadoo.fr;Centre communal d'action sociale (CCAS) - Thiberville;27
e-solidarite@mairie-bruges.fr;Centre communal d'action sociale (CCAS) - Bruges;33
contact@hangenbieten.fr;Centre communal d'action sociale (CCAS) - Hangenbieten;67
mairie@billy-berclau.fr;Centre communal d'action sociale (CCAS) - Billy-Berclau;62
ccas@st-etienne-montluc.net;Centre communal d'action sociale (CCAS) - Saint-Étienne-de-Montluc;44
mairie-de-duras2@orange.fr;Centre communal d'action sociale (CCAS) - Duras;47
mairie@villedevieuxhabitants.fr;Centre communal d'action sociale (CCAS) - Vieux-Habitants;971
ccas@forges-les-bains.fr;Centre communal d'action sociale (CCAS) - Forges-les-Bains;91
ccas2@mairie-bourbon.com;Centre communal d'action sociale (CCAS) - Bourbon-l'Archambault;03
mairie@ville-leportel.fr;Centre communal d'action sociale (CCAS) - Le Portel;62
mairie.magnaclaval@wanadoo.fr;Centre communal d'action sociale (CCAS) - Magnac-Laval;87
mairiecampna@wanadoo.fr;Centre communal d'action sociale (CCAS) - Conne-de-Labarde;24
population@viriat.fr;Centre communal d'action sociale (CCAS) - Viriat;01
info@asson.fr;Centre communal d'action sociale (CCAS) - Asson;64
ccas@saint-maurice-de-beynost.fr;Centre communal d'action sociale (CCAS) - Saint-Maurice-de-Beynost;01
mairie.ste.foyp@wanadoo.fr;Centre communal d'action sociale (CCAS) - Sainte-Foy-de-Peyrolières;31
fromelennes@wanadoo.fr;Centre communal d'action sociale (CCAS) - Fromelennes;08
mairie.brissay@wanadoo.fr;Centre communal d'action sociale (CCAS) - Brissay-Choigny;02
ccas@enghien95.fr;Centre communal d'action sociale (CCAS) - Enghien-les-Bains;95
mairie@lanildut.bzh;Centre communal d'action sociale (CCAS) - Lanildut;29
contact@mairie-clisson.fr;Centre communal d'action sociale (CCAS) - Clisson;44
ccas.samu-social@montelimar.fr;Centre communal d'action sociale (CCAS) - Montélimar;26
ccas@plouguerneau.bzh;Centre communal d'action sociale (CCAS) - Plouguerneau;29
ccas-barlin@orange.fr;Centre communal d'action sociale (CCAS) - Barlin;62
mairie.loire@wanadoo.fr;Centre communal d'action sociale (CCAS) - Loiré;49
contact@mairie-melay.fr;Centre communal d'action sociale (CCAS) - Melay;71
mairie.de.somloire@wanadoo.fr;Centre communal d'action sociale (CCAS) - Somloire;49
contact@mison.fr;Centre communal d'action sociale (CCAS) - Mison;04
mairie.mesnillard@orange.fr;Centre communal d'action sociale (CCAS) - Le Mesnillard;50
ccas@mairie-carquefou.fr;Centre communal d'action sociale (CCAS) - Carquefou;44
mairie@chaudon.fr;Centre communal d'action sociale (CCAS) - Chaudon;28
mairie-harbouey@orange.fr;Centre communal d'action sociale (CCAS) - Harbouey;54
mairie-realville@info82.com;Centre communal d'action sociale (CCAS) - Réalville;82
ccas@boissy-ssy.fr;Centre communal d'action sociale (CCAS) - Boissy-sous-Saint-Yon;91
mairie@selongey.fr;Centre communal d'action sociale (CCAS) - Selongey;21
contact@saint-aigulin.fr;Centre communal d'action sociale (CCAS) - Saint-Aigulin;17
mairie.tauxigny@wanadoo.fr;Centre communal d'action sociale (CCAS) - Tauxigny-Saint-Bauld;37
secretariatmairie-levier@orange.fr;Centre communal d'action sociale (CCAS) - Levier;25
mairie@ville-bellefontaine.fr;Centre communal d'action sociale (CCAS) - Bellefontaine;972
mairie@bantzenheim.fr;Centre communal d'action sociale (CCAS) - Bantzenheim;68
mairie@pompignac.fr;Centre communal d'action sociale (CCAS) - Pompignac;33
mairie@condrieu.fr;Centre communal d'action sociale (CCAS) - Condrieu;69
ccas@ville-portiragnes.fr;Centre communal d'action sociale (CCAS) - Portiragnes;34
mairie@namps-maisnil.fr;Centre communal d'action sociale (CCAS) - Namps-Maisnil;80
ccas.mairiemerville31@orange.fr;Centre communal d'action sociale (CCAS) - Merville Haute-garonne;31
ccas@scaer.bzh;Centre communal d'action sociale (CCAS) - Scaër;29
mairie@colombelles.fr;Centre communal d'action sociale (CCAS) - Colombelles;14
accueil@stmichel16470.fr;Centre communal d'action sociale (CCAS) - Saint-Michel Charente;16
mairie@truchtersheim.fr;Centre communal d'action sociale (CCAS) - Truchtersheim;67
mairie.troisfontaineslabbaye@orange.fr;Centre communal d'action sociale (CCAS) - Trois-Fontaines-l'Abbaye;51
mairie@chabanais.fr;Centre communal d'action sociale (CCAS) - Chabanais;16
mairie.beaumontenbeine@orange.fr;Centre communal d'action sociale (CCAS) - Beaumont-en-Beine;02
mairie@ville-luce.fr;Centre communal d'action sociale (CCAS) - Lucé;28
mairie@le-val-saint-germain.fr;Centre communal d'action sociale (CCAS) - Le Val-Saint-Germain;91
mairie@peipin.fr;Centre communal d'action sociale (CCAS) - Peipin;04
mairie@val-revermont.fr;Centre communal d'action sociale (CCAS) - Val-Revermont;01
mairie.trie@wanadoo.fr;Centre communal d'action sociale (CCAS) - Trie-sur-Baïse;65
contact@mairie-maxeville.fr;Centre communal d'action sociale (CCAS) - Maxéville;54
mairie@esseylesnancy.fr;Centre communal d'action sociale (CCAS) - Essey-lès-Nancy;54
mairie-cruzy-le-chatel@wanadoo.fr;Centre communal d'action sociale (CCAS) - Cruzy-le-Châtel;89
ccas@ville-soissons.fr;Centre communal d'action sociale (CCAS) - Soissons;02
mairievilleaumontois@wanadoo.fr;Centre communal d'action sociale (CCAS) - Ville-au-Montois;54
mairie.alincthun@wanadoo.fr;Centre communal d'action sociale (CCAS) - Alincthun;62
commune@mairie-salies-salat.fr;Centre communal d'action sociale (CCAS) - Salies-du-Salat;31
laran.mairie@gmail.com;Centre communal d'action sociale (CCAS) - Laran;65
centresocial@saint-cyr-sur-loire.com;Centre communal d'action sociale (CCAS) - Saint-Cyr-sur-Loire;37
mairiestso@orange.fr;Centre communal d'action sociale (CCAS) - Saint-Sorlin-en-Bugey;01
mairie.laas32@orange.fr;Centre communal d'action sociale (CCAS) - Laas;32
mairie-echauffour@wanadoo.fr;Centre communal d'action sociale (CCAS) - Échauffour;61
accueil@ville-brioude.fr;Centre communal d'action sociale (CCAS) - Brioude;43
info@ferel.fr;Centre communal d'action sociale (CCAS) - Férel Morbihan;56
mairie.st.privat@wanadoo.fr;Centre communal d'action sociale (CCAS) - Saint-Privat;07
contact@les-corvees-les-yys.fr;Centre communal d'action sociale (CCAS) - Les Corvées-les-Yys;28
mairie.houchin@wanadoo.fr;Centre communal d'action sociale (CCAS) - Houchin;62
ccas@sglc.fr;Centre communal d'action sociale (CCAS) - Saint-Germain-lès-Corbeil;91
mairie@charbonnieres71.fr;Centre communal d'action sociale (CCAS) - Charbonnières Saône-et-loire;71
mairie@metzeral.fr;Centre communal d'action sociale (CCAS) - Metzeral;68
communedemontayral@wanadoo.fr;Centre communal d'action sociale (CCAS) - Montayral;47
ccas@chablis.net;Centre communal d'action sociale (CCAS) - Chablis;89
contact@baldersheim.fr;Centre communal d'action sociale (CCAS) - Baldersheim;68
ccas@mairie-marange-silvange.fr;Centre communal d'action sociale (CCAS) - Marange-Silvange;57
mairiechapelleroyale@wanadoo.fr;Centre communal d'action sociale (CCAS) - Chapelle-Royale;28
mairie@heimsbrunn.fr;Centre communal d'action sociale (CCAS) - Heimsbrunn;68
ccas@ville-sucy.fr;Centre communal d'action sociale (CCAS) - Sucy-en-Brie;94
mairie.beauregard.leveque@wanadoo.fr;Centre communal d'action sociale (CCAS) - Beauregard-l'Évêque;63
mairie@erceenlamee.fr;Centre communal d'action sociale (CCAS) - Ercé-en-Lamée;35
ccas@lafarelesoliviers.fr;Centre communal d'action sociale (CCAS) - La Fare-les-Oliviers;13
mairie@porteduried.fr;Centre communal d'action sociale (CCAS) - Porte du Ried;68
comsaintpalais@cdg-64.fr;Centre communal d'action sociale (CCAS) - Saint-Palais Pyrénées-atlantiques;64
contact@portdenvaux.fr;Centre communal d'action sociale (CCAS) - Port-d'Envaux;17
ccas@ville-corte.fr;Centre communal d'action sociale (CCAS) - Corte;2B
mairie@preignac.fr;Centre communal d'action sociale (CCAS) - Preignac;33
mairie.chevillon@wanadoo.fr;Centre communal d'action sociale (CCAS) - Chevillon;52
ccas@villedupre.fr;Centre communal d'action sociale (CCAS) - Le Pré-Saint-Gervais;93
mairie@saintbrieucdesiffs.fr;Centre communal d'action sociale (CCAS) - Saint-Brieuc-des-Iffs;35
ccas@mairie-sp3c.fr;Centre communal d'action sociale (CCAS) - Saint-Paul-Trois-Châteaux;26
mairie.stsylvestredecormeilles@laposte.net;Centre communal d'action sociale (CCAS) - Saint-Sylvestre-de-Cormeilles;27
comarberats@cdg-64.fr;Centre communal d'action sociale (CCAS) - Arbérats-Sillègue;64
mairie@villaz.fr;Centre communal d'action sociale (CCAS) - Villaz;74
contact@lanuejols.fr;Centre communal d'action sociale (CCAS) - Lanuéjols;30
ccas@meyzieu.fr;Centre communal d'action sociale (CCAS) - Meyzieu;69
contact@lacoutureboussey.fr;Centre communal d'action sociale (CCAS) - La Couture-Boussey;27
resp-ccas.emploi@mairie-eyguieres.fr;Centre communal d'action sociale (CCAS) - Eyguières;13
mairie.stsamson@wanadoo.fr;Centre communal d'action sociale (CCAS) - Pré-en-Pail-Saint-Samson;53
mairie.boussenois@wanadoo.fr;Centre communal d'action sociale (CCAS) - Boussenois;21
services.municipaux@ville-vanves.fr;Centre communal d'action sociale (CCAS) - Vanves;92
mairie.montchal@wanadoo.fr;Centre communal d'action sociale (CCAS) - Montchal;42
socialmairiehsc@orange.fr;Centre communal d'action sociale (CCAS) - Huisseau-sur-Cosson;41
accueil.ccas@mairie-muret.fr;Centre communal d'action sociale (CCAS) - Muret;31
accueil@mairie-deulemont.fr;Centre communal d'action sociale (CCAS) - Deûlémont;59
mairie@nagesetsolorgues.fr;Centre communal d'action sociale (CCAS) - Nages-et-Solorgues;30
mairie.chaulnes@wanadoo.fr;Centre communal d'action sociale (CCAS) - Chaulnes;80
ccas@aimargues.fr;Centre communal d'action sociale (CCAS) - Aimargues;30
mairiedebierne@wanadoo.fr;Centre communal d'action sociale (CCAS) - Bierne;59
mairie@deux-grosnes.fr;Centre communal d'action sociale (CCAS) - Deux-Grosnes;69
domjevin.mairie@orange.fr;Centre communal d'action sociale (CCAS) - Domjevin;54
secretariat@fontaine-etoupefour.fr;Centre communal d'action sociale (CCAS) - Fontaine-Étoupefour;14
mairie.moult@wanadoo.fr;Centre communal d'action sociale (CCAS) - Moult-Chicheboville;14
mairie.st.malon.sur.mel@wanadoo.fr;Centre communal d'action sociale (CCAS) - Saint-Malon-sur-Mel;35
ccas@lyshautlayon.fr;Centre communal d'action sociale (CCAS) - Lys-Haut-Layon;49
ccas.scolaire@mundolsheim.fr;Centre communal d'action sociale (CCAS) - Mundolsheim;67
mairie.villeneuvedupareage@wanadoo.fr;Centre communal d'action sociale (CCAS) - Villeneuve-du-Paréage;09
mairie@legavre.fr;Centre communal d'action sociale (CCAS) - Le Gâvre;44
mairie@ville-stnicolas82.fr;Centre communal d'action sociale (CCAS) - Saint-Nicolas-de-la-Grave;82
contact@mairiedetavel.fr;Centre communal d'action sociale (CCAS) - Tavel;30
ccas@mairie2alpes.fr;Centre communal d'action sociale (CCAS) - Les Deux Alpes;38
solidarites@lagord.fr;Centre communal d'action sociale (CCAS) - Lagord;17
ccas@cluses.fr;Centre communal d'action sociale (CCAS) - Cluses;74
mairiepeyrussegrande@orange.fr;Centre communal d'action sociale (CCAS) - Peyrusse-Grande;32
ville-de-verquin@orange.fr;Centre communal d'action sociale (CCAS) - Verquin;62
mairie@limetz-villez.fr;Centre communal d'action sociale (CCAS) - Limetz-Villez;78
communedebeugin@gmail.com;Centre communal d'action sociale (CCAS) - Beugin;62
mairie.heuringhem@wanadoo.fr;Centre communal d'action sociale (CCAS) - Heuringhem;62
mairiedesaintgermainlesbelles@orange.fr;Centre communal d'action sociale (CCAS) - Saint-Germain-les-Belles;87
secretariat@mairie-sgo.fr;Centre communal d'action sociale (CCAS) - Saint-Georges Guyane;973
commune.izotges@wanadoo.fr;Centre communal d'action sociale (CCAS) - Izotges;32
mairie.letiercent@wanadoo.fr;Centre communal d'action sociale (CCAS) - Le Tiercent;35
mairie.commune-barenton-cel@wanadoo.fr;Centre communal d'action sociale (CCAS) - Barenton-Cel;02
mairie.ognon@wanadoo.fr;Centre communal d'action sociale (CCAS);60
commune-de-sessenheim@orange.fr;Centre communal d'action sociale (CCAS) - Sessenheim;67
mairie-annexe@villers.fr;Centre communal d'action sociale (CCAS) - Villers-sur-Mer;14
courrier@portsaintlouis.fr;Centre communal d'action sociale (CCAS) - Port-Saint-Louis-du-Rhône;13
accueil@marcyletoile.fr;Centre communal d'action sociale (CCAS) - Marcy-l'Étoile;69
mairie@aspach-michelbach.fr;Centre communal d'action sociale (CCAS) - Aspach-Michelbach;68
mairie.chalon@entre-bievreetrhone.fr;Centre communal d'action sociale (CCAS) - Chalon;38
mairiedetolla@orange.fr;Centre communal d'action sociale (CCAS) - Tolla;2A
ccas@mer41.fr;Centre communal d'action sociale (CCAS) - Saint-Dyé-sur-Loire;41
mairie@saint-heand.fr;Centre communal d'action sociale (CCAS) - Saint-Héand;42
mairie-essoyes@wanadoo.fr;Centre communal d'action sociale (CCAS) - Essoyes;10
mairie.de.ferrieres54@wanadoo.fr;Centre communal d'action sociale (CCAS) - Ferrières;54
mairie.marolles@wanadoo.fr;Centre communal d'action sociale (CCAS) - Marolles-les-Braults;72
mairie.camelin@wanadoo.fr;Centre communal d'action sociale (CCAS) - Camelin;02
ccas@vidauban.fr;Centre communal d'action sociale (CCAS) - Vidauban;83
contact@etrepilly.fr;Centre communal d'action sociale (CCAS) - Étrépilly;77
ccas@leperreux94.fr;Centre communal d'action sociale (CCAS) - Le Perreux-sur-Marne;94
commune.andelain@wanadoo.fr;Centre communal d'action sociale (CCAS) - Nouvion-le-Comte;02
contact@pornic.fr;Centre communal d'action sociale (CCAS) - Villeneuve-en-Retz;44
mairie@ville-saint-avertin.fr;Centre communal d'action sociale (CCAS) - Saint-Avertin;37
commune-de-cercottes@orange.fr;Centre communal d'action sociale (CCAS) - Cercottes;45
mairie-aurensan@orange.fr;Centre communal d'action sociale (CCAS) - Aurensan;32
mairie.eecke@wanadoo.fr;Centre communal d'action sociale (CCAS) - Eecke;59
mairieguilly36@orange.fr;Centre communal d'action sociale (CCAS) - Guilly;36
mairie@blere-touraine.com;Centre communal d'action sociale (CCAS) - Bléré;37
mairieillierlaramade@orange.fr;Centre communal d'action sociale (CCAS) - Illier-et-Laramade;09
ville.cosnedallier@orange.fr;Centre communal d'action sociale (CCAS) - Cosne-d'Allier;03
social@vulaines-sur-seine.fr;Centre communal d'action sociale (CCAS) - Vulaines-sur-Seine;77
accueil@mairie-villarembert.fr;Centre communal d'action sociale (CCAS) - Villarembert;73
mairiemoulinneuf@wanadoo.fr;Centre communal d'action sociale (CCAS) - Moulin-Neuf;09
lacapelle.mairie@wanadoo.fr;Centre communal d'action sociale (CCAS) - Lacapelle-Marival;46
mairiedeoiry@wanadoo.fr;Centre communal d'action sociale (CCAS) - Oiry;51
accueil.mairie@ville-premery.fr;Centre communal d'action sociale (CCAS) - Prémery;58
contact@rouille.fr;Centre communal d'action sociale (CCAS) - Rouillé;86
commune-de-ris@orange.fr;Centre communal d'action sociale (CCAS) - Ris;65
mairie.bellouenhoulme@wanadoo.fr;Centre communal d'action sociale (CCAS) - Bellou-en-Houlme;61
ccas.lamadeleine@gmail.com;Centre communal d'action sociale (CCAS) - La Madeleine;59
mairie@ville-trevieres.fr;Centre communal d'action sociale (CCAS) - Trévières;14
ville.gace@wanadoo.fr;Centre communal d'action sociale (CCAS) - Gacé;61
mairie@courpalay.fr;Centre communal d'action sociale (CCAS) - Courpalay;77
mairieletemple@collectivite47.fr;Centre communal d'action sociale (CCAS) - Le Temple-sur-Lot;47
ccas@bandrele.yt;Centre communal d'action sociale (CCAS) - Bandrele;976
accueil@braine.fr;Centre communal d'action sociale (CCAS) - Braine;02
contact@ville-de-seyresse.fr;Centre communal d'action sociale (CCAS) - Seyresse;40
mairie.routot@wanadoo.fr;Centre communal d'action sociale (CCAS) - Routot;27
ccas@plateauhauteville.fr;Centre communal d'action sociale (CCAS) - Plateau d'Hauteville;01
ccas@le-lavandou.fr;Centre communal d'action sociale (CCAS) - Le Lavandou;83
ccas@plouezec.bzh;Centre communal d'action sociale (CCAS) - Plouézec;22
contact@mairie-waziers.fr;Centre communal d'action sociale (CCAS) - Waziers;59
mairie.sorneville@orange.fr;Centre communal d'action sociale (CCAS) - Sornéville;54
mairie-autheuil-authouillet@wanadoo.fr;Centre communal d'action sociale (CCAS) - Autheuil-Authouillet;27
commune.stsigismond@wanadoo.fr;Centre communal d'action sociale (CCAS) - Saint-Sigismond;85
accueil.mairie@guilliers.fr;Centre communal d'action sociale (CCAS) - Guilliers;56
ccas.fondssaint.denis@gmail.com;Centre communal d'action sociale (CCAS) - Fonds-Saint-Denis;972
secretariat@foussemagne.com;Centre communal d'action sociale (CCAS) - Foussemagne;90
bazoches.mairie@wanadoo.fr;Centre communal d'action sociale (CCAS) - Bazoches-lès-Bray;77
mairie.de.thelus@wanadoo.fr;Centre communal d'action sociale (CCAS) - Thélus;62
mairiefontenay@fontenayenparisis.fr;Centre communal d'action sociale (CCAS) - Fontenay-en-Parisis;95
mairie.stesevere@wanadoo.fr;Centre communal d'action sociale (CCAS) - Sainte-Sévère-sur-Indre;36
mairie-st-symphorien-de-marmagne@wanadoo.fr;Centre communal d'action sociale (CCAS) - Saint-Symphorien-de-Marmagne;71
mairie.dourges@wanadoo.fr;Centre communal d'action sociale (CCAS) - Dourges;62
secretariat@mairie-eperlecques.fr;Centre communal d'action sociale (CCAS) - Éperlecques;62
charbonnieres.mairie@wanadoo.fr;Centre communal d'action sociale (CCAS) - Charbonnières Eure-et-loir;28
accueil.polesocial@cluny.fr;Centre communal d'action sociale (CCAS) - Cluny;71
ccas.layrac@orange.fr;Centre communal d'action sociale (CCAS) - Layrac;47
accueilccas@courthezon.fr;Centre communal d'action sociale (CCAS) - Courthézon;84
mairie-de-monthyon@wanadoo.fr;Centre communal d'action sociale (CCAS) - Monthyon;77
secretariat@auzouer-en-touraine.fr;Centre communal d'action sociale (CCAS) - Auzouer-en-Touraine;37
courrier.mairie@ville-sesg.fr;Centre communal d'action sociale (CCAS) - Saint-Étienne-de-Saint-Geoirs;38
mairie@boulange.fr;Centre communal d'action sociale (CCAS) - Boulange;57
accueil@grayanetlhopital.fr;Centre communal d'action sociale (CCAS) - Grayan-et-l'Hôpital;33
accueil@lacaune.com;Centre communal d'action sociale (CCAS) - Lacaune;81
ccas@ville-chenove.fr;Centre communal d'action sociale (CCAS) - Chenôve;21
communemontaulin@orange.fr;Centre communal d'action sociale (CCAS) - Montaulin;10
ccas.navarrenx@laposte.net;Centre communal d'action sociale (CCAS) - Navarrenx;64
mairie-cornillelescaves@wanadoo.fr;Centre communal d'action sociale (CCAS) - Cornillé-les-Caves;49
mairie.batzendorf@wanadoo.fr;Centre communal d'action sociale (CCAS) - Batzendorf;67
mairie@coteaux-sur-loire.fr;Centre communal d'action sociale (CCAS) - Coteaux-sur-Loire;37
mairie-carembault@orange.fr;Centre communal d'action sociale (CCAS) - Camphin-en-Carembault;59
mairie@kerfourn.bzh;Centre communal d'action sociale (CCAS) - Kerfourn;56
contact@ccas-cannes.fr;Centre communal d'action sociale (CCAS) - Cannes;06
chezery@chezery.fr;Centre communal d'action sociale (CCAS) - Chézery-Forens;01
ccas.accueil@mairie-bordeaux.fr;Centre communal d'action sociale (CCAS) - Bordeaux;33
mairie@bage-dommartin.fr;Centre communal d'action sociale (CCAS) - Bâgé-Dommartin;01
mairie.stvicturnien@wanadoo.fr;Centre communal d'action sociale (CCAS) - Saint-Victurnien;87
ccas@ville-bouffemont.fr;Centre communal d'action sociale (CCAS) - Bouffémont;95
contact@ville-st-jean-bonnefonds.fr;Centre communal d'action sociale (CCAS) - Saint-Jean-Bonnefonds;42
maureillaslasillas66@orange.fr;Centre communal d'action sociale (CCAS) - Maureillas-las-Illas;66
mairie-la.salvetat.belmontet@info82.com;Centre communal d'action sociale (CCAS) - La Salvetat-Belmontet;82
communedetaillette@orange.fr;Centre communal d'action sociale (CCAS) - Taillette;08
mairie.saulny@numericable.fr;Centre communal d'action sociale (CCAS) - Saulny;57
contact@ville-cantin.fr;Centre communal d'action sociale (CCAS) - Cantin;59
mairie.dechemeryld@wanadoo.fr;Centre communal d'action sociale (CCAS) - Chémery-les-Deux;57
mairie-rue@nordnet.fr;Centre communal d'action sociale (CCAS) - Rue;80
social@ville-osny.fr;Centre communal d'action sociale (CCAS) - Osny;95
ccas@ville-louviers.fr;Centre communal d'action sociale (CCAS) - Louviers;27
mairie.roquelaure-saint-aubin.gers@wanadoo.fr;Centre communal d'action sociale (CCAS) - Roquelaure-Saint-Aubin;32
ccas@chateauneuf-les-martigues.fr;Centre communal d'action sociale (CCAS) - Châteauneuf-les-Martigues;13
direction.ccas@mairie-laciotat.fr;Centre communal d'action sociale (CCAS) - La Ciotat;13
accueil@mairie-vayres-essonne.fr;Centre communal d'action sociale (CCAS) - Vayres-sur-Essonne;91
mairiederamous@wanadoo.fr;Centre communal d'action sociale (CCAS) - Ramous;64
mairie-de-montamat@wanadoo.fr;Centre communal d'action sociale (CCAS) - Montamat;32
mairie@fournets-luisans.fr;Centre communal d'action sociale (CCAS) - Fournets-Luisans;25
mairie@arthenac.fr;Centre communal d'action sociale (CCAS) - Arthenac;17
mairie@saint-uniac.fr;Centre communal d'action sociale (CCAS) - Saint-Uniac;35
mairie.esseymaizerais@ozone.net;Centre communal d'action sociale (CCAS) - Essey-et-Maizerais;54
ccas@magny-les-hameaux.fr;Centre communal d'action sociale (CCAS) - Magny-les-Hameaux;78
accueil.pirou@wanadoo.fr;Centre communal d'action sociale (CCAS) - Pirou;50
mairie@ville-sgla.fr;Centre communal d'action sociale (CCAS) - Saint-Germain-lès-Arpajon;91
secretariat@mairie-chabeuil.fr;Centre communal d'action sociale (CCAS) - Chabeuil;26
mairie.longueville@wanadoo.fr;Centre communal d'action sociale (CCAS) - Longueville;77
mairie.fretigney@wanadoo.fr;Centre communal d'action sociale (CCAS) - Fretigney-et-Velloreille;70
mairie@augan.fr;Centre communal d'action sociale (CCAS) - Augan;56
mairie@mairie-brie.fr;Centre communal d'action sociale (CCAS) - Brie;16
mairie@saintdenisenval.com;Centre communal d'action sociale (CCAS) - Saint-Denis-en-Val;45
mairie.meljac@wanadoo.fr;Centre communal d'action sociale (CCAS) - Meljac;12
aidesociale@felletin.fr;Centre communal d'action sociale (CCAS) - Felletin;23
mairie.brigueuil.16@wanadoo.fr;Centre communal d'action sociale (CCAS) - Brigueuil;16
ccas@briecomterobert.fr;Centre communal d'action sociale (CCAS) - Brie-Comte-Robert;77
ccas@ville-pontarlier.com;Centre communal d'action sociale (CCAS) - Pontarlier;25
population@marignier.fr;Centre communal d'action sociale (CCAS) - Marignier;74
mairie@chatillon-sur-chalaronne.org;Centre communal d'action sociale (CCAS) - Châtillon-sur-Chalaronne;01
contact@saintdenissurloire.fr;Centre communal d'action sociale (CCAS) - Saint-Denis-sur-Loire;41
infos@pommeuse.org;Centre communal d'action sociale (CCAS) - Pommeuse;77
ccas@bernieres-sur-mer.com;Centre communal d'action sociale (CCAS) - Bernières-sur-Mer;14
mairie@montfortlegesnois.fr;Centre communal d'action sociale (CCAS) - Montfort-le-Gesnois;72
mairie@creney.fr;Centre communal d'action sociale (CCAS) - Creney-près-Troyes;10
ccas.mandataire@letangsale.fr;Centre communal d'action sociale (CCAS) - L'Étang-Salé;974
commune-de-luceram@wanadoo.fr;Centre communal d'action sociale (CCAS) - Lucéram;06
mairie@shb30.com;Centre communal d'action sociale (CCAS) - Saint-Hilaire-de-Brethmas;30
mairie.montmirail@wanadoo.fr;Centre communal d'action sociale (CCAS) - Montmirail;51
mairie.stcricq@wanadoo.fr;Centre communal d'action sociale (CCAS) - Saint-Cricq;32
mairie@scherwiller.fr;Centre communal d'action sociale (CCAS) - Scherwiller;67
mairie@widensolen.fr;Centre communal d'action sociale (CCAS) - Widensolen;68
mairie@nantua.fr;Centre communal d'action sociale (CCAS) - Nantua;01
mairie.lantefontaine@ornethd.fr;Centre communal d'action sociale (CCAS) - Lantéfontaine;54
accueil@pignans.fr;Centre communal d'action sociale (CCAS) - Pignans;83
mairie.siran@orange.fr;Centre communal d'action sociale (CCAS) - Siran;34
mairie-de-launac@wanadoo.fr;Centre communal d'action sociale (CCAS) - Launac;31
contact@mairie-savignylesbeaune.com;Centre communal d'action sociale (CCAS) - Savigny-lès-Beaune;21
accueil.ccas@arpajon91.fr;Centre communal d'action sociale (CCAS) - Arpajon;91
mairie@fougere.fr;Centre communal d'action sociale (CCAS) - Fougeré;85
ccas@port-sainte-foy.info;Centre communal d'action sociale (CCAS) - Port-Sainte-Foy-et-Ponchapt;24
mairie.erre1@cegetel.net;Centre communal d'action sociale (CCAS) - Erre;59
contact.lebouscat@bouscat.fr;Centre communal d'action sociale (CCAS) - Le Bouscat;33
polesolidarite@mairie-moyeuvre-grande.fr;Centre communal d'action sociale (CCAS) - Moyeuvre-Grande;57
mairie@greoux-les-bains.com;Centre communal d'action sociale (CCAS) - Gréoux-les-Bains;04
contact@viellesaintgirons.fr;Centre communal d'action sociale (CCAS) - Vielle-Saint-Girons;40
action.sociale@villeambes.fr;Centre communal d'action sociale (CCAS) - Ambès;33
mairie@izernore.fr;Centre communal d'action sociale (CCAS) - Izernore;01
ccas@montrevaultsurevre.fr;Centre communal d'action sociale (CCAS) - Montrevault-sur-Èvre;49
mairie@mairie-cras-sur-reyssouze.fr;Centre communal d'action sociale (CCAS) - Bresse Vallons;01
mairie@saintjossesurmer.fr;Centre communal d'action sociale (CCAS) - Saint-Josse;62
contact@mairie-lelamentin.fr;Centre communal d'action sociale (CCAS) - Le Lamentin;972
mairie@fressesurmoselle.fr;Centre communal d'action sociale (CCAS) - Fresse-sur-Moselle;88
ccas.accueil@villefleurance.fr;Centre communal d'action sociale (CCAS) - Fleurance;32
accueil@briec.bzh;Centre communal d'action sociale (CCAS) - Briec;29
mairie.remilly-wirquin@wanadoo.fr;Centre communal d'action sociale (CCAS) - Remilly-Wirquin;62
mairie@saintgeniesdecomolas.fr;Centre communal d'action sociale (CCAS) - Saint-Geniès-de-Comolas;30
mairie.st.laurent@wanadoo.fr;Centre communal d'action sociale (CCAS) - Saint-Laurent;18
ccas@cabourg.fr;Centre communal d'action sociale (CCAS) - Cabourg;14
ccas@mairie-seilh.fr;Centre communal d'action sociale (CCAS) - Seilh;31
sg@mairiedebolquere.com;Centre communal d'action sociale (CCAS) - Bolquère;66
communede-foucarmont@wanadoo.fr;Centre communal d'action sociale (CCAS) - Foucarmont;76
accueil@larochefoucauldenangoumois.fr;Centre communal d'action sociale (CCAS) - La Rochefoucauld-en-Angoumois;16
mairiepessans@orange.fr;Centre communal d'action sociale (CCAS) - Pessans;25
mairie.serempuy@gmail.com;Centre communal d'action sociale (CCAS) - Sérempuy;32
mairie@maizeroy.net;Centre communal d'action sociale (CCAS) - Maizeroy;57
contact@larochevineuse-mairie.fr;Centre communal d'action sociale (CCAS) - La Roche-Vineuse;71
ccas.mairie@evreux.fr;Centre communal d'action sociale (CCAS) - Évreux;27
mairie-le-ronssoy@orange.fr;Centre communal d'action sociale (CCAS) - Ronssoy;80
mairie@montmartin-sur-mer.fr;Centre communal d'action sociale (CCAS) - Montmartin-sur-Mer;50
ccas@orgon.fr;Centre communal d'action sociale (CCAS) - Orgon;13
sainte.dode@wanadoo.fr;Centre communal d'action sociale (CCAS) - Sainte-Dode;32
accueilccasbeynes@wanadoo.fr;Centre communal d'action sociale (CCAS) - Beynes;78
mairie.casseneuil@wanadoo.fr;Centre communal d'action sociale (CCAS) - Casseneuil;47
sad.sap@cc-paysgrenadois.fr;Centre intercommunal d'action sociale (CIAS) du Pays Grenadois;40
mairie.banvou@wanadoo.fr;Centre communal d'action sociale (CCAS) - Banvou;61
mairie.equihen.plage@wanadoo.fr;Centre communal d'action sociale (CCAS) - Équihen-Plage;62
ccas@marseillan.com;Centre communal d'action sociale (CCAS) - Marseillan Hérault;34
mairiedalzonne@wanadoo.fr;Centre communal d'action sociale (CCAS) - Alzonne;11
mairie-st-venant@wanadoo.fr;Centre communal d'action sociale (CCAS) - Saint-Venant;62
mairie@stthurial.fr;Centre communal d'action sociale (CCAS) - Saint-Thurial;35
vie.sociale@soucieu-en-jarrest.fr;Centre communal d'action sociale (CCAS) - Soucieu-en-Jarrest;69
mairie84750@orange.fr;Centre communal d'action sociale (CCAS) - Caseneuve;84
accueil-mairie@mairie-luchon.fr;Centre communal d'action sociale (CCAS) - Bagnères-de-Luchon;31
mairie.chenevieres@wanadoo.fr;Centre communal d'action sociale (CCAS) - Chenevières;54
mairie.espinasses@wanadoo.fr;Centre communal d'action sociale (CCAS) - Espinasses;05
marie@duttlenheim.fr;Centre communal d'action sociale (CCAS) - Duttlenheim;67
mairie.de.diconne@gmx.fr;Centre communal d'action sociale (CCAS) - Diconne;71
mairie-dalstein@wanadoo.fr;Centre communal d'action sociale (CCAS) - Dalstein;57
mairie-de-zoufftgen@wanadoo.fr;Centre communal d'action sociale (CCAS) - Zoufftgen;57
accueil@saintsulpicedefaleyrens.com;Centre communal d'action sociale (CCAS) - Saint-Sulpice-de-Faleyrens;33
mairie@ndoe.fr;Centre communal d'action sociale (CCAS) - Notre-Dame-d'Oé;37
remenoville.mairie@wanadoo.fr;Centre communal d'action sociale (CCAS) - Remenoville;54
mairie@ville-thil54.fr;Centre communal d'action sociale (CCAS) - Thil Meurthe-et-Moselle;54
secretariat@mairie-cauge.fr;Centre communal d'action sociale (CCAS) - Caugé;27
mairie.saint-benoit-10@wanadoo.fr;Centre communal d'action sociale (CCAS) - Saint-Benoît-sur-Seine;10
ccas.sainteterre@orange.fr;Centre communal d'action sociale (CCAS) - Sainte-Terre;33
accueil@bourg-gironde.fr;Centre communal d'action sociale (CCAS) - Bourg;33
contact@ville-plerin.fr;Centre communal d'action sociale (CCAS) - Plérin;22
mairie@kilstett.fr;Centre communal d'action sociale (CCAS) - Kilstett;67
mairie.montreuildeslandes@wanadoo.fr;Centre communal d'action sociale (CCAS) - Montreuil Seine-Saint-Denis;93
info@ville-biard.fr;Centre communal d'action sociale (CCAS) - Biard;86
secretariat@mairie-lamonnerielemontel.fr;Centre communal d'action sociale (CCAS) - La Monnerie-le-Montel;63
ccas@savigny.org;Centre communal d'action sociale (CCAS) - Savigny-sur-Orge;91
accueil@mirecourt.fr;Centre communal d'action sociale (CCAS) - Mirecourt;88
mairie.moulhard@wanadoo.fr;Centre communal d'action sociale (CCAS) - Moulhard;28
mairie.cernay@wanadoo.fr;Centre communal d'action sociale (CCAS) - Cernay Vienne;86
contact@villedemourmelonlegrand.fr;Centre communal d'action sociale (CCAS) - Mourmelon-le-Grand;51
contact@ville-isbergues.fr;Centre communal d'action sociale (CCAS) - Isbergues;62
ccas@ville-pantin.fr;Centre communal d'action sociale (CCAS) - Pantin;93
ccas@mairie-pibrac.fr;Centre communal d'action sociale (CCAS) - Pibrac;31
contact@vourles.fr;Centre communal d'action sociale (CCAS) - Vourles;69
mairie@montpezatsousbauzon.fr;Centre communal d'action sociale (CCAS) - Montpezat-sous-Bauzon;07
dgs@saintmherve.fr;Centre communal d'action sociale (CCAS) - Saint-M'Hervé;35
mairie-nouvion@orange.fr;Centre communal d'action sociale (CCAS) - Le Nouvion-en-Thiérache;02
mairie@melgven.fr;Centre communal d'action sociale (CCAS) - Melgven;29
mairiebl@west-telecom.com;Centre communal d'action sociale (CCAS) - Marby;08
mairie.stouendepontcheuil@wanadoo.fr;Centre communal d'action sociale (CCAS) - Saint-Ouen-de-Pontcheuil;27
mairie.concressault@orange.fr;Centre communal d'action sociale (CCAS) - Concressault;18
mairie@bourg-la-reine.fr;Centre communal d'action sociale (CCAS) - Bourg-la-Reine;92
mairie@stpaul.fr;Centre communal d'action sociale (CCAS) - Saint-Paul-lès-Durance;13
mairie@romilly-sur-andelle.fr;Centre communal d'action sociale (CCAS) - Romilly-sur-Andelle;27
mairie@stggroseillers.fr;Centre communal d'action sociale (CCAS) - Saint-Georges-des-Groseillers;61
mairie.hostens@gmail.com;Centre communal d'action sociale (CCAS) - Hostens;33
accueil@meryesbois.fr;Centre communal d'action sociale (CCAS) - Méry-ès-Bois;18
commune.de.sibiril@wanadoo.fr;Centre communal d'action sociale (CCAS) - Sibiril;29
mairie@monferran-saves.fr;Centre communal d'action sociale (CCAS) - Monferran-Savès;32
contact@mairie-mondouzil.fr;Centre communal d'action sociale (CCAS) - Mondouzil;31
contact@rognes.fr;Centre communal d'action sociale (CCAS) - Rognes;13
accueil@mairiedesaillans26.fr;Centre communal d'action sociale (CCAS) - Saillans;26
mairie@nouanlefuzelier.com;Centre communal d'action sociale (CCAS) - Nouan-le-Fuzelier;41
mairie.prouilly@wanadoo.fr;Centre communal d'action sociale (CCAS) - Prouilly;51
contact@stgeorgesrlt.org;Centre communal d'action sociale (CCAS) - Saint-Georges-de-Reintembault;35
mairie@plouasne.fr;Centre communal d'action sociale (CCAS) - Plouasne;22
mairie-de-st-clement2@wanadoo.fr;Centre communal d'action sociale (CCAS) - Saint-Clément;54
mairie@collias.fr;Centre communal d'action sociale (CCAS) - Collias;30
mairie.dechy@wanadoo.fr;Centre communal d'action sociale (CCAS) - Dechy;59
secretariat@mairie-lessy.fr;Centre communal d'action sociale (CCAS) - Lessy;57
mairie@douvres.fr;Centre communal d'action sociale (CCAS) - Douvres;01
commune-st-denis-maisoncelles@orange.fr;Centre communal d'action sociale (CCAS) - Souleuvre en Bocage;14
ccas@mairie-montchanin.org;Centre communal d'action sociale (CCAS) - Montchanin;71
mairiestgillesdelaneuville@wanadoo.fr;Centre communal d'action sociale (CCAS) - Saint-Gilles-de-la-Neuville;76
mairie@hendecourtlescagnicourt.fr;Centre communal d'action sociale (CCAS) - Hendecourt-lès-Cagnicourt;62
mairie@serignanducomtat.com;Centre communal d'action sociale (CCAS) - Sérignan-du-Comtat;84
contact@rontalon.fr;Centre communal d'action sociale (CCAS) - Rontalon;69
commune-entre-deux-monts@wanadoo.fr;Centre communal d'action sociale (CCAS) - Entre-deux-Monts;39
mairie@moncourt-fromonville.fr;Centre communal d'action sociale (CCAS) - Montcourt-Fromonville;77
ccas@mairie-provins.fr;Centre communal d'action sociale (CCAS) - Provins;77
mairie.vieilleeglise@wanadoo.fr;Centre communal d'action sociale (CCAS) - Vieille-Église;62
solidarites@condesurlescaut.fr;Centre communal d'action sociale (CCAS) - Condé-sur-l'Escaut;59
mairie.bettborn@orange.fr;Centre communal d'action sociale (CCAS) - Bettborn;57
secretariat@mouchard.fr;Centre communal d'action sociale (CCAS) - Mouchard;39
mairie.ussondupoitou@orange.fr;Centre communal d'action sociale (CCAS) - Usson-du-Poitou;86
info@brives-charensac.fr;Centre communal d'action sociale (CCAS) - Brives-Charensac;43
mairie.neuvysaintsepulchre@wanadoo.fr;Centre communal d'action sociale (CCAS) - Neuvy-Saint-Sépulchre;36
ccas@mairie-charly.fr;Centre communal d'action sociale (CCAS) - Charly Rhône;69
ccas@ville-mornant.fr;Centre communal d'action sociale (CCAS) - Mornant;69
cias@ccpm-maiche.com;Centre intercommunal d'action sociale (CIAS) - Maîche;25
mairie-de-semalens@orange.fr;Centre communal d'action sociale (CCAS) - Sémalens;81
tellieres@orange.fr;Centre communal d'action sociale (CCAS) - Tellières-le-Plessis;61
mairie-dallainville2@wanadoo.fr;Centre communal d'action sociale (CCAS) - Allainville;78
ccas@mairie-soyaux.fr;Centre communal d'action sociale (CCAS) - Soyaux;16
mairie.essertines.en.donzy@wanadoo.fr;Centre communal d'action sociale (CCAS) - Essertines-en-Donzy;42
mairie-flaumont.waudrechies@orange.fr;Centre communal d'action sociale (CCAS) - Flaumont-Waudrechies;59
accueil@pleucadeuc.fr;Centre communal d'action sociale (CCAS) - Pleucadeuc;56
contact@mairiecasepilote.fr;Centre communal d'action sociale (CCAS) - Case-Pilote;972
etrat.mairie@orange.fr;Centre communal d'action sociale (CCAS) - L'Étrat;42
social@ville-corbas.fr;Centre communal d'action sociale (CCAS) - Corbas;69
accueilccas@mairiepln.com;Centre communal d'action sociale (CCAS) - Port-la-Nouvelle;11
dosmets.commune@orange.fr;Centre communal d'action sociale (CCAS) - Osmets;65
accueil@mairiedepujaut.fr;Centre communal d'action sociale (CCAS) - Pujaut;30
ccas@ville-aiguillon.fr;Centre communal d'action sociale (CCAS) - Aiguillon;47
accueil@ville-moncoutant.fr;Centre communal d'action sociale (CCAS) - Moncoutant-sur-Sèvre;79
mairie.tillac@wanadoo.fr;Centre communal d'action sociale (CCAS) - Tillac;32
mairie.brethel@wanadoo.fr;Centre communal d'action sociale (CCAS) - Brethel;61
ccas@langoiran.fr;Centre communal d'action sociale (CCAS) - Langoiran;33
ccas@villedenogent52.com;Centre communal d'action sociale (CCAS) - Nogent;52
contact@busigny.fr;Centre communal d'action sociale (CCAS) - Busigny;59
ccas@ville-gex.fr;Centre communal d'action sociale (CCAS) - Gex;01
mairie.nogent.lartaud@wanadoo.fr;Centre communal d'action sociale (CCAS) - Nogent-l'Artaud;02
contact@mairie-archigny.fr;Centre communal d'action sociale (CCAS) - Archigny;86
mairie-ellecourt@orange.fr;Centre communal d'action sociale (CCAS) - Ellecourt;76
ccas@bourgenbresse.fr;Centre communal d'action sociale (CCAS) - Bourg-en-Bresse;01
accueil@henvic.fr;Centre communal d'action sociale (CCAS) - Henvic;29
mairie@villedelacapelle.fr;Centre communal d'action sociale (CCAS) - La Capelle;02
mairie@saintsylvestresurlot.com;Centre communal d'action sociale (CCAS) - Saint-Sylvestre-sur-Lot;47
contact@mairiecruguel.fr;Centre communal d'action sociale (CCAS) - Cruguel;56
mairie@champdieu.fr;Centre communal d'action sociale (CCAS) - Champdieu;42
mairie@ban-saint-martin.fr;Centre communal d'action sociale (CCAS) - Le Ban-Saint-Martin;57
mairie@lemeux.fr;Centre communal d'action sociale (CCAS) - Le Meux;60
info@mairie-marsacsurdon.fr;Centre communal d'action sociale (CCAS) - Marsac-sur-Don;44
de-vincy-reuil-et-magny.mairie@wanadoo.fr;Centre communal d'action sociale (CCAS) - Vincy-Reuil-et-Magny;02
accueilmairie@mairie-rognac.fr;Centre communal d'action sociale (CCAS) - Rognac;13
commune@aleria.fr;Centre communal d'action sociale (CCAS) - Aléria;2B
ccas@ville-louvres.fr;Centre communal d'action sociale (CCAS) - Louvres;95
mairie@turny.fr;Centre communal d'action sociale (CCAS) - Turny;89
contact@saint-savin.fr;Centre communal d'action sociale (CCAS) - Saint-Savin Vienne;86
mairie.marignasurvalouse@wanadoo.fr;Centre communal d'action sociale (CCAS) - Marigna-sur-Valouse;39
mairie.cabasse@orange.fr;Centre communal d'action sociale (CCAS) - Cabasse;83
mairie-crespin81@orange.fr;Centre communal d'action sociale (CCAS) - Crespin Tarn;81
commune-de-vieux-moulin6@orange.fr;Centre communal d'action sociale (CCAS) - Vieux-Moulin;88
ccas@ville-mehun-sur-yevre.fr;Centre communal d'action sociale (CCAS) - Mehun-sur-Yèvre;18
mairie@valflaunes.fr;Centre communal d'action sociale (CCAS) - Valflaunès;34
mairie@mont-saxonnex.fr;Centre communal d'action sociale (CCAS) - Mont-Saxonnex;74
mairie.sauvigny-le-bois@wanadoo.fr;Centre communal d'action sociale (CCAS) - Sauvigny-le-Bois;89
ccas.jonzac@orange.fr;Centre communal d'action sociale (CCAS) - Jonzac;17
ccas@noailles60.fr;Centre communal d'action sociale (CCAS) - Noailles;60
ccas@soultzsousforets.com;Centre communal d'action sociale (CCAS) - Soultz-sous-Forêts;67
mairie@pratsdemollo.fr;Centre communal d'action sociale (CCAS) - Prats-de-Mollo-la-Preste;66
fouquieres-b.mairie@wanadoo.fr;Centre communal d'action sociale (CCAS) - Fouquières-lès-Béthune;62
mairie-de-bezues-bajon@wanadoo.fr;Centre communal d'action sociale (CCAS) - Bézues-Bajon;32
mairie.serley@wanadoo.fr;Centre communal d'action sociale (CCAS) - Serley;71
mairiedechatres@wanadoo.fr;Centre communal d'action sociale (CCAS) - Châtres;10
mairie-saintmarceau@wanadoo.fr;Centre communal d'action sociale (CCAS) - Saint-Marceau;72
ccas@mairie-auxonne.fr;Centre communal d'action sociale (CCAS) - Auxonne;21
mairie@artigat.fr;Centre communal d'action sociale (CCAS) - Artigat;09
contact@mairiedesamoens.fr;Centre communal d'action sociale (CCAS) - Samoëns;74
boiry-ste-rictrude@orange.fr;Centre communal d'action sociale (CCAS) - Boiry-Sainte-Rictrude;62
ccas@montreal-lacluse.fr;Centre communal d'action sociale (CCAS) - Montréal-la-Cluse;01
mairie-bomy@wanadoo.fr;Centre communal d'action sociale (CCAS) - Bomy;62
ccas@coulommiers.fr;Centre communal d'action sociale (CCAS) - Coulommiers;77
le.maire@ville-pechbonnieu.fr;Centre communal d'action sociale (CCAS) - Saint-Loup-Cammas;31
dynamisme.communal@lacroixfalgarde.fr;Centre communal d'action sociale (CCAS) - Lacroix-Falgarde;31
mairie.abaucourt@wanadoo.fr;Centre communal d'action sociale (CCAS) - Abaucourt;54
contact@mairie-escautpont.fr;Centre communal d'action sociale (CCAS) - Escautpont;59
mairievillerslespots@orange.fr;Centre communal d'action sociale (CCAS) - Villers-les-Pots;21
mairie.tancon@wanadoo.fr;Centre communal d'action sociale (CCAS) - Tancon;71
bessoncourt.mairie@wanadoo.fr;Centre communal d'action sociale (CCAS) - Bessoncourt;90
mairie@jaujac.fr;Centre communal d'action sociale (CCAS) - Jaujac;07
mairie.ecurie62@outlook.com;Centre communal d'action sociale (CCAS) - Écurie;62
mairie.dangers@wanadoo.fr;Centre communal d'action sociale (CCAS) - Dangers;28
ccas@mairie-monein.fr;Centre communal d'action sociale (CCAS) - Monein;64
commune@metzervisse.fr;Centre communal d'action sociale (CCAS) - Metzervisse;57
mairie@mairiearches.fr;Centre communal d'action sociale (CCAS) - Arches;88
ccasbellac@wanadoo.fr;Centre communal d'action sociale (CCAS) - Bellac;87
ccas@valentigney.fr;Centre communal d'action sociale (CCAS) - Valentigney;25
contact.mairie@ville-lannion.fr;Centre communal d'action sociale (CCAS) - Lannion;22
accueil@saintdomineuc.fr;Centre communal d'action sociale (CCAS) - Saint-Domineuc;35
mairie-ste-radegondaise@wanadoo.fr;Centre communal d'action sociale (CCAS) - Sainte-Radégonde-des-Noyers;85
mairie@buxy.fr;Centre communal d'action sociale (CCAS) - Buxy;71
commune-guizerix@wanadoo.fr;Centre communal d'action sociale (CCAS) - Guizerix;65
mairie.administration@saintfrancoislongchamp.fr;Centre communal d'action sociale (CCAS) - Saint François Longchamp;73
mairieaccueil@erdeven.fr;Centre communal d'action sociale (CCAS) - Erdeven;56
ccas@quincieux.fr;Centre communal d'action sociale (CCAS) - Quincieux;69
mairie-epenede@wanadoo.fr;Centre communal d'action sociale (CCAS) - Épenède;16
mairie@mouguerre.fr;Centre communal d'action sociale (CCAS) - Mouguerre;64
contact@lachapelledeguinchay.fr;Centre communal d'action sociale (CCAS) - La Chapelle-de-Guinchay;71
mairie.stsulpicelegueretois@wanadoo.fr;Centre communal d'action sociale (CCAS) - Saint-Sulpice-le-Guérétois;23
mairie.campigneulles.petites@wanadoo.fr;Centre communal d'action sociale (CCAS) - Campigneulles-les-Petites;62
mairie.guenviller@wanadoo.fr;Centre communal d'action sociale (CCAS) - Guenviller;57
ccas.secretariat@limoges.fr;Centre communal d'action sociale (CCAS) - Limoges;87
ccas@mairiebdp.fr;Centre communal d'action sociale (CCAS) - Bourg-de-Péage;26
ccas@ville-arras.fr;Centre communal d'action sociale (CCAS) - Arras;62
mairie@ville-ruellesurtouvre.fr;Centre communal d'action sociale (CCAS) - Ruelle-sur-Touvre;16
mairie.seuillet@wanadoo.fr;Centre communal d'action sociale (CCAS) - Seuillet;03
mairie@sommerau.fr;Centre communal d'action sociale (CCAS) - Sommerau;67
mairie@ville-fameck.fr;Centre communal d'action sociale (CCAS) - Fameck;57
ccas@mairie-coutras.fr;Centre communal d'action sociale (CCAS) - Coutras;33
contact@mairie-aulnoisenperthois.fr;Centre communal d'action sociale (CCAS) - Aulnois-en-Perthois;55
ccas@saint-junien.fr;Centre communal d'action sociale (CCAS) - Saint-Junien;87
info@dettwiller.fr;Centre communal d'action sociale (CCAS) - Dettwiller;67
ccas@mairie-libourne.fr;Centre communal d'action sociale (CCAS) - Libourne;33
mairie.barles@orange.fr;Centre communal d'action sociale (CCAS) - Barles;04
mairie.valframbert@wanadoo.fr;Centre communal d'action sociale (CCAS) - Valframbert;61
contact@domont.fr;Centre communal d'action sociale (CCAS) - Domont;95
administration@mairie-achicourt.fr;Centre communal d'action sociale (CCAS) - Achicourt;62
mairie-vahl-les-faulquemont@wanadoo.fr;Centre communal d'action sociale (CCAS) - Vahl-lès-Faulquemont;57
secretariat@poillylezgien.com;Centre communal d'action sociale (CCAS) - Poilly-lez-Gien;45
mairie@gundershoffen.fr;Centre communal d'action sociale (CCAS) - Gundershoffen;67
mairie@rosieres-ardeche.com;Centre communal d'action sociale (CCAS) - Rosières;07
secretariat.general@paraylemonial.fr;Centre communal d'action sociale (CCAS) - Paray-le-Monial;71
accueilccas@mairie-aizenay.fr;Centre communal d'action sociale (CCAS) - Aizenay;85
mairiedefechain@orange.fr;Centre communal d'action sociale (CCAS) - Féchain;59
commune.helfaut@wanadoo.fr;Centre communal d'action sociale (CCAS) - Helfaut;62
contact@saintnicolasderedon.fr;Centre communal d'action sociale (CCAS) - Saint-Nicolas-de-Redon;44
mairie@grandvillars.fr;Centre communal d'action sociale (CCAS) - Grandvillars;90
ccas@ville-ares.fr;Centre communal d'action sociale (CCAS) - Arès;33
mairie.gondrecourt@wanadoo.fr;Centre communal d'action sociale (CCAS) - Gondrecourt-le-Château;55
mairie@laremuee.com;Centre communal d'action sociale (CCAS) - La Remuée;76
mairie.bucylespt@wanadoo.fr;Centre communal d'action sociale (CCAS) - Bucy-lès-Pierrepont;02
accueil@mairie-longpont91.fr;Centre communal d'action sociale (CCAS) - Longpont-sur-Orge;91
mairie@montolieu.fr;Centre communal d'action sociale (CCAS) - Montolieu;11
mairie.sauveterrecomminges@wanadoo.fr;Centre communal d'action sociale (CCAS) - Sauveterre-de-Comminges;31
mairiedesaintpierrebrouck@wanadoo.fr;Centre communal d'action sociale (CCAS) - Saint-Pierre-Brouck;59
sivom.montesquieu@wanadoo.fr;Centre communal d'action sociale (CCAS) - Montesquieu-Volvestre;31
mairie-calenzana@wanadoo.fr;Centre communal d'action sociale (CCAS) - Calenzana;2B
mairie@varades.fr;Centre communal d'action sociale (CCAS) - Loireauxence;44
mairie-st-julien@orange.fr;Centre communal d'action sociale (CCAS) - Saint-Julien Côte-d'Or;21
accueil@mairie-ventabren.fr;Centre communal d'action sociale (CCAS) - Ventabren;13
mairie@montierchaume.fr;Centre communal d'action sociale (CCAS) - Montierchaume;36
contact@mairiedemarnaz.fr;Centre communal d'action sociale (CCAS) - Marnaz;74
contact@centresocial-montbazens.fr;Centre communal d'action sociale (CCAS) - Montbazens;12
mairie.waldighoffen@wanadoo.fr;Centre communal d'action sociale (CCAS) - Waldighofen;68
ccas@challesleseaux.net;Centre communal d'action sociale (CCAS) - Challes-Les-Eaux;73
ccas@plumeliau-bieuzy.bzh;Centre communal d'action sociale (CCAS) - Pluméliau-Bieuzy;56
ccas-accueil@mairie-casa04.fr;Centre communal d'action sociale (CCAS) - Château-Arnoux-Saint-Auban;04
mairie@merindol.fr;Centre communal d'action sociale (CCAS) - Mérindol;84
secretariat@ville-saintflorentin.fr;Centre communal d'action sociale (CCAS) - Saint-Florentin Yonne;89
mairie@signes.fr;Centre communal d'action sociale (CCAS) - Signes;83
ccas.bain@ville-baindebretagne.fr;Centre communal d'action sociale (CCAS) - Bain-de-Bretagne;35
accueil@cambesenplaine.fr;Centre communal d'action sociale (CCAS) - Cambes-en-Plaine;14
ccas@etiolles.fr;Centre communal d'action sociale (CCAS) - Étiolles;91
ccas@magland.fr;Centre communal d'action sociale (CCAS) - Magland;74
mairie.capvern@wanadoo.fr;Centre communal d'action sociale (CCAS) - Capvern;65
mairie@ville-lafere.fr;Centre communal d'action sociale (CCAS) - La Fère;02
mairie.gomelange@orange.fr;Centre communal d'action sociale (CCAS) - Gomelange;57
accueil@pontdelarn.fr;Centre communal d'action sociale (CCAS) - Pont-de-Larn;81
mairiestgregoireduvievre@orange.fr;Centre communal d'action sociale (CCAS) - Saint-Grégoire-du-Vièvre;27
accueil@cruas.fr;Centre communal d'action sociale (CCAS) - Cruas;07
ccas@ville-ormesson-sur-marne.fr;Centre communal d'action sociale (CCAS) - Ormesson-sur-Marne;94
mairie@castanet-tolosan.fr;Centre communal d'action sociale (CCAS) - Castanet-Tolosan;31
mairie.verdelot@wanadoo.fr;Centre communal d'action sociale (CCAS) - Verdelot;77
courrier@mairie-calais.fr;Centre communal d'action sociale (CCAS) - Calais Beau-Marais;62
mairie@talencieux.fr;Centre communal d'action sociale (CCAS) - Talencieux;07
mairie.lachapellesaintlaurian@wanadoo.fr;Centre communal d'action sociale (CCAS) - La Chapelle-Saint-Laurian;36
mairie.lettret@free.fr;Centre communal d'action sociale (CCAS) - Lettret;05
ccas@mairie-echalas.fr;Centre communal d'action sociale (CCAS) - Échalas;69
mairie.mergey@wanadoo.fr;Centre communal d'action sociale (CCAS) - Mergey;10
servicesocial@villededeshaies.fr;Centre communal d'action sociale (CCAS) - Deshaies;971
mairie.saint-maugan@wanadoo.fr;Centre communal d'action sociale (CCAS) - Saint-Maugan;35
mairie.poulaines@wanadoo.fr;Centre communal d'action sociale (CCAS) - Poulaines;36
mairie.bacqueville@wanadoo.fr;Centre communal d'action sociale (CCAS) - Bacqueville;27
accueil.monsempron@wanadoo.fr;Centre communal d'action sociale (CCAS) - Monsempron-Libos;47
ccas@mairie-st-egreve.fr;Centre communal d'action sociale (CCAS) - Saint-Égrève;38
mairie.sainteanne@orange.fr;Centre communal d'action sociale (CCAS) - Sainte-Anne Gers;32
ccas@ville-bischheim.fr;Centre communal d'action sociale (CCAS) - Bischheim;67
dommartin-aux-bois@wanadoo.fr;Centre communal d'action sociale (CCAS) - Dommartin-aux-Bois;88
mairie@auchel.fr;Centre communal d'action sociale (CCAS) - Auchel;62
ccas@mairiedevendeville.fr;Centre communal d'action sociale (CCAS) - Vendeville;59
ccas@mairie-trignac.fr;Centre communal d'action sociale (CCAS) - Trignac;44
mairie.montmoreaustcybard@wanadoo.fr;Centre communal d'action sociale (CCAS) - Montmoreau;16
ccas@ville-bouilladisse.com;Centre communal d'action sociale (CCAS) - La Bouilladisse;13
mairie@gerstheim.fr;Centre communal d'action sociale (CCAS) - Gerstheim;67
population@barjols.fr;Centre communal d'action sociale (CCAS) - Barjols;83
mairie.sergy@wanadoo.fr;Centre communal d'action sociale (CCAS) - Ségry;36
ccas@leteich.fr;Centre communal d'action sociale (CCAS) - Le Teich;33
mairiemontpezat@orange.fr;Centre communal d'action sociale (CCAS) - Montpézat Gers;32
mairie@rocheserviere.fr;Centre communal d'action sociale (CCAS) - Rocheservière;85
accueil@lepalais.fr;Centre communal d'action sociale (CCAS) - Le Palais;56
info@port-marly.fr;Centre communal d'action sociale (CCAS) - Le Port-Marly;78
ccas@tramoyes.fr;Centre communal d'action sociale (CCAS) - Tramoyes;01
mairie.barnevillesurseine@wanadoo.fr;Centre communal d'action sociale (CCAS) - Barneville-sur-Seine;27
mairie@yzeuressurcreuse.fr;Centre communal d'action sociale (CCAS) - Yzeures-sur-Creuse;37
mairiestarconsdebarges@orange.fr;Centre communal d'action sociale (CCAS) - Saint-Arcons-de-Barges;43
commune.lebaizil@orange.fr;Centre communal d'action sociale (CCAS) - Le Baizil;51
mairie@mourssainteusebe.fr;Centre communal d'action sociale (CCAS) - Mours-Saint-Eusèbe;26
accueil.mairie@pontdecheruy.fr;Centre communal d'action sociale (CCAS) - Pont-de-Chéruy;38
ccas@sainte-adresse.fr;Centre communal d'action sociale (CCAS) - Sainte-Adresse;76
mairie-villebrumier@info82.com;Centre communal d'action sociale (CCAS) - Villebrumier;82
mairie@cinqmarslapile.fr;Centre communal d'action sociale (CCAS) - Cinq-Mars-la-Pile;37
mairie@tartas.fr;Centre communal d'action sociale (CCAS) - Tartas;40
contact@mairie-heninbeaumont.fr;Centre communal d'action sociale (CCAS) - Hénin-Beaumont;62
mairie-favieres2@wanadoo.fr;Centre communal d'action sociale (CCAS) - Favières;54
ccas@mairie-locmiquelic.fr;Centre communal d'action sociale (CCAS) - Locmiquélic;56
mairie@entzhein.fr;Centre communal d'action sociale (CCAS) - Geispolsheim;67
mairie-de-la-cellette@wanadoo.fr;Centre communal d'action sociale (CCAS) - La Cellette;63
ccas@entredeux.re;Centre communal d'action sociale (CCAS) - Entre-Deux;974
contact@mairie-bellengreville.fr;Centre communal d'action sociale (CCAS) - Bellengreville Calvados;14
mairiedelocronan@wanadoo.fr;Centre communal d'action sociale (CCAS) - Locronan;29
mairie.de.esmans@orange.fr;Centre communal d'action sociale (CCAS) - Esmans;77
mairie.betous@wanadoo.fr;Centre communal d'action sociale (CCAS) - Bétous;32
ccas@damgan.fr;Centre communal d'action sociale (CCAS) - Damgan;56
info@mairie-diemoz.fr;Centre communal d'action sociale (CCAS) - Diémoz;38
accueil@pontvallain.com;Centre communal d'action sociale (CCAS) - Pontvallain;72
mairie.mennevret@wanadoo.fr;Centre communal d'action sociale (CCAS) - Mennevret;02
mairie-havange@wanadoo.fr;Centre communal d'action sociale (CCAS) - Havange;57
groupecabmaire@vallauris.fr;Centre communal d'action sociale (CCAS) - Vallauris;06
ccas.tholonet@orange.fr;Centre communal d'action sociale (CCAS) - Le Tholonet;13
briconville.mairie@wanadoo.fr;Centre communal d'action sociale (CCAS) - Briconville;28
mairie.arrens-marsous@wanadoo.fr;Centre communal d'action sociale (CCAS) - Arrens-Marsous;65
mairie.eguzon-chantome@orange.fr;Centre communal d'action sociale (CCAS) - Éguzon-Chantôme;36
communedehorgues@orange.fr;Centre communal d'action sociale (CCAS) - Horgues;65
mairiedebarc@orange.fr;Centre communal d'action sociale (CCAS) - Barc;27
mairie.monampteuil@orange.fr;Centre communal d'action sociale (CCAS) - Monampteuil;02
mairie.nerondes@wanadoo.fr;Centre communal d'action sociale (CCAS) - Nérondes;18
secretariat@archiac.fr;Centre communal d'action sociale (CCAS) - Archiac;17
mairie@chignylesroses.info;Centre communal d'action sociale (CCAS) - Chigny-les-Roses;51
ccas@chevigny-saint-sauveur.fr;Centre communal d'action sociale (CCAS) - Chevigny-Saint-Sauveur;21
saint-leonard88@wanadoo.fr;Centre communal d'action sociale (CCAS) - Saint-Léonard Vosges;88
ccas@ville-levallois.fr;Centre communal d'action sociale (CCAS) - Levallois-Perret;92
ccas@laplainesurmer.fr;Centre communal d'action sociale (CCAS) - La Plaine-sur-Mer;44
mairie.argy36@orange.fr;Centre communal d'action sociale (CCAS) - Argy;36
contact@mairiesfsa.fr;Centre communal d'action sociale (CCAS) - Saint-Florent-sur-Auzonnet;30
mairie-douroux-sur-saone2@wanadoo.fr;Centre communal d'action sociale (CCAS) - Ouroux-sur-Saône;71
mairie-hautloquin@wanadoo.fr;Centre communal d'action sociale (CCAS) - Haut-Loquin;62
mairie.de.louches@orange.fr;Centre communal d'action sociale (CCAS) - Louches;62
mairie@mauchamps.org;Centre communal d'action sociale (CCAS) - Mauchamps;91
ccas@saintmarcel.com;Centre communal d'action sociale (CCAS) - Saint-Marcel Saône-et-loire;71
contact.ccas@inzinzac-lochrist.fr;Centre communal d'action sociale (CCAS) - Inzinzac-Lochrist;56
ccas@loriol.com;Centre communal d'action sociale (CCAS) - Loriol-sur-Drôme;26
mairie.pontaumur@wanadoo.fr;Centre communal d'action sociale (CCAS) - Pontaumur;63
mairie.lachapelleaumans@wanadoo.fr;Centre communal d'action sociale (CCAS) - La Chapelle-au-Mans;71
mairie@visenartois.fr;Centre communal d'action sociale (CCAS) - Vis-en-Artois;62
social@saint-leger-de-linieres.fr;Centre communal d'action sociale (CCAS) - Saint-Léger-de-Linières;49
mairie.ajoupabouillon@wanadoo.fr;Centre communal d'action sociale (CCAS) - L'Ajoupa-Bouillon;972
audrey.dousset@mairie-labernerie.fr;Centre communal d'action sociale (CCAS) - La Bernerie-en-Retz;44
colombe-sur-gand@wanadoo.fr;Centre communal d'action sociale (CCAS) - Sainte-Colombe-sur-Gand;42
mairie@plouray.bzh;Centre communal d'action sociale (CCAS) - Plouray;56
communedepoupry@wanadoo.fr;Centre communal d'action sociale (CCAS) - Poupry;28
mairie.bailleul@wanadoo.fr;Centre communal d'action sociale (CCAS) - Saint-Pierre-de-Bailleul;27
mairiealbies@wanadoo.fr;Centre communal d'action sociale (CCAS) - Albiès;09
accueil@stpardouxsoutiers.fr;Centre communal d'action sociale (CCAS) - Saint-Pardoux-Soutiers;79
accueil@bavent.fr;Centre communal d'action sociale (CCAS) - Bavent;14
mairie@perthes-en-gatinais.fr;Centre communal d'action sociale (CCAS) - Perthes;77
mairie-de-warhem@wanadoo.fr;Centre communal d'action sociale (CCAS) - Warhem;59
secretariat.maire@ville-sevres.fr;Centre communal d'action sociale (CCAS) - Sèvres;92
mairie.bazugues@wanadoo.fr;Centre communal d'action sociale (CCAS) - Bazugues;32
mairie.meunet.planches@orange.fr;Centre communal d'action sociale (CCAS) - Meunet-Planches;36
contact@mairieleplessisbelleville.fr;Centre communal d'action sociale (CCAS) - Le Plessis-Belleville;60
mairie-gonfaron@wanadoo.fr;Centre communal d'action sociale (CCAS) - Gonfaron;83
secretariat@mairie-de-bonnevalsurarc.fr;Centre communal d'action sociale (CCAS) - Bonneval-sur-Arc;73
mairie-olonzac@orange.fr;Centre communal d'action sociale (CCAS) - Olonzac;34
mairie.sg.smo@wanadoo.fr;Centre communal d'action sociale (CCAS) - Saint-Martin-Osmonville;76
ccas@gareoult.fr;Centre communal d'action sociale (CCAS) - Garéoult;83
ccas@fontenay-le-fleury.fr;Centre communal d'action sociale (CCAS) - Fontenay-le-Fleury;78
ccas@chauffailles.fr;Centre communal d'action sociale (CCAS) - Chauffailles;71
mairie-de-dampierre-en-gracay@wanadoo.fr;Centre communal d'action sociale (CCAS) - Dampierre-en-Graçay;18
mairielepineauxbois@orange.fr;Centre communal d'action sociale (CCAS) - L'Épine-aux-Bois;02
mairie.saintleonard@orange.fr;Centre communal d'action sociale (CCAS) - Saint-Léonard Gers;32
mairie.belarga@wanadoo.fr;Centre communal d'action sociale (CCAS) - Bélarga;34
mairie@violay.fr;Centre communal d'action sociale (CCAS) - Violay;42
secretariat-ccas@mairie-urrugne.fr;Centre communal d'action sociale (CCAS) - Urrugne;64
mairie.saint-jeanblaignac@orange.fr;Centre communal d'action sociale (CCAS) - Saint-Jean-de-Blaignac;33
mairie.oger@blancs-coteaux.fr;Centre communal d'action sociale (CCAS) - Blancs-Coteaux;51
mairie-stclairsurepte@orange.fr;Centre communal d'action sociale (CCAS) - Saint-Clair-sur-Epte;95
mairie@saint-georges-sur-eure.fr;Centre communal d'action sociale (CCAS) - Saint-Georges-sur-Eure;28
commune-harcy@wanadoo.fr;Centre communal d'action sociale (CCAS) - Harcy;08
secretariat@metzeresche.fr;Centre communal d'action sociale (CCAS) - Metzeresche;57
contact@saintefoylagrande.fr;Centre communal d'action sociale (CCAS) - Sainte-Foy-la-Grande;33
contact@mairie-soulac.fr;Centre communal d'action sociale (CCAS) - Soulac-sur-Mer;33
serviceadministratif@ccas-ville-meze.fr;Centre communal d'action sociale (CCAS) - Mèze;34
ccas@ville-jacou.fr;Centre communal d'action sociale (CCAS) - Jacou;34
mairie.de.rantigny@orange.fr;Centre communal d'action sociale (CCAS) - Rantigny;60
ccas@lalandedefronsac.fr;Centre communal d'action sociale (CCAS) - La Lande-de-Fronsac;33
mairie.stcyrsurmorin@orange.fr;Centre communal d'action sociale (CCAS) - Saint-Cyr-sur-Morin;77
mairie@fontainelesdijon.fr;Centre communal d'action sociale (CCAS) - Fontaine-lès-Dijon;21
mairie@chasselay.fr;Centre communal d'action sociale (CCAS) - Chasselay;69
lalanne.magnoac@orange.fr;Centre communal d'action sociale (CCAS) - Lalanne;65
mairie@stjean-vilaine.fr;Centre communal d'action sociale (CCAS) - Saint-Jean-sur-Vilaine;35
ccas@mairiemarbache.fr;Centre communal d'action sociale (CCAS) - Marbache;54
cuirieuxmairie@gmail.com;Centre communal d'action sociale (CCAS) - Toulis-et-Attencourt;02
mairie@chaussin39.fr;Centre communal d'action sociale (CCAS) - Chaussin;39
mairie.pieddeborne@wanadoo.fr;Centre communal d'action sociale (CCAS) - Pied-de-Borne;48
mairie-hallines@hallines62.fr;Centre communal d'action sociale (CCAS) - Hallines;62
population@charnay.com;Centre communal d'action sociale (CCAS) - Charnay-lès-Mâcon;71
ccas@mairiebully.fr;Centre communal d'action sociale (CCAS) - Bully-les-Mines;62
ccas@plessis-robinson.com;Centre communal d'action sociale (CCAS) - Le Plessis-Robinson;92
cias@terresdechalosse.fr;Centre intercommunal d'action sociale (CIAS) Terres de Chalosse;40
ccas@nozay44.fr;Centre communal d'action sociale (CCAS) - Nozay;44
la.roche-derrien@wanadoo.fr;Centre communal d'action sociale (CCAS) - La Roche-Jaudy;22
mairie@saintpalais18.fr;Centre communal d'action sociale (CCAS) - Saint-Palais Cher;18
vielmur.mairie@wanadoo.fr;Centre communal d'action sociale (CCAS) - Vielmur-sur-Agout;81
mairie.plouaret@orange.fr;Centre communal d'action sociale (CCAS) - Plouaret;22
ccas.lombez@orange.fr;Centre communal d'action sociale (CCAS) - Lombez;32
mairie.nantouillet@wanadoo.fr;Centre communal d'action sociale (CCAS) - Nantouillet;77
mairie.besse@wanadoo.fr;Centre communal d'action sociale (CCAS) - Besse-sur-Issole;83
mairie@pratbonrepaux.fr;Centre communal d'action sociale (CCAS) - Prat-Bonrepaux;09
mairie@quevreville.fr;Centre communal d'action sociale (CCAS) - Quévreville-la-Poterie;76
mairie@lachapelle-saint-ursin.fr;Centre communal d'action sociale (CCAS) - La Chapelle-Saint-Ursin;18
solidarites@ecouflant.fr;Centre communal d'action sociale (CCAS) - Écouflant;49
communefournetblanche@orange.fr;Centre communal d'action sociale (CCAS) - Fournet-Blancheroche;25
ccas@mairie-conde-sur-noireau.fr;Centre communal d'action sociale (CCAS) - Condé-en-Normandie;14
mairie@ville-jardsurmer.fr;Centre communal d'action sociale (CCAS) - Jard-sur-Mer;85
ccas@ville-labege.fr;Centre communal d'action sociale (CCAS) - Labège;31
mairie@fontainelaguyon.fr;Centre communal d'action sociale (CCAS) - Fontaine-la-Guyon;28
mairie@beaumetzlesloges.fr;Centre communal d'action sociale (CCAS) - Beaumetz-lès-Loges;62
contact@gourdon.fr;Centre communal d'action sociale (CCAS) - Gourdon;46
mairie@lauzerte.fr;Centre communal d'action sociale (CCAS) - Lauzerte;82
ccas@thueetmue.fr;Centre communal d'action sociale (CCAS) - Thue et Mue;14
mairie.espiet@gmail.com;Centre communal d'action sociale (CCAS) - Espiet;33
accueil@lagacilly.fr;Centre communal d'action sociale (CCAS) - La Gacilly;56
ccas@veauche.fr;Centre communal d'action sociale (CCAS) - Veauche;42
commune@villevaude.fr;Centre communal d'action sociale (CCAS) - Villevaudé;77
contact@mairie-noyelles-godault.fr;Centre communal d'action sociale (CCAS) - Noyelles-Godault;62
mairie@saint-jean-de-maruejols-et-avejan.fr;Centre communal d'action sociale (CCAS) - Saint-Jean-de-Maruéjols-et-Avéjan;30
accueil@mairie-lampaul-guimiliau.fr;Centre communal d'action sociale (CCAS) - Lampaul-Guimiliau;29
mairie-maupas@wanadoo.fr;Centre communal d'action sociale (CCAS) - Maupas;32
mairie@ribautelestaveres.fr;Centre communal d'action sociale (CCAS) - Ribaute-les-Tavernes;30
cias@loudeac-communaute.bzh;Centre intercommunal d'action sociale (CIAS) Bretagne Centre;22
mairie-sg.crasvillelarocquefort@wanadoo.fr;Centre communal d'action sociale (CCAS) - Crasville-la-Rocquefort;76
mairie@leulinghenbernes.com;Centre communal d'action sociale (CCAS) - Leulinghen-Bernes;62
mairie-aspiran@orange.fr;Centre communal d'action sociale (CCAS) - Aspiran;34
mairie.trescault@orange.fr;Centre communal d'action sociale (CCAS) - Trescault;62
ccasbacquevilleencaux@yahoo.fr;Centre communal d'action sociale (CCAS) - Bacqueville-en-Caux;76
mairie.aubinges@wanadoo.fr;Centre communal d'action sociale (CCAS) - Aubinges;18
ccas@ville-chambly.fr;Centre communal d'action sociale (CCAS) - Chambly;60
ccas@mairie-labouexiere.fr;Centre communal d'action sociale (CCAS) - La Bouëxière;35
mairie@lemaysurevre.com;Centre communal d'action sociale (CCAS) - Le May-sur-Èvre;49
mairie.saint.simon@orange.fr;Centre communal d'action sociale (CCAS) - Saint-Simon;02
mairie.gajan.09@wanadoo.fr;Centre communal d'action sociale (CCAS) - Gajan;09
ccas.bazemont@orange.fr;Centre communal d'action sociale (CCAS) - Bazemont;78
ccas-fresnoy-le-grand@wanadoo.fr;Centre communal d'action sociale (CCAS) - Romery;02
mairie-de-chaudenay@wanadoo.fr;Centre communal d'action sociale (CCAS) - Chaudenay;71
mairie-longeville-sur-mer@wanadoo.fr;Centre communal d'action sociale (CCAS) - Longeville-sur-Mer;85
mairiesaintseurincadourne@orange.fr;Centre communal d'action sociale (CCAS) - Saint-Seurin-de-Cadourne;33
commune@saint-joachim.fr;Centre communal d'action sociale (CCAS) - Saint-Joachim;44
mairie@moutiers.bzh;Centre communal d'action sociale (CCAS) - Moutiers Ille-et-Vilaine;35
mairie@lebreuilbourgogne.fr;Centre communal d'action sociale (CCAS) - Le Breuil;71
commune-de-magnas@orange.fr;Centre communal d'action sociale (CCAS) - Magnas;32
ccas@spln.fr;Centre communal d'action sociale (CCAS) - Saint-Pierre-lès-Nemours;77
assier.mairie@orange.fr;Centre communal d'action sociale (CCAS) - Assier;46
mairie@meistratzheim.fr;Centre communal d'action sociale (CCAS) - Meistratzheim;67
mairie.crastes@wanadoo.fr;Centre communal d'action sociale (CCAS) - Crastes;32
mairie-donnemarie@wanadoo.fr;Centre communal d'action sociale (CCAS) - Donnemarie-Dontilly;77
mairie.bizanos@ville-bizanos.fr;Centre communal d'action sociale (CCAS) - Bizanos;64
mairie@saint-witz.fr;Centre communal d'action sociale (CCAS) - Saint-Witz;95
mairie@valmont76.com;Centre communal d'action sociale (CCAS) - Valmont;76
sg@chamonix.fr;Centre communal d'action sociale (CCAS) - Chamonix-Mont-Blanc;74
mairie@chateaugay.fr;Centre communal d'action sociale (CCAS) - Châteaugay;63
les-ormes@departement86.fr;Centre communal d'action sociale (CCAS) - Les Ormes;86
mairie.dorengt@orange.fr;Centre communal d'action sociale (CCAS) - Dorengt;02
mairie@pluherlin.fr;Centre communal d'action sociale (CCAS) - Pluherlin;56
communedelege@orange.fr;Centre communal d'action sociale (CCAS) - Lège;31
mairie@challes.fr;Centre communal d'action sociale (CCAS) - Challes;72
ccas@saintmitrelesremparts.fr;Centre communal d'action sociale (CCAS) - Saint-Mitre-les-Remparts;13
mairie@plougonvelin.fr;Centre communal d'action sociale (CCAS) - Plougonvelin;29
nouvion.catillon@wanadoo.fr;Centre communal d'action sociale (CCAS) - Nouvion-et-Catillon;02
contact@villeneuve92.com;Centre communal d'action sociale (CCAS) - Villeneuve-la-Garenne;92
mairie.lachappestandre@orange.fr;Centre communal d'action sociale (CCAS) - La Chapelle-Saint-André;58
contact@mairie-cabannes.fr;Centre communal d'action sociale (CCAS) - Cabannes;13
mairielezfontaine@wanadoo.fr;Centre communal d'action sociale (CCAS) - Lez-Fontaine;59
social@villars-les-dombes.fr;Centre communal d'action sociale (CCAS) - Villars-les-Dombes;01
mairie.uzel@orange.fr;Centre communal d'action sociale (CCAS) - Uzel;22
mairie@la-bastidonne.fr;Centre communal d'action sociale (CCAS) - La Bastidonne;84
saint.paul33@wanadoo.fr;Centre communal d'action sociale (CCAS) - Saint-Paul Gironde;33
contact@mairie-belleu.com;Centre communal d'action sociale (CCAS) - Belleu;02
mairie@saintgerandlp03.fr;Centre communal d'action sociale (CCAS) - Saint-Gérand-le-Puy;03
webmaster@ville-guyancourt.fr;Centre communal d'action sociale (CCAS) - Guyancourt;78
mairie@argentat-sur-dordogne.fr;Centre communal d'action sociale (CCAS) - Argentat-sur-Dordogne;19
contact@saintpriesttaurion.fr;Centre communal d'action sociale (CCAS) - Saint-Priest-Taurion;87
mairie.avroult@wanadoo.fr;Centre communal d'action sociale (CCAS) - Avroult;62
mairiedelasserrade@orange.fr;Centre communal d'action sociale (CCAS) - Lasserrade;32
contact@lequesnoy.fr;Centre communal d'action sociale (CCAS) - Le Quesnoy;59
mairie-sauxillanges@wanadoo.fr;Centre communal d'action sociale (CCAS) - Sauxillanges;63
ccas.social@ville-sathonaycamp.fr;Centre communal d'action sociale (CCAS) - Sathonay-Camp;69
ccas@canejan.fr;Centre communal d'action sociale (CCAS) - Canéjan;33
communication.chateaulandon@gmail.com;Centre communal d'action sociale (CCAS) - Château-Landon;77
cias@ccb-blaye.com;Centre communal d'action sociale (CCAS) - Blaye;33
ccas@ville-boissy.fr;Centre communal d'action sociale (CCAS) - Boissy-Saint-Léger;94
mairie-mars-la-tour@wanadoo.fr;Centre communal d'action sociale (CCAS) - Mars-la-Tour;54
contact@ville-st-rambert.fr;Centre communal d'action sociale (CCAS) - Saint-Rambert-d'Albon;26
mairie@chatillon-sur-indre.fr;Centre communal d'action sociale (CCAS) - Châtillon-sur-Indre;36
ccasveynes@free.fr;Centre communal d'action sociale (CCAS) - Veynes;05
ccas-urba@martigneferchaud.bzh;Centre communal d'action sociale (CCAS) - Martigné-Ferchaud;35
ccas@ville-aubusson.fr;Centre communal d'action sociale (CCAS) - Aubusson;23
administration.generale@ville-maripa-soula.fr;Centre communal d'action sociale (CCAS) - Maripasoula;973
info@ville-torcy.fr;Centre communal d'action sociale (CCAS) - Torcy Seine-et-Marne;77
mairie-maillezais@wanadoo.fr;Centre communal d'action sociale (CCAS) - Maillezais;85
accueil@cellettes41.fr;Centre communal d'action sociale (CCAS) - Cellettes;41
courriel@ville-bouguenais.fr;Centre communal d'action sociale (CCAS) - Bouguenais;44
mairie@sainte-maure-de-touraine.fr;Centre communal d'action sociale (CCAS) - Sainte-Maure-de-Touraine;37
mairie@flancourt-crescy-en-roumois.fr;Centre communal d'action sociale (CCAS) - Flancourt-Crescy-en-Roumois;27
ccas@mairie-puteaux.fr;Centre communal d'action sociale (CCAS) - Puteaux;92
service.social@villecresnes.fr;Centre communal d'action sociale (CCAS) - Villecresnes;94
ccas@saint-jory.fr;Centre communal d'action sociale (CCAS) - Saint-Jory;31
mairie-marcais@wanadoo.fr;Centre communal d'action sociale (CCAS) - Marçais;18
mairie.croisilles28210@orange.fr;Centre communal d'action sociale (CCAS) - Croisilles Eure-et-loir;28
affairesociales@ser76.com;Centre communal d'action sociale (CCAS) - Saint-Étienne-du-Vauvray;27
accueil.mairie@montpezat30.fr;Centre communal d'action sociale (CCAS) - Montpezat Gard;30
mairie@ville-lannoy.fr;Centre communal d'action sociale (CCAS) - Lannoy;59
secretariatccas@nieul-sur-mer.fr;Centre communal d'action sociale (CCAS) - Nieul-sur-Mer;17
mairie@martigne.com;Centre communal d'action sociale (CCAS) - Martigné-sur-Mayenne;53
ccas@camaret.org;Centre communal d'action sociale (CCAS) - Camaret-sur-Aigues;84
commune-de-gourgue@orange.fr;Centre communal d'action sociale (CCAS) - Gourgue;65
mairie@pacy27.fr;Centre communal d'action sociale (CCAS) - Pacy-sur-Eure;27
mairie.randens@orange.fr;Centre communal d'action sociale (CCAS);73
mairiedesirade971@orange.fr;Centre communal d'action sociale (CCAS) - Kani-Kéli;976
mairie@andolsheim.fr;Centre communal d'action sociale (CCAS) - Andolsheim;68
contact@lievin.fr;Centre communal d'action sociale (CCAS) - Liévin;62
serviceexterne@dremil-lafage.fr;Centre communal d'action sociale (CCAS) - Drémil-Lafage;31
mairie@bourbon-lancy.fr;Centre communal d'action sociale (CCAS) - Bourbon-Lancy;71
mairie.dangu@wanadoo.fr;Centre communal d'action sociale (CCAS) - Dangu;27
s.accueil@mairie-village-neuf.fr;Centre communal d'action sociale (CCAS) - Village-Neuf;68
ccaschampeix@orange.fr;Centre communal d'action sociale (CCAS) - Champeix;63
ccas@mimizan.com;Centre communal d'action sociale (CCAS) - Mimizan;40
mairie.guesslinghemering@orange.fr;Centre communal d'action sociale (CCAS) - Guessling-Hémering;57
mairie.camps.la.source@wanadoo.fr;Centre communal d'action sociale (CCAS) - Camps-la-Source;83
mairiegagnac-cere@info46.fr;Centre communal d'action sociale (CCAS) - Gagnac-sur-Cère;46
mairie-darthonnay@wanadoo.fr;Centre communal d'action sociale (CCAS) - Arthonnay;89
accueil@grues.fr;Centre communal d'action sociale (CCAS) - Grues;85
ccas@monswiller.fr;Centre communal d'action sociale (CCAS) - Monswiller;67
mairieshdb34@shdb34.fr;Centre communal d'action sociale (CCAS) - Saint-Hilaire-de-Beauvoir;34
mairie@ferrette.fr;Centre communal d'action sociale (CCAS) - Ferrette;68
contact@mairie-gruson.fr;Centre communal d'action sociale (CCAS) - Gruson;59
mairie@ternay.fr;Centre communal d'action sociale (CCAS) - Ternay;69
secretariatccas@mairie-gan.fr;Centre communal d'action sociale (CCAS) - Gan;64
mairie-maissemy@orange.fr;Centre communal d'action sociale (CCAS) - Maissemy;02
mairie-sg.wanchy-capval@wanadoo.fr;Centre communal d'action sociale (CCAS) - Wanchy-Capval;76
graissessac@wanadoo.fr;Centre communal d'action sociale (CCAS) - Graissessac;34
commune-de-clais9@orange.fr;Centre communal d'action sociale (CCAS) - Clais;76
mairie@lorrylesmetz.fr;Centre communal d'action sociale (CCAS) - Lorry-lès-Metz;57
mairie-frohmuhl@wanadoo.fr;Centre communal d'action sociale (CCAS) - Frohmuhl;67
ccas42300@ville-mably.fr;Centre communal d'action sociale (CCAS) - Mably;42
mairie.noyal@wanadoo.fr;Centre communal d'action sociale (CCAS) - Noyal-sous-Bazouges;35
mairie.centrale@ville-lecastellet.fr;Centre communal d'action sociale (CCAS) - Le Castellet;83
mairie.saintgermainmont@wanadoo.fr;Centre communal d'action sociale (CCAS) - Saint-Germainmont;08
mairie-albias@info82.com;Centre communal d'action sociale (CCAS) - Albias;82
contact@mairie-evin-malmaison.fr;Centre communal d'action sociale (CCAS) - Évin-Malmaison;62
mairiedelandehen@wanadoo.fr;Centre communal d'action sociale (CCAS) - Landéhen;22
mairie@joue-labbe-72.fr;Centre communal d'action sociale (CCAS) - Joué-l'Abbé;72
contact@nogent-le-phaye.fr;Centre communal d'action sociale (CCAS) - Nogent-le-Phaye;28
ccas@crozon.bzh;Centre communal d'action sociale (CCAS) - Crozon;29
communication@ville-joeuf.fr;Centre communal d'action sociale (CCAS) - Jœuf;54
mairie.aillevillers@wanadoo.fr;Centre communal d'action sociale (CCAS) - Aillevillers-et-Lyaumont;70
mairie@wavranssurlaa.com;Centre communal d'action sociale (CCAS) - Wavrans-sur-l'Aa;62
secretariat.cias@paysdenexon-montsdechalus.fr;Centre communal d'action sociale (CCAS) - Nexon;87
mairie.duniere@orange.fr;Commission évènementielle (ex CCAS) - Dunière-sur-Eyrieux;07
ccas1@troarn.fr;Centre communal d'action sociale (CCAS) - Troarn;14
ccas@ville-bruz.fr;Centre communal d'action sociale (CCAS) - Bruz;35
saint-prix-en-morvan@wanadoo.fr;Centre communal d'action sociale (CCAS) - Saint-Prix Saône-et-loire;71
communication@lesmesnuls.info;Centre communal d'action sociale (CCAS) - Les Mesnuls;78
ju-belloc.mairie@orange.fr;Centre communal d'action sociale (CCAS) - Jû-Belloc;32
mairie@nolay.fr;Centre communal d'action sociale (CCAS) - Nolay;21
ccas@mairie-grezieulavarenne.fr;Centre communal d'action sociale (CCAS) - Grezieu-La-Varenne;69
mairiedefremonville@wanadoo.fr;Centre communal d'action sociale (CCAS) - Frémonville;54
mairie.epineuil@orange.fr;Centre communal d'action sociale (CCAS) - Epineuil-Le-Fleuriel;18
mairie@gigorsetlozeron.fr;Centre communal d'action sociale (CCAS) - Gigors-et-Lozeron;26
mairie.bains.les.bains@wanadoo.fr;Centre communal d'action sociale (CCAS) - La Vôge-les-Bains;88
mairie.lugasson@orange.fr;Centre communal d'action sociale (CCAS) - Lugasson;33
mairie@benfeld.fr;Centre communal d'action sociale (CCAS) - Benfeld;67
mairie@mairie-aouste-sur-sye.fr;Centre communal d'action sociale (CCAS) - Aouste-sur-Sye;26
mairie.stlaurentdupape@orange.fr;Centre communal d'action sociale (CCAS) - Saint-Laurent-du-Pape;07
contact@mollkirch.fr;Centre communal d'action sociale (CCAS) - Mollkirch;67
mairie@audun-le-tiche.fr;Centre communal d'action sociale (CCAS) - Audun-le-Tiche;57
mairie.oursbelille@orange.fr;Centre communal d'action sociale (CCAS) - Oursbelille;65
contact@mairie-saint-galmier.fr;Centre communal d'action sociale (CCAS) - Saint-Galmier;42
mairieliernais@wanadoo.fr;Centre communal d'action sociale (CCAS) - Liernais;21
ccas@mairie-saint-esprit.fr;Centre communal d'action sociale (CCAS) - Saint-Esprit;972
mairiedepoce@wanadoo.fr;Centre communal d'action sociale (CCAS) - Pocé-sur-Cisse;37
mairie.bayenghemlessen@wanadoo.fr;Centre communal d'action sociale (CCAS) - Bayenghem-lès-Seninghem;62
contact@sallanches.fr;Centre communal d'action sociale (CCAS) - Sallanches;74
mairie.serre.les.sapins@orange.fr;Centre communal d'action sociale (CCAS) - Serre-les-Sapins;25
ccas@roissyenbrie77.fr;Centre communal d'action sociale (CCAS) - Roissy-en-Brie;77
contact@cias-corbieresmediterranee.fr;Centre intercommunal d'action sociale (CIAS) - Sigean;11
ccas@mairie-bayeux.fr;Centre communal d'action sociale (CCAS) - Bayeux;14
mairie.brennilis@orange.fr;Centre communal d'action sociale (CCAS) - Brennilis;29
mairiereveillon@orange.fr;Centre communal d'action sociale (CCAS) - Réveillon;61
mairie-perrignysurognon@wanadoo.fr;Centre communal d'action sociale (CCAS) - Perrigny-sur-l'Ognon;21
ccas@ville-tallard.fr;Centre communal d'action sociale (CCAS) - Tallard;05
contact@ville-saint-benoit.fr;Centre communal d'action sociale (CCAS) - Saint-Benoît La Réunion;974
accueil@ccas-villefranchesurmer.fr;Centre communal d'action sociale (CCAS) - Villefranche-sur-Mer;06
mairie.bouchain@wanadoo.fr;Centre communal d'action sociale (CCAS) - Bouchain;59
service-ccas@magnylehongre.fr;Centre communal d'action sociale (CCAS) - Magny-le-Hongre;77
accueil@lassay-les-chateaux.fr;Centre communal d'action sociale (CCAS) - Lassay-les-Châteaux;53
mairie.desaintfirmin@orange.fr;Centre communal d'action sociale (CCAS) - Saint-Firmin;54
mairie.neuvic-entier@wanadoo.fr;Centre communal d'action sociale (CCAS) - Neuvic-Entier;87
ccas@fontenay-sous-bois.fr;Centre communal d'action sociale (CCAS) - Fontenay-sous-Bois;94
mairie.sor@wanadoo.fr;Centre communal d'action sociale (CCAS) - Sor;09
mairie@saintpaullejeune.com;Centre communal d'action sociale (CCAS) - Saint-Paul-le-Jeune;07
mairie.bourdonnay@orange.fr;Centre communal d'action sociale (CCAS) - Bourdonnay;57
commune-de-bossus@wanadoo.fr;Centre communal d'action sociale (CCAS) - Bossus-lès-Rumigny;08
ccas@voulangis.fr;Centre communal d'action sociale (CCAS) - Voulangis;77
mairiedevioles@violes.fr;Centre communal d'action sociale (CCAS) - Violès;84
commune-d-algans@orange.fr;Centre communal d'action sociale (CCAS) - Algans;81
mairie@pluguffan.fr;Centre communal d'action sociale (CCAS) - Pluguffan;29
accueil@cias-hvs.fr;Centre communal d'action sociale (CCAS) - Saint-Maixent-L'Ecole;79
mairie@saintjeandebournay.fr;Centre communal d'action sociale (CCAS) - Saint-Jean-de-Bournay;38
mairie.vieillelyre@orange.fr;Centre communal d'action sociale (CCAS) - La Vieille-Lyre;27
accueil@ville-saint-berthevin.fr;Centre communal d'action sociale (CCAS) - Saint-Berthevin;53
contact@ecrosnes.com;Centre communal d'action sociale (CCAS) - Écrosnes;28
ccas@lecroisic.fr;Centre communal d'action sociale (CCAS) - Le Croisic;44
ccas@ville-ablonsurseine.fr;Centre communal d'action sociale (CCAS) - Ablon-sur-Seine;94
mairie@chevry-cossigny.fr;Centre communal d'action sociale (CCAS) - Chevry-Cossigny;77
mairie@leseldebretagne.fr;Centre communal d'action sociale (CCAS) - Le Sel-de-Bretagne;35
ccas@ccas-cayenne.org;Centre communal d'action sociale (CCAS) - Cayenne;973
germigny.lexempt@wanadoo.fr;Centre communal d'action sociale (CCAS) - Germigny-l'Exempt;18
mairie.felines.r@wanadoo.fr;Centre communal d'action sociale (CCAS) - Félines-sur-Rimandoule;26
mairiesterme@orange.fr;Centre communal d'action sociale (CCAS) - Saint-Erme-Outre-et-Ramecourt;02
commune@baslieux.fr;Centre communal d'action sociale (CCAS) - Baslieux;54
ccas@bohal.fr;Centre communal d'action sociale (CCAS) - Bohal;56
ccasgerontologie@boulogne-sur-mer.fr;Centre communal d'action sociale (CCAS) - Boulogne-sur-Mer;62
accueil.mairie@achenheim.fr;Centre communal d'action sociale (CCAS) - Achenheim;67
ccas@salleboeuf.fr;Centre communal d'action sociale (CCAS) - Sallebœuf;33
ccas@villepreux.fr;Centre communal d'action sociale (CCAS) - Villepreux;78
mairie@bitschwiller-les-thann.fr;Centre communal d'action sociale (CCAS) - Bitschwiller-lès-Thann;68
vireuxwallerand@orange.fr;Centre communal d'action sociale (CCAS) - Vireux-Wallerand;08
ccas@naintre.fr;Centre communal d'action sociale (CCAS) - Naintré;86
ccas@ville-mazingarbe.fr;Centre communal d'action sociale (CCAS) - Mazingarbe;62
ccas@larochechalais.fr;Centre communal d'action sociale (CCAS) - Gâcogne;58
mairie@la-valla-en-gier.fr;Centre communal d'action sociale (CCAS) - La Valla-en-Gier;42
mairie@charbonniereslesbains.com;Centre communal d'action sociale (CCAS) - Charbonnières-les-Bains;69
compa@pannece.fr;Centre communal d'action sociale (CCAS) - Pannecé;44
mairie@stprivatdevallongue.fr;Centre communal d'action sociale (CCAS) - Saint-Privat-de-Vallongue;48
ccas@ville-biscarrosse.fr;Centre communal d'action sociale (CCAS) - Biscarrosse;40
mairie@coteauxdublanzacais.fr;Centre communal d'action sociale (CCAS) - Coteaux-du-Blanzacais;16
accueil@mairie-mouries.fr;Centre communal d'action sociale (CCAS) - Mouriès;13
mairie.laroche@wanadoo.fr;Centre communal d'action sociale (CCAS) - Laroche-Saint-Cydroine;89
ccas@mairie-altkirch.fr;Centre communal d'action sociale (CCAS) - Altkirch;68
mairie.arzenc.de.randon@wanadoo.fr;Centre communal d'action sociale (CCAS) - Arzenc-de-Randon;48
social@riecsurbelon.bzh;Centre communal d'action sociale (CCAS) - Riec-sur-Bélon;29
accueil@mairiecosnesurloire.fr;Centre communal d'action sociale (CCAS) - Cosne-Cours-sur-Loire;58
commune-de-lavallee@orange.fr;Centre communal d'action sociale (CCAS) - Lavallée;55
mairiedegaujac@orange.fr;Centre communal d'action sociale (CCAS) - Gaujac;32
mairie-montech@info82.com;Centre communal d'action sociale (CCAS) - Montech;82
mairie-st-guilhem@orange.fr;Centre communal d'action sociale (CCAS) - Saint-Guilhem-le-Désert;34
crosdegeorand-mairie@orange.fr;Centre communal d'action sociale (CCAS) - Cros-de-Géorand;07
mairie.ibos@ville-ibos.fr;Centre communal d'action sociale (CCAS) - Ibos;65
mairie@labbeville.fr;Centre communal d'action sociale (CCAS) - Labbeville;95
mairie.coutevroult.accueil@gmail.com;Centre communal d'action sociale (CCAS) - Coutevroult;77
mairie.anould@wanadoo.fr;Centre communal d'action sociale (CCAS) - Anould;88
accueil@bouee.fr;Centre communal d'action sociale (CCAS) - Bouée;44
mairie.toucy@ville-toucy.fr;Centre communal d'action sociale (CCAS) - Toucy;89
mairie@ablain-st-nazaire.com;Centre communal d'action sociale (CCAS) - Ablain-Saint-Nazaire;62
mairie.fesches-25@wanadoo.fr;Centre communal d'action sociale (CCAS) - Fesches-le-Châtel;25
mairie.cognat-lyonne@wanadoo.fr;Centre communal d'action sociale (CCAS) - Cognat-Lyonne;03
mairie@mairie-aixesurvienne.fr;Centre communal d'action sociale (CCAS) - Aixe-sur-Vienne;87
contact@ville-saint-gilles.fr;Centre communal d'action sociale (CCAS) - Saint-Gilles Gard;30
mairiedecoulombsenvalois@gmail.com;Centre communal d'action sociale (CCAS) - Coulombs-en-Valois;77
secretariat-ermenonville@orange.fr;Centre communal d'action sociale (CCAS) - Ermenonville;60
ccas@escalquens.fr;Centre communal d'action sociale (CCAS) - Escalquens;31
mairie@lhuisserie.fr;Centre communal d'action sociale (CCAS) - L'Huisserie;53
mairie.lannux@wanadoo.fr;Centre communal d'action sociale (CCAS) - Lannux;32
mairie.st-nicolas-tertre@wanadoo.fr;Centre communal d'action sociale (CCAS) - Saint-Nicolas-du-Tertre;56
commune.valpuiseaux@wanadoo.fr;Centre communal d'action sociale (CCAS) - Valpuiseaux;91
beaune@mairie-beaune.fr;Centre communal d'action sociale (CCAS) - Beaune;21
ccas@lehavre.fr;Centre communal d'action sociale (CCAS) - Le Havre;76
mairie@varennessurloire.fr;Centre communal d'action sociale (CCAS) - Varennes-sur-Loire;49
accueil@prayssac.fr;Centre communal d'action sociale (CCAS) - Prayssac;46
mairiedesion@wanadoo.fr;Centre communal d'action sociale (CCAS) - Sion;32
ccas@vertlepetit.fr;Centre communal d'action sociale (CCAS) - Vert-le-Petit;91
mairie.nods@orange.fr;Centre communal d'action sociale (CCAS) - Les Premiers Sapins;25
fresnay-le-gilmert.mairie@wanadoo.fr;Centre communal d'action sociale (CCAS) - Fresnay-le-Gilmert;28
mairie.chaum@orange.fr;Centre communal d'action sociale (CCAS) - Chaum;31
ccas@chateaubourg.fr;Centre communal d'action sociale (CCAS) - Châteaubourg;35
bouligny.mairie@wanadoo.fr;Centre communal d'action sociale (CCAS) - Bouligny;55
ccas@jonquieres.fr;Centre communal d'action sociale (CCAS) - Jonquières;84
mairie@void-vacon.fr;Centre communal d'action sociale (CCAS) - Void-Vacon;55
secretariat@noyers-sur-cher.fr;Centre communal d'action sociale (CCAS) - Noyers-sur-Cher;41
secretaire.mairie.mours@wanadoo.fr;Centre communal d'action sociale (CCAS) - Mours;95
commune.villersenhaye@wanadoo.fr;Centre communal d'action sociale (CCAS) - Villers-en-Haye;54
ccas@mairie-athis-mons.fr;Centre communal d'action sociale (CCAS) - Athis-Mons;91
ccas@villedepegomas.fr;Centre communal d'action sociale (CCAS) - Pégomas;06
mairie-boisseilalande0935@orange.fr;Centre communal d'action sociale (CCAS) - Boissei-la-Lande;61
mairie@plechatel.fr;Centre communal d'action sociale (CCAS) - Pléchâtel;35
ccas@mairie-briancon.fr;Centre communal d'action sociale (CCAS) - Briançon;05
aide-sociale@ville-ouistreham.fr;Centre communal d'action sociale (CCAS) - Ouistreham;14
mairie@arcisses.fr;Centre communal d'action sociale (CCAS) - Arcisses;28
mairie@voiteur.fr;Centre communal d'action sociale (CCAS) - Voiteur;39
mairie.kirschnaumen@orange.fr;Centre communal d'action sociale (CCAS) - Kirschnaumen;57
mairie.fontes@wanadoo.fr;Centre communal d'action sociale (CCAS) - Fontès;34
ccas@mairie-seyssins.fr;Centre communal d'action sociale (CCAS) - Seyssins;38
contact@ville-thure.fr;Centre communal d'action sociale (CCAS) - Thuré;86
mairie-puchay@orange.fr;Centre communal d'action sociale (CCAS) - Puchay;27
mattonm@wanadoo.fr;Centre communal d'action sociale (CCAS) - Matton-et-Clémency;08
mairiedemarnes@wanadoo.fr;Centre communal d'action sociale (CCAS) - Marnes-la-Coquette;92
mairie.pontru@wanadoo.fr;Centre communal d'action sociale (CCAS) - Attilly;02
ccas@mairiedeciboure.com;Centre communal d'action sociale (CCAS) - Ciboure;64
hoteldeville@viarmes.fr;Centre communal d'action sociale (CCAS) - Viarmes;95
contact@ville-pamiers.fr;Centre communal d'action sociale (CCAS) - Pamiers;09
mairie.malvieres@orange.fr;Centre communal d'action sociale (CCAS) - Malvières;43
contact@roscoff.bzh;Centre communal d'action sociale (CCAS) - Roscoff;29
maire@ploubalay.fr;Centre communal d'action sociale (CCAS) - Beaussais-sur-Mer;22
mairie@quierylamotte.fr;Centre communal d'action sociale (CCAS) - Quiéry-la-Motte;62
mairie@fegreac.fr;Centre communal d'action sociale (CCAS) - Fégréac;44
mairie.aigurande@wanadoo.fr;Centre communal d'action sociale (CCAS) - Aigurande;36
ccas-clermont-herault@wanadoo.fr;Centre communal d'action sociale (CCAS) - Clermont-l'Hérault;34
ccas@ville-bressuire.fr;Centre communal d'action sociale (CCAS) - Bressuire;79
mairie@ville-gap.fr;Centre communal d'action sociale (CCAS) - Gap;05
mairie.gaudonville@gmail.com;Centre communal d'action sociale (CCAS) - Gaudonville;32
accueil@mairievarilhes.fr;Centre communal d'action sociale (CCAS) - Varilhes;09
mairiedemascaras65@orange.fr;Centre communal d'action sociale (CCAS) - Mascaras Hautes-Pyrénées;65
laure-minervois.mairie@wanadoo.fr;Centre communal d'action sociale (CCAS) - Laure-Minervois;11
secretariat.general@camblain-chatelain.fr;Centre communal d'action sociale (CCAS) - Camblain-Châtelain;62
mairie-st-jean-les-2-jumeaux@wanadoo.fr;Centre communal d'action sociale (CCAS) - Saint-Jean-les-Deux-Jumeaux;77
contact@mairie-belleville.fr;Centre communal d'action sociale (CCAS) - Belleville-en-Beaujolais;69
mairie.saintmartindespres@wanadoo.fr;Centre communal d'action sociale (CCAS) - Saint-Martin-des-Prés;22
mairie.derval.elect@free.fr;Centre communal d'action sociale (CCAS) - Derval;44
ccas@ville-lege44.fr;Centre communal d'action sociale (CCAS) - Legé;44
mairie@bu-28.fr;Centre communal d'action sociale (CCAS) - Bû;28
contact@locquirec.bzh;Centre communal d'action sociale (CCAS) - Locquirec;29
secretariat@belforet.fr;Centre communal d'action sociale (CCAS) - Belforêt-en-Perche;61
mairie@boransuroise.fr;Centre communal d'action sociale (CCAS) - Boran-sur-Oise;60
etalans@wanadoo.fr;Centre communal d'action sociale (CCAS) - Étalans;25
mairie@lafrettesurseine.fr;Centre communal d'action sociale (CCAS) - La Frette-sur-Seine;95
mairie@saintmichel91.fr;Centre communal d'action sociale (CCAS) - Saint-Michel-sur-Orge;91
ccas@lesneven.bzh;Centre communal d'action sociale (CCAS) - Lesneven;29
mairiearne@laposte.net;Centre communal d'action sociale (CCAS) - Arné;65
mairie@st-genest-malifaux.fr;Centre communal d'action sociale (CCAS) - Saint-Genest-Malifaux;42
ccas@mairie-puilboreau.fr;Centre communal d'action sociale (CCAS) - Puilboreau;17
mairie.infos@betschdorf.com;Centre communal d'action sociale (CCAS) - Betschdorf;67
mairie@saintecroixenplaine.fr;Centre communal d'action sociale (CCAS) - Sainte-Croix-en-Plaine;68
ccas@mairie-cazilhac.fr;Centre communal d'action sociale (CCAS) - Cazilhac Aude;11
serazereux.mairie@outlook.fr;Centre communal d'action sociale (CCAS) - Serazereux;28
mairie.bonnat@orange.fr;Centre communal d'action sociale (CCAS) - Bonnat;23
mairie@ville-montbeton.fr;Centre communal d'action sociale (CCAS) - Montbeton;82
mairie@mairie-messimy.fr;Centre communal d'action sociale (CCAS) - Messimy;69
vlepetz@ville-illies.fr;Centre communal d'action sociale (CCAS) - Illies;59
mairie@aiglemont.fr;Centre communal d'action sociale (CCAS) - Aiglemont;08
mairie.auzainvilliers@orange.fr;Centre communal d'action sociale (CCAS) - Auzainvilliers;88
ccas@mairie-essomes.com;Centre communal d'action sociale (CCAS) - Essômes-sur-Marne;02
mairie.ceintrey@wanadoo.fr;Centre communal d'action sociale (CCAS) - Ceintrey;54
secretariat@mairie-goeulzin.fr;Centre communal d'action sociale (CCAS) - Gœulzin;59
mairie.flavigny@wanadoo.fr;Centre communal d'action sociale (CCAS) - Flavigny;18
mairie-parassy@orange.fr;Centre communal d'action sociale (CCAS) - Parassy;18
mairie-finhan@info82.com;Centre communal d'action sociale (CCAS) - Finhan;82
mairie@leliondangers.fr;Centre communal d'action sociale (CCAS) - Le Lion-d'Angers;49
mairiecambrin@wanadoo.fr;Centre communal d'action sociale (CCAS) - Cambrin;62
contact@mairie-anduze.fr;Centre communal d'action sociale (CCAS) - Anduze;30
secretariat@damerey.fr;Centre communal d'action sociale (CCAS) - Damerey;71
mairie-holnon2@wanadoo.fr;Centre communal d'action sociale (CCAS) - Holnon;02
mairie.thillot@lethillot88.fr;Centre communal d'action sociale (CCAS) - Le Thillot;88
cias@grand-dax.fr;Centre intercommunal d'action sociale (CIAS) du Dax;40
secretariat-general@frenouville.com;Centre communal d'action sociale (CCAS) - Frénouville;14
ccas@brettevillesurodon.fr;Centre communal d'action sociale (CCAS) - Bretteville-sur-Odon;14
la-croixille@wanadoo.fr;Centre communal d'action sociale (CCAS) - La Croixille;53
contact@mairie-creon.fr;Centre communal d'action sociale (CCAS) - Créon;33
hpad.neussargues@wanadoo.fr;Centre communal d'action sociale (CCAS) - Neussargues en Pinatelle;15
mairiedesavournon@orange.fr;Centre communal d'action sociale (CCAS) - Savournon;05
mairie.caden@wanadoo.fr;Centre communal d'action sociale (CCAS) - Caden;56
ccas@villers-semeuse.fr;Centre communal d'action sociale (CCAS) - Villers-Semeuse;08
maire.haudeville@wanadoo.fr;Centre communal d'action sociale (CCAS) - Hauville;27
mairie-sg-houdetot@wanadoo.fr;Centre communal d'action sociale (CCAS) - Houdetot;76
mairie@warluis.fr;Centre communal d'action sociale (CCAS) - Warluis;60
accueil@mairieparigneleveque.com;Centre communal d'action sociale (CCAS) - Parigné-l'Évêque;72
ccas@ville-montlouis-loire.fr;Centre communal d'action sociale (CCAS) - Montlouis-sur-Loire;37
contact@ville-bousbecque.net;Centre communal d'action sociale (CCAS) - Bousbecque;59
ccas@ville-tergnier.fr;Centre communal d'action sociale (CCAS) - Tergnier;02
contact@villedegenay.com;Centre communal d'action sociale (CCAS) - Genay;69
mairie@montcornet.fr;Centre communal d'action sociale (CCAS) - Montcornet;02
mairie@argentre.fr;Centre communal d'action sociale (CCAS) - Argentré;53
contact@mairiedegivry.fr;Centre communal d'action sociale (CCAS) - Givry;71
mairie.vendeuil@orange.fr;Centre communal d'action sociale (CCAS) - Vendeuil;02
commune.possesse@orange.fr;Centre communal d'action sociale (CCAS) - Possesse;51
mairie.stlubin@orange.fr;Centre communal d'action sociale (CCAS) - Saint-Lubin-en-Vergonnois;41
accueil1@richardmenil.fr;Centre communal d'action sociale (CCAS) - Richardménil;54
mairielaignes@orange.fr;Centre communal d'action sociale (CCAS) - Laignes;21
mairie.duran@wanadoo.fr;Centre communal d'action sociale (CCAS) - Duran;32
mairie-cravant@wanadoo.fr;Centre communal d'action sociale (CCAS) - Deux Rivières;89
ccas@mairie-rosporden.fr;Centre communal d'action sociale (CCAS) - Rosporden;29
ccas@montignysurloing.fr;Centre communal d'action sociale (CCAS) - Montigny-sur-Loing;77
accueil@lucinges.fr;Centre communal d'action sociale (CCAS) - Lucinges;74
commune@champagnelesmarais.com;Centre communal d'action sociale (CCAS) - Champagné-les-Marais;85
contact@ville-roubaix.fr;Centre communal d'action sociale (CCAS) - Roubaix;59
ccas-franceservices@saintnicolasdeport.fr;Centre communal d'action sociale (CCAS) - Saint-Nicolas-de-Port;54
mairie@fegersheim.fr;Centre communal d'action sociale (CCAS) - Fegersheim;67
commune.montegut@wanadoo.fr;Centre communal d'action sociale (CCAS) - Montégut;32
mairie.coudray@wanadoo.fr;Centre communal d'action sociale (CCAS) - Coudray;27
contact@neewiller.fr;Centre communal d'action sociale (CCAS) - Neewiller-près-Lauterbourg;67
accueil@tuffe.fr;Centre communal d'action sociale (CCAS) - Tuffé Val de la Chéronne;72
ccas@mairie-venerque.fr;Centre communal d'action sociale (CCAS) - Venerque;31
mairiededunkerque@ville-dunkerque.fr;Centre communal d'action sociale (CCAS) - Dunkerque;59
mairiedelere@wanadoo.fr;Centre communal d'action sociale (CCAS) - Léré;18
ccas@carnoules.fr;Centre communal d'action sociale (CCAS) - Carnoules;83
mairie@berric.fr;Centre communal d'action sociale (CCAS) - Berric;56
ccas@villedulorrain.com;Centre communal d'action sociale (CCAS) - Le Lorrain;972
mairie@claveisolles.fr;Centre communal d'action sociale (CCAS) - Claveisolles;69
accueil@mairiemoignysurecole.fr;Centre communal d'action sociale (CCAS) - Moigny-sur-École;91
infos@chatenay-malabry.fr;Centre communal d'action sociale (CCAS) - Châtenay-Malabry;92
contact@mairie-bezons.fr;Centre communal d'action sociale (CCAS) - Bezons;95
mairie.mansempuy@orange.fr;Centre communal d'action sociale (CCAS) - Mansempuy;32
mairie@lasalvetatsuragout.fr;Centre communal d'action sociale (CCAS) - La Salvetat-sur-Agout;34
ccas@manteslajolie.fr;Centre communal d'action sociale (CCAS) - Mantes-la-Jolie;78
accueil.wingersheim4bans@payszorn.com;Centre communal d'action sociale (CCAS) - Wingersheim les Quatre Bans;67
mairie@labathie.fr;Centre communal d'action sociale (CCAS) - La Bâthie;73
mairie@vernantes.fr;Centre communal d'action sociale (CCAS) - Vernantes;49
ccas.secretariat@escaudoeuvres.fr;Centre communal d'action sociale (CCAS) - Escaudœuvres;59
mairie-de-ballon@wanadoo.fr;Centre communal d'action sociale (CCAS) - Ballon-Saint Mars;72
mairie@salvagnac.fr;Centre communal d'action sociale (CCAS) - Salvagnac;81
mairie@vire-en-maconnais.fr;Centre communal d'action sociale (CCAS) - Viré;71
ccas@ville-sartrouville.fr;Centre communal d'action sociale (CCAS) - Sartrouville;78
contact-mairie@saulnes.fr;Centre communal d'action sociale (CCAS) - Saulnes;54
accueil@lacrouzette.fr;Centre communal d'action sociale (CCAS) - Lacrouzette;81
mairie@mirepoix.fr;Centre communal d'action sociale (CCAS) - Mirepoix;09
mairie@gouffernenauge.fr;Centre communal d'action sociale (CCAS) - Gouffern en Auge;61
mairie-de-peronville@wanadoo.fr;Centre communal d'action sociale (CCAS) - Péronville;28
ccas@marcel27.fr;Centre communal d'action sociale (CCAS) - Saint-Marcel;27
ccas71230@mairie-saintvallier.fr;Centre communal d'action sociale (CCAS) - Saint-Vallier Saône-et-loire;71
mairie.meyrannes@wanadoo.fr;Centre communal d'action sociale (CCAS) - Meyrannes;30
accueil@ville-coulon.fr;Centre communal d'action sociale (CCAS) - Coulon;79
souligne-sous-ballon.mairie@wanadoo.fr;Centre communal d'action sociale (CCAS) - Souligné-sous-Ballon;72
mairiederiviereslebois@wanadoo.fr;Centre communal d'action sociale (CCAS) - Rivières-le-Bois;52
mairie.labastide0779@orange.fr;Centre communal d'action sociale (CCAS) - Pierrevert;04
contact@chateauneufdegadagne.com;Centre communal d'action sociale (CCAS) - Châteauneuf-de-Gadagne;84
accueil@carpiquet-mairie.fr;Centre communal d'action sociale (CCAS) - Carpiquet;14
mairie@viella.fr;Centre communal d'action sociale (CCAS) - Viella;32
mairie@lambreslezdouai.fr;Centre communal d'action sociale (CCAS) - Lambres-lez-Douai;59
mairie@lesbouchoux.fr;Centre communal d'action sociale (CCAS) - Les Bouchoux;39
contact@mairie-millery.fr;Centre communal d'action sociale (CCAS) - Millery;69
mons.mairie@wanadoo.fr;Centre communal d'action sociale (CCAS) - Mons-en-Laonnois;02
s.communication@ville-isle-adam.fr;Centre communal d'action sociale (CCAS) - L'Isle-Adam;95
mairie-accueil@egreville.fr;Centre communal d'action sociale (CCAS) - Égreville;77
ccas@villeneuve-les-beziers.fr;Centre communal d'action sociale (CCAS) - Villeneuve-lès-Béziers;34
ccas@mallemort13.fr;Centre communal d'action sociale (CCAS) - Mallemort;13
mairie@ville-munster68.fr;Centre communal d'action sociale (CCAS) - Munster;68
mairie@percheennoce.fr;Centre communal d'action sociale (CCAS) - Perche en Nocé;61
mairie@pontdelarche.fr;Centre communal d'action sociale (CCAS) - Pont-de-l'Arche;27
maire@beaucouze.fr;Centre communal d'action sociale (CCAS) - Beaucouzé;49
mairie.lalande.en.son@wanadoo.fr;Centre communal d'action sociale (CCAS) - Lalande-en-Son;60
mairie.stjustin@orange.fr;Centre communal d'action sociale (CCAS) - Saint-Justin;32
ccas@ville-argelessurmer.fr;Centre communal d'action sociale (CCAS) - Argelès-sur-Mer;66
ccas@toulouges.fr;Centre communal d'action sociale (CCAS) - Toulouges;66
mairie.monties@wanadoo.fr;Centre communal d'action sociale (CCAS) - Monties;32
etatcivil.saverdun@gmail.com;Centre communal d'action sociale (CCAS) - Saverdun;09
ccas@ville-lehaillan.fr;Centre communal d'action sociale (CCAS) - Le Haillan;33
mairie.la.meyze@orange.fr;Centre communal d'action sociale (CCAS) - La Meyze;87
mairie@munchhouse.fr;Centre communal d'action sociale (CCAS) - Munchhouse;68
contact@lethoronet.fr;Centre communal d'action sociale (CCAS) - Le Thoronet;83
mairie.tourvillelacampagne@orange.fr;Centre communal d'action sociale (CCAS) - Tourville-la-Campagne;27
mairie@ville-douvaine.fr;Centre communal d'action sociale (CCAS) - Douvaine;74
mairie.saintdenisdegastines@orange.fr;Centre communal d'action sociale (CCAS) - Saint-Denis-de-Gastines;53
mairiedepayns@orange.fr;Centre communal d'action sociale (CCAS) - Payns;10
mairie@villaines-sous-malicorne.fr;Centre communal d'action sociale (CCAS) - Villaines-sous-Malicorne;72
mairie.montaigutleblanc@gmail.com;Centre communal d'action sociale (CCAS) - Montaigut-le-Blanc;63
secretariat-mairie-hesdigneul-les-bethune@orange.fr;Centre communal d'action sociale (CCAS) - Hesdigneul-lès-Béthune;62
mairie-de-diou@wanadoo.fr;Centre communal d'action sociale (CCAS) - Dompierre-sur-Besbre;03
mairie.lasserre2@wanadoo.fr;Centre communal d'action sociale (CCAS) - Lasserre-Pradère;31
mairie@holtzheim.fr;Centre communal d'action sociale (CCAS) - Holtzheim;67
contactmairie@ville-guer.fr;Centre communal d'action sociale (CCAS) - Guer;56
secretariat@mairie-tredaniel.fr;Centre communal d'action sociale (CCAS) - Trédaniel;22
cernay@ville-cernay.fr;Centre communal d'action sociale (CCAS) - Cernay Haut-Rhin;68
mairie@genouillac-23.fr;Centre communal d'action sociale (CCAS) - Genouillac;23
mairie@ferin.fr;Centre communal d'action sociale (CCAS) - Férin;59
moulin-des-roches@wanadoo.fr;Centre communal d'action sociale (CCAS) - Toulon-sur-Arroux;71
mairie@ville-barcelonnette.fr;Centre communal d'action sociale (CCAS) - Barcelonnette;04
communication@ville-rosny78.fr;Centre communal d'action sociale (CCAS) - Rosny-sur-Seine;78
mairie-senan89710@orange.fr;Centre communal d'action sociale (CCAS) - Senan;89
contact@ville-cormeilles95.fr;Centre communal d'action sociale (CCAS) - Cormeilles-en-Parisis;95
mairievemars@mairievemars.fr;Centre communal d'action sociale (CCAS) - Vémars;95
secretariat@commune-brettevillesurlaize.com;Centre communal d'action sociale (CCAS) - Bretteville-sur-Laize;14
administration@ville-cuincy.fr;Centre communal d'action sociale (CCAS) - Cuincy;59
mairie@tournon-sur-rhone.fr;Centre communal d'action sociale (CCAS) - Tournon-sur-Rhône;07
accueil@mairiesjv.fr;Centre communal d'action sociale (CCAS) - Saint-Jean-de-Valériscle;30
social@mairie-begles.fr;Centre communal d'action sociale (CCAS) - Bègles;33
service.information@mairie-orly.fr;Centre communal d'action sociale (CCAS) - Orly;94
mairie@entzheim.fr;Centre communal d'action sociale (CCAS) - Entzheim;67
mairie@montmeyran.fr;Centre communal d'action sociale (CCAS) - Montmeyran;26
mairie@saint-beron.org;Centre communal d'action sociale (CCAS) - Saint-Béron;73
mairie.stmardsurlemont@orange.fr;Centre communal d'action sociale (CCAS) - Saint-Mard-sur-le-Mont;51
mairie@avolsheim.fr;Centre communal d'action sociale (CCAS) - Avolsheim;67
mairie-monclar.de.quercy@info82.com;Centre communal d'action sociale (CCAS) - Monclar-de-Quercy;82
mairie.versillat@gmail.com;Centre communal d'action sociale (CCAS) - Saint-Agnant-de-Versillat;23
contact@agoncoutainville.fr;Centre communal d'action sociale (CCAS) - Agon-Coutainville;50
accueil.ccas@transenprovence.fr;Centre communal d'action sociale (CCAS) - Trans-en-Provence;83
mairie@lesaixdangillon.fr;Centre communal d'action sociale (CCAS) - Les Aix-d'Angillon;18
mairie@peujard.com;Centre communal d'action sociale (CCAS) - Peujard;33
mairiehenrichemont@orange.fr;Centre communal d'action sociale (CCAS) - Henrichemont;18
contact@mairie-lucciana.fr;Centre communal d'action sociale (CCAS) - Lucciana;2B
mairie@saint-loup-geanges.fr;Centre communal d'action sociale (CCAS) - Saint-Loup-Géanges;71
mairie@berat.fr;Centre communal d'action sociale (CCAS) - Bérat;31
mairie@ernolsheim-bruche.fr;Centre communal d'action sociale (CCAS) - Ernolsheim-Bruche;67
contact@vigneuxdebretagne.fr;Centre communal d'action sociale (CCAS) - Vigneux-de-Bretagne;44
accueil@saintcyrsurmenthon.fr;Centre communal d'action sociale (CCAS) - Saint-Cyr-sur-Menthon;01
mairie@villeneuve-st-germain.fr;Centre communal d'action sociale (CCAS) - Villeneuve-Saint-Germain;02
ccas@mairie-soustons.fr;Centre communal d'action sociale (CCAS) - Soustons;40
mairie.mauroux32@orange.fr;Centre communal d'action sociale (CCAS) - Mauroux;32
mairie@ventelay.fr;Centre communal d'action sociale (CCAS) - Ventelay;51
contact@bourgueil.fr;Centre communal d'action sociale (CCAS) - Bourgueil;37
ccas@cerans-foulletourte.fr;Centre communal d'action sociale (CCAS) - Cérans-Foulletourte;72
mairie.saint.agnan.vercors@wanadoo.fr;Centre communal d'action sociale (CCAS) - Saint-Agnan-en-Vercors;26
ccas@aigues-vives.fr;Centre communal d'action sociale (CCAS) - Aigues-Vives;30
saint-sauveur-camprieu@orange.fr;Centre communal d'action sociale (CCAS) - Saint-Sauveur-Camprieu;30
mairie@grezsurloing.fr;Centre communal d'action sociale (CCAS) - Grez-sur-Loing;77
affgenerales@neuvillesuroise.fr;Centre communal d'action sociale (CCAS) - Neuville-sur-Oise;95
mairie@saintaubinsurmer.fr;Centre communal d'action sociale (CCAS) - Saint-Aubin-sur-Mer Calvados;14
mairie@valdisere.fr;Centre communal d'action sociale (CCAS) - Val-d'Isère;73
contact@ccas-cavaillon.fr;Centre communal d'action sociale (CCAS) - Cavaillon;84
mairie.juille72@wanadoo.fr;Centre communal d'action sociale (CCAS) - Juillé;72
ccas@ville-maubeuge.fr;Centre communal d'action sociale (CCAS) - Maubeuge;59
commune-borderes-louron@orange.fr;Centre communal d'action sociale (CCAS) - Bordères-Louron;65
mairie@ste-menehould.fr;Centre communal d'action sociale (CCAS) - Sainte-Menehould;51
ccas@erdre-en-anjou.fr;Centre communal d'action sociale (CCAS) - Erdre-en-Anjou;49
mairie.nassandres@wanadoo.fr;Centre communal d'action sociale (CCAS) - Nassandres sur Risle;27
mairie.guiscriff@gmail.com;Centre communal d'action sociale (CCAS) - Guiscriff;56
mairie@stbonnetdejoux.fr;Centre communal d'action sociale (CCAS) - Saint-Bonnet-de-Joux;71
mairie@lemerevillois.fr;Centre communal d'action sociale (CCAS) - Le Mérévillois;91
mairie@vernoux-en-vivarais.fr;Centre communal d'action sociale (CCAS) - Vernoux-en-Vivarais;07
mairie@caussedelaselle.fr;Centre communal d'action sociale (CCAS) - Causse-de-la-Selle;34
ccas@sgdd.fr;Centre communal d'action sociale (CCAS) - Saint-Georges-de-Didonne;17
mairiedecologne.christine@wanadoo.fr;Centre communal d'action sociale (CCAS) - Cologne;32
contact@saintmartinlapallu.fr;Centre communal d'action sociale (CCAS) - Saint-Martin-la-Pallu;86
mairie@communay.fr;Centre communal d'action sociale (CCAS) - Communay;69
mairie.commune-arlempdes@orange.fr;Centre communal d'action sociale (CCAS) - Arlempdes;43
mairie@rey78.fr;Centre communal d'action sociale (CCAS) - Rochefort-en-Yvelines;78
mairie-de-lesquielles-saint-ger@wanadoo.fr;Centre communal d'action sociale (CCAS) - Lesquielles-Saint-Germain;02
mairie@briouze.fr;Centre communal d'action sociale (CCAS) - Briouze;61
contact@ccas-hyeres.fr;Centre communal d'action sociale (CCAS) - Hyères;83
mairie@bavilliers.fr;Centre communal d'action sociale (CCAS) - Bavilliers;90
mairie-fauquembergues@wanadoo.fr;Centre communal d'action sociale (CCAS) - Fauquembergues;62
mairie@ville-acigne.fr;Centre communal d'action sociale (CCAS) - Acigné;35
ccas@mesnilroch.bzh;Centre communal d'action sociale (CCAS) - Mesnil-Roc'h;35
mairie.st.eloi@free.fr;Centre communal d'action sociale (CCAS) - Saint-Éloi-de-Fourques;27
secretariat.viesociale@saint-armel-35.fr;Centre communal d'action sociale (CCAS) - Saint-Armel;35
mairie@eschau.fr;Centre communal d'action sociale (CCAS) - Eschau;67
secretariat.mairie@lerussey.fr;Centre communal d'action sociale (CCAS) - Le Russey;25
mairie@plombieres-les-dijon.fr;Centre communal d'action sociale (CCAS) - Plombières-lès-Dijon;21
ville@97225marigot.com;Centre communal d'action sociale (CCAS) - Le Marigot;972
accueil@mairie-marboz.fr;Centre communal d'action sociale (CCAS) - Marboz;01
mairie.yronde-buron@orange.fr;Centre communal d'action sociale (CCAS) - Yronde-et-Buron;63
ccas@ville-dompierre-sur-mer.fr;Centre communal d'action sociale (CCAS) - Dompierre-sur-Mer;17
mairiestjeanpot@wanadoo.fr;Centre communal d'action sociale (CCAS) - Saint-Jean-la-Poterie;56
mairie@ruoms.fr;Centre communal d'action sociale (CCAS) - Ruoms;07
mairie.steenbecque@orange.fr;Centre communal d'action sociale (CCAS) - Steenbecque;59
mairie-saintescolasse@wanadoo.fr;Centre communal d'action sociale (CCAS) - Sainte-Scolasse-sur-Sarthe;61
ccas@mairie-leboulou.fr;Centre communal d'action sociale (CCAS) - Le Boulou;66
beauvais-sur-matha@mairie17.com;Centre communal d'action sociale (CCAS) - Beauvais-sur-Matha;17
mairie-de-parroy@wanadoo.fr;Centre communal d'action sociale (CCAS) - Parroy;54
mairie.plancy@wanadoo.fr;Centre communal d'action sociale (CCAS) - Plancy-l'Abbaye;10
mairie@accons.fr;Centre communal d'action sociale (CCAS) - Accons;07
mairie.fiennes@wanadoo.fr;Centre communal d'action sociale (CCAS) - Fiennes;62
ccas@mairie-lepouliguen.fr;Centre communal d'action sociale (CCAS) - Le Pouliguen;44
secretariat.ccas@wanadoo.fr;Centre communal d'action sociale (CCAS) - Château-Thierry;02
mairie@seraucourt02790.fr;Centre communal d'action sociale (CCAS) - Seraucourt-le-Grand;02
mairie@laventie.fr;Centre communal d'action sociale (CCAS) - Laventie;62
mairie.st.cyr.du.ronceray@wanadoo.fr;Centre communal d'action sociale (CCAS) - Valorbiquet;14
info@mairie-montsoult.fr;Centre communal d'action sociale (CCAS) - Montsoult;95
accueil@saintouendesalleux.fr;Centre communal d'action sociale (CCAS) - Saint-Ouen-des-Alleux;35
mairie@fleac.fr;Centre communal d'action sociale (CCAS) - Fléac;16
contact@mairie-cours.fr;Centre communal d'action sociale (CCAS) - Cours;69
administration.mairie@mauregard.fr;Centre communal d'action sociale (CCAS) - Mauregard;77
mairie.chennebrun@gmail.com;Centre communal d'action sociale (CCAS) - Chennebrun;27
mairie@plouider.bzh;Centre communal d'action sociale (CCAS) - Plouider;29
mairie.dammartin-en-serve@wanadoo.fr;Centre communal d'action sociale (CCAS) - Dammartin-en-Serve;78
ccas@meung-sur-loire.com;Centre communal d'action sociale (CCAS) - Meung-sur-Loire;45
accueil@mairie-pezens.fr;Centre communal d'action sociale (CCAS) - Pezens;11
mairie@sept-sorts.fr;Centre communal d'action sociale (CCAS) - Sept-Sorts;77
mairie.de.pithiviers.le.vieil@wanadoo.fr;Centre communal d'action sociale (CCAS) - Pithiviers-le-Vieil;45
contact@latitude-nord-gironde.fr;Centre intercommunal d’action sociale (CIAS) Latitude Nord Gironde;33
mairie-eymoutiers@wanadoo.fr;Centre communal d'action sociale (CCAS) - Eymoutiers;87
mairie@ruptsurmoselle.fr;Centre communal d'action sociale (CCAS) - Rupt-sur-Moselle;88
ciasdelamontagnenoire@orange.fr;Centre intercommunal d'action sociale (CIAS) de la Mongagne Noire;11
accueil@brignogan-plages.fr;Centre communal d'action sociale (CCAS) - Plounéour-Brignogan-plages;29
mairie.stthibault@wanadoo.fr;Centre communal d'action sociale (CCAS) - Saint-Thibault;10
contact@condatsurvienne.fr;Centre communal d'action sociale (CCAS) - Condat-sur-Vienne;87
mairie.moras@wanadoo.fr;Centre communal d'action sociale (CCAS) - Moras-en-Valloire;26
mairiedecrisenoy@wanadoo.fr;Centre communal d'action sociale (CCAS) - Crisenoy;77
contact@mairieax.fr;Centre communal d'action sociale (CCAS) - Ax-les-Thermes;09
contact@latestedebuch.fr;Centre communal d'action sociale (CCAS) - La Teste-de-Buch;33
contact@smdl.org;Centre communal d'action sociale (CCAS) - Saint-Maurice-de-Lignon;43
mairie-pierre.levee@wanadoo.fr;Centre communal d'action sociale (CCAS) - Pierre-Levée;77
accueil@foret-fouesnant.bzh;Centre communal d'action sociale (CCAS) - La Forêt-Fouesnant;29
mairie.boissiere-ecole@wanadoo.fr;Centre communal d'action sociale (CCAS) - La Boissière-École;78
mairie@domazan.fr;Centre communal d'action sociale (CCAS) - Domazan;30
ccas@ville-courpiere.fr;Centre communal d'action sociale (CCAS) - Courpière;63
info@ombreedanjou.fr;Centre communal d'action sociale (CCAS) - Ombrée d'Anjou;49
secretariat@larivieresaintsauveur.fr;Centre communal d'action sociale (CCAS) - La Rivière-Saint-Sauveur;14
contact@mairie-lepallet.fr;Centre communal d'action sociale (CCAS) - Le Pallet;44
ccas@verny.fr;Centre communal d'action sociale (CCAS) - Verny;57
mairie@rohan.fr;Centre communal d'action sociale (CCAS) - Rohan;56
mairie@mairie-latresne.fr;Centre communal d'action sociale (CCAS) - Latresne;33
mairie@sallesdaude.fr;Centre communal d'action sociale (CCAS) - Salles-d'Aude;11
secretaire@moyen.fr;Centre communal d'action sociale (CCAS) - Moyen;54
mairie@ste-colombe.fr;Centre communal d'action sociale (CCAS) - Sainte-Colombe Rhône;69
ccas@mairie-gallargues.fr;Centre communal d'action sociale (CCAS) - Gallargues-le-Montueux;30
mairie@mazeres-lezons.fr;Centre communal d'action sociale (CCAS) - Mazères-Lezons;64
service.action.sociale@mairie-lutterbach.fr;Centre communal d'action sociale (CCAS) - Lutterbach;68
social@amilly45.fr;Centre communal d'action sociale (CCAS) - Amilly Loiret;45
saint-leonard.commune@orange.fr;Centre communal d'action sociale (CCAS) - Saint-Léonard Marne;51
mairie.bart@orange.fr;Centre communal d'action sociale (CCAS) - Bart;25
mairie@theding.fr;Centre communal d'action sociale (CCAS) - Théding;57
direction@augny.fr;Centre communal d'action sociale (CCAS) - Augny;57
st-andre.mairie@wanadoo.fr;Centre communal d'action sociale (CCAS) - Saint-André-de-Rosans;05
rivesdervoises52@orange.fr;Centre communal d'action sociale (CCAS) - Rives Dervoises;52
accueil@selles-sur-cher.fr;Centre communal d'action sociale (CCAS) - Selles-sur-Cher;41
mairie.brives.chrte@wanadoo.fr;Centre communal d'action sociale (CCAS) - Brives-sur-Charente;17
ccas@ville-beauchamp.fr;Centre communal d'action sociale (CCAS) - Beauchamp;95
ccas@maizieres-les-metz.fr;Centre communal d'action sociale (CCAS) - Maizières-lès-Metz;57
contact@lecoudraymacouard.fr;Centre communal d'action sociale (CCAS) - Le Coudray-Macouard;49
contact@saintclaudedediray.fr;Centre communal d'action sociale (CCAS) - Saint-Claude-de-Diray;41
ccas@ville-staubinducormier.fr;Centre communal d'action sociale (CCAS) - Saint-Aubin-du-Cormier;35
mairiedebrayenval@orange.fr;Centre communal d'action sociale (CCAS) - Bray-Saint-Aignan;45
secretaire@sempesserre.fr;Centre communal d'action sociale (CCAS) - Sempesserre;32
courrier@ccas-tampon.fr;Centre communal d'action sociale (CCAS) - Le Tampon;974
mairie@neydens.com;Centre communal d'action sociale (CCAS) - Neydens;74
mairie.diemeringen@wanadoo.fr;Centre communal d'action sociale (CCAS) - Diemeringen;67
mairie.nanteuillaforet@wanadoo.fr;Centre communal d'action sociale (CCAS) - Nanteuil-la-Forêt;51
mairie@louvigny57.fr;Centre communal d'action sociale (CCAS) - Louvigny Moselle;57
accueil@mairie-hanvec.fr;Centre communal d'action sociale (CCAS) - Hanvec;29
balan08@wanadoo.fr;Centre communal d'action sociale (CCAS) - Balan;08
hermonville51@gmail.com;Centre communal d'action sociale (CCAS) - Hermonville;51
mairie.airan@wanadoo.fr;Centre communal d'action sociale (CCAS) - Valambray;14
ccas@saleilles.fr;Centre communal d'action sociale (CCAS) - Saleilles;66
mairie.thil@thil.fr;Centre communal d'action sociale (CCAS) - Thil Ain;01
ccas@ville-selestat.fr;CCAS - Sélestat;67
contact@meaux.fr;Centre communal d'action sociale (CCAS) - Meaux;77
secretariat@stromainlamotte.fr;Centre communal d'action sociale (CCAS) - Saint-Romain-la-Motte;42
mairie.carcanieres@wanadoo.fr;Centre communal d'action sociale (CCAS) - Carcanières;09
contact@saint-jouan.com;Centre communal d'action sociale (CCAS) - Saint-Jouan-des-Guérets;35
mairie@valdulayon.fr;Centre communal d'action sociale (CCAS) - Val-du-Layon;49
mairie.orus@wanadoo.fr;Centre communal d'action sociale (CCAS) - Orus;09
commune.regny@wanadoo.fr;Centre communal d'action sociale (CCAS) - Regny;02
lcdmairie@wanadoo.fr;Centre communal d'action sociale (CCAS) - La Chaise-Dieu;43
ccas@ville-courbevoie.fr;Centre communal d'action sociale (CCAS) - Courbevoie;92
ccas@ville-theoulesurmer.fr;Centre communal d'action sociale (CCAS) - Théoule-sur-Mer;06
ccas@scionzier.fr;Centre communal d'action sociale (CCAS) - Scionzier;74
contact@mairie-sabres.fr;Centre communal d'action sociale (CCAS) - Sabres;40
mairie@stpdp.com;Centre communal d'action sociale (CCAS) - Saint-Pierre-du-Perray;91
ccas@ville-saint-lys.fr;Centre communal d'action sociale (CCAS) - Saint-Lys;31
ccas@mairie-villefranchedelauragais.fr;Centre communal d'action sociale (CCAS) - Villefranche-de-Lauragais;31
ccas@carrieres-sur-seine.fr;Centre communal d'action sociale (CCAS) - Carrières-sur-Seine;78
labastide-clermont@hotmail.fr;Centre communal d'action sociale (CCAS) - Labastide-Clermont;31
contact@ville-audruicq.fr;Centre communal d'action sociale (CCAS) - Audruicq;62
ccas@grand-charmont.com;Centre communal d'action sociale (CCAS) - Grand-Charmont;25
ccaslens@mairie-lens.fr;Centre communal d'action sociale (CCAS) - Lens;62
pihen-mairie@wanadoo.fr;Centre communal d'action sociale (CCAS) - Pihen-lès-Guînes;62
mairie-unieux@unieux.fr;Centre communal d'action sociale (CCAS) - Unieux;42
mairie.jouysousthelle@wanadoo.fr;Centre communal d'action sociale (CCAS) - Jouy-sous-Thelle;60
communedevelving@orange.fr;Centre communal d'action sociale (CCAS) - Velving;57
mairie@ville-lhopital.fr;Centre communal d'action sociale (CCAS) - L'Hôpital;57
mairie.brombos@orange.fr;Centre communal d'action sociale (CCAS) - Brombos;60
mairie.broyes022@orange.fr;Centre communal d'action sociale (CCAS) - Broyes;51
mairie@moussylevieux.fr;Centre communal d'action sociale (CCAS) - Moussy-le-Vieux;77
ccas@chassieu.fr;Centre communal d'action sociale (CCAS) - Chassieu;69
contact@mairie-blagnac.fr;Centre communal d'action sociale (CCAS) - Blagnac;31
mairie@hirsingue.fr;Centre communal d'action sociale (CCAS) - Hirsingue;68
accueil.ccas@arradon.fr;Centre communal d'action sociale (CCAS) - Arradon;56
contact@limeil.fr;Centre communal d'action sociale (CCAS) - Limeil-Brévannes;94
mairie.stsymphorien.de.lay@copler.fr;Centre communal d'action sociale (CCAS) - Saint-Symphorien-de-Lay;42
ccas@muzillac.fr;Centre communal d'action sociale (CCAS) - Muzillac;56
mairie.monetay-sur-loire@wanadoo.fr;Centre communal d'action sociale (CCAS) - Monétay-sur-Loire;03
ccas@mairie-ramatuelle.fr;Centre communal d'action sociale (CCAS) - Ramatuelle;83
mairie@pelves.fr;Centre communal d'action sociale (CCAS) - Pelves;62
communedemedan.accueil@orange.fr;Centre communal d'action sociale (CCAS) - Médan;78
mairie-chiry-ourscamp@wanadoo.fr;Centre communal d'action sociale (CCAS) - Chiry-Ourscamp;60
ccas@mairie-talange.fr;Centre communal d'action sociale (CCAS) - Talange;57
accueil@latrinitesurmer.fr;Centre communal d'action sociale (CCAS) - La Trinité-sur-Mer;56
mairie.sannerville@wanadoo.fr;Centre communal d'action sociale (CCAS) - Sannerville;14
mairie@trouillas.fr;Centre communal d'action sociale (CCAS) - Trouillas;66
mairie.lebiez@wanadoo.fr;Centre communal d'action sociale (CCAS) - Lebiez;62
mairie@cocheren.fr;Centre communal d'action sociale (CCAS) - Cocheren;57
mairie-begrolles-en-mauges@orange.fr;Centre communal d'action sociale (CCAS) - Bégrolles-en-Mauges;49
mairie.armentieux@orange.fr;Centre communal d'action sociale (CCAS) - Armentieux;32
contact@mairie-soual.fr;Centre communal d'action sociale (CCAS) - Soual;81
mairie.remilly-sur-tille@wanadoo.fr;Centre communal d'action sociale (CCAS) - Remilly-sur-Tille;21
mairie@landudal.fr;Centre communal d'action sociale (CCAS) - Landudal;29
contact@couternon.fr;Centre communal d'action sociale (CCAS) - Couternon;21
mairie.boege@wanadoo.fr;Centre communal d'action sociale (CCAS) - Boëge;74
mairie.beausite@wanadoo.fr;Centre communal d'action sociale (CCAS) - Beausite;55
mazirot.mairie@orange.fr;Centre communal d'action sociale (CCAS) - Mazirot;88
aguts.mairie@wanadoo.fr;Centre communal d'action sociale (CCAS) - Aguts;81
mairie@grosbliederstroff.fr;Centre communal d'action sociale (CCAS) - Grosbliederstroff;57
solidarite@villedeguillestre.fr;Centre communal d'action sociale (CCAS) - Guillestre;05
mairie.stecroixquint@wanadoo.fr;Centre communal d'action sociale (CCAS) - Sainte-Croix-de-Quintillargues;34
mairie-saint-amand-en-puisaye@orange.fr;Centre communal d'action sociale (CCAS) - Saint-Amand-en-Puisaye;58
mairie.bonnac@wanadoo.fr;Centre communal d'action sociale (CCAS) - Bonnac-la-Côte;87
ccas@pva.bzh;Centre communal d'action sociale (CCAS) - Pléneuf-Val-André;22
ville-de-quaedypre@wanadoo.fr;Centre communal d'action sociale (CCAS) - Quaëdypre;59
mairie.charensat.63@wanadoo.fr;Centre communal d'action sociale (CCAS) - Charensat;63
contact@hauconcourt.fr;Centre communal d'action sociale (CCAS) - Hauconcourt;57
accueil.mairie.stjacutlespins@orange.fr;Centre communal d'action sociale (CCAS) - Saint-Jacut-les-Pins;56
accueil.ccas@baden.fr;Centre communal d'action sociale (CCAS) - Baden;56
secretariat.brienon@gmail.com;Centre communal d'action sociale (CCAS) - Brienon-sur-Armançon;89
mairie-maillylechateau@orange.fr;Centre communal d'action sociale (CCAS) - Mailly-le-Château;89
ccas@ville-sangatte.fr;Centre communal d'action sociale (CCAS) - Sangatte;62
contact@mairie-genissac.fr;Centre communal d'action sociale (CCAS) - Génissac;33
craponnesurarzon@craponnesurarzon.fr;Centre communal d'action sociale (CCAS) - Craponne-sur-Arzon;43
mairielarre@wanadoo.fr;Centre communal d'action sociale (CCAS) - Larré;56
mairie.lachapellestmartin@wanadoo.fr;Centre communal d'action sociale (CCAS) - La Chapelle-Saint-Martin;73
accueil@nomexy.fr;Centre communal d'action sociale (CCAS) - Nomexy;88
mairie@barjouville.fr;Centre communal d'action sociale (CCAS) - Barjouville;28
mairie.allier@wanadoo.fr;Centre communal d'action sociale (CCAS) - Allier;65
secretariat.ccas3b@orange.fr;Centre communal d'action sociale (CCAS) - Les Trois-Bassins;974
ccas@septeuil.fr;Centre communal d'action sociale (CCAS) - Septeuil;78
tourouvre@tourouvreauperche.fr;Centre communal d'action sociale (CCAS) - Tourouvre au Perche;61
accueil.ccas@contrexeville.fr;Centre communal d'action sociale (CCAS) - Contrexéville;88
ccas@bernay27.fr;Centre communal d'action sociale (CCAS) - Bernay;27
social@olivet.fr;Centre communal d'action sociale (CCAS) - Olivet;45
mairieamilly28@gmail.com;Centre communal d'action sociale (CCAS) - Amilly Eure-et-Loir;28
contact@cc-macs.org;Centre intercommunal d'action sociale (CIAS) de Maremne Adour Côte-Sud;40
accueil@monnetier-mornex.fr;Centre communal d'action sociale (CCAS) - Monnetier-Mornex;74
ccas@mairie-ponteilla-nyls.fr;Centre communal d'action sociale (CCAS) - Ponteilla;66
mairie@saintgeorgesdereneins.fr;Centre communal d'action sociale (CCAS) - Saint-Georges-de-Reneins;69
mairie.argutdessous@orange.fr;Centre communal d'action sociale (CCAS) - Argut-Dessous;31
ccashoux@googlegroups.com;Centre communal d'action sociale (CCAS) - Houx;28
mairie-sorbets@wanadoo.fr;Centre communal d'action sociale (CCAS) - Sorbets;32
ccas@trebeurden.fr;Centre communal d'action sociale (CCAS) - Trébeurden;22
bethelainville.commune-de@orange.fr;Centre communal d'action sociale (CCAS) - Béthelainville;55
mairie@lafouillouse.fr;Centre communal d'action sociale (CCAS) - La Fouillouse;42
ccas@mairie-le-teil.fr;Centre communal d'action sociale (CCAS) - Le Teil;07
ccas@saint-clement-yonne.fr;Centre communal d'action sociale (CCAS) - Saint-Clement;89
contact@mairie-hospitalet.fr;Centre communal d'action sociale (CCAS) - L'Hospitalet-près-l'Andorre;09
contact@mairiemairieux.fr;Centre communal d'action sociale (CCAS) - Mairieux;59
corbara@corbara.fr;Centre communal d'action sociale (CCAS) - Corbara;2B
ccas@cucq.fr;Centre communal d'action sociale (CCAS) - Cucq;62
mairie.lachapellegonaguet@wanadoo.fr;Centre communal d'action sociale (CCAS) - Mensignac;24
secretariat-cauterets@wanadoo.fr;Centre communal d'action sociale (CCAS) - Cauterets;65
aumetz.mairie@orange.fr;Centre communal d'action sociale (CCAS) - Aumetz;57
mairie-thermes-magnoac@wanadoo.fr;Centre communal d'action sociale (CCAS) - Thermes-Magnoac;65
contact@lasaussaye.fr;Centre communal d'action sociale (CCAS) - La Saussaye;27
contact@mairie-meursault.fr;Centre communal d'action sociale (CCAS) - Meursault;21
actionsociale@montoirdebretagne.fr;Centre communal d'action sociale (CCAS) - Montoir-de-Bretagne;44
mairie@taillis.fr;Centre communal d'action sociale (CCAS) - Taillis;35
mairie@cornimont.fr;Centre communal d'action sociale (CCAS) - Cornimont;88
sap-ccas@ville-sete.fr;Centre communal d'action sociale (CCAS) - Sète;34
ccas@mairielesrousses.fr;Centre communal d'action sociale (CCAS) - Les Rousses;39
mairie.lefousseret@orange.fr;Centre communal d'action sociale (CCAS) - Le Fousseret Haute-garonne;31
mairie.prignac@gmail.com;Centre communal d'action sociale (CCAS) - Prignac;17
accueil@coignieres.fr;Centre communal d'action sociale (CCAS) - Coignières;78
ccas@ville-de-trets.fr;Centre communal d'action sociale (CCAS) - Trets;13
commune-de-clarac@orange.fr;Centre communal d'action sociale (CCAS) - Clarac;65
ccas@ville-gerzat.fr;Centre communal d'action sociale (CCAS) - Gerzat;63
mairie.chesny@wanadoo.fr;Centre communal d'action sociale (CCAS) - Chesny;57
mairie@montbazin.fr;Centre communal d'action sociale (CCAS) - Montbazin;34
ccas@colmar.fr;Centre communal d'action sociale (CCAS) - Colmar;68
mairie-gaussan@wanadoo.fr;Centre communal d'action sociale (CCAS) - Gaussan;65
accueil.mairie@mairieslda.fr;Centre communal d'action sociale (CCAS) - Saint-Laurent-des-Arbres;30
mairie.arnouville.les.mantes@wanadoo.fr;Centre communal d'action sociale (CCAS) - Arnouville-lès-Mantes;78
accueil@montfrin.fr;Centre communal d'action sociale (CCAS) - Montfrin;30
mairie@mairie-marcillatcombraille.fr;Centre communal d'action sociale (CCAS) - Marcillat-en-Combraille;03
mairie@boeschepe.fr;Centre communal d'action sociale (CCAS) - Boeschepe;59
ccas@maule.fr;Centre communal d'action sociale (CCAS) - Maule;78
escorpain28@wanadoo.fr;Centre communal d'action sociale (CCAS) - Escorpain;28
mairie.stgilles@wanadoo.fr;Centre communal d'action sociale (CCAS) - Saint-Gilles Manche;50
mairie-reilhaguet@wanadoo.fr;Centre communal d'action sociale (CCAS) - Reilhaguet;46
mairie.guitalens-lalbarede@orange.fr;Centre communal d'action sociale (CCAS) - Guitalens-L'Albarède;81
accueilccas@mairie-orsay.fr;Centre communal d'action sociale (CCAS) - Orsay;91
mairie-essay@wanadoo.fr;Centre communal d'action sociale (CCAS) - Essay;61
accueil@argentonnay.fr;Centre communal d'action sociale (CCAS) - Argentonnay;79
adjointe-ccas@ville-plouhinec29.fr;Centre communal d'action sociale (CCAS) - Plouhinec;29
mairie.hayedecalleville@orange.fr;Centre communal d'action sociale (CCAS) - La Haye-de-Calleville;27
mairie@hatten-alsace.com;Centre communal d'action sociale (CCAS) - Hatten;67
mairie.esparron@wanadoo.fr;Centre communal d'action sociale (CCAS) - Esparron;05
accueil.mairie@viviersdulac.fr;Centre communal d'action sociale (CCAS) - Viviers-du-Lac;73
mairie@guibeville.fr;Centre communal d'action sociale (CCAS) - Guibeville;91
mairie.stcrepin.ibouvillers@wanadoo.fr;Centre communal d'action sociale (CCAS) - Saint-Crépin-Ibouvillers;60
accueil@verneuil-en-halatte.fr;Centre communal d'action sociale (CCAS) - Verneuil-en-Halatte;60
mairie@aigueze.fr;Centre communal d'action sociale (CCAS) - Aiguèze;30
mairie.champenoux@wanadoo.fr;Centre communal d'action sociale (CCAS) - Champenoux;54
secretariat@legrandluce.fr;Centre communal d'action sociale (CCAS) - Le Grand-Lucé;72
ccas@capbreton.fr;Centre communal d'action sociale (CCAS) - Capbreton;40
mairie@saintjustlapendue.fr;Centre communal d'action sociale (CCAS) - Saint-Just-la-Pendue;42
mairie.averdon@wanadoo.fr;Centre communal d'action sociale (CCAS) - Averdon;41
ccas@mairie-oraison.fr;Centre communal d'action sociale (CCAS) - Oraison;04
mairie@ville-vicfezensac.fr;Centre communal d'action sociale (CCAS) - Vic-Fezensac;32
mairie@ville-loue.fr;Centre communal d'action sociale (CCAS) - Loué;72
mairie@wittenheim.fr;Centre communal d'action sociale (CCAS) - Wittenheim;68
accueil.mairie@brie.bzh;Centre communal d'action sociale (CCAS) - Brie;35
contact@ccas-saint-priest.org;Centre communal d'action sociale (CCAS) - Saint-Priest Rhône;69
ccas@mairie-mus.fr;Centre communal d'action sociale (CCAS) - Mus;30
mairiedesuevres@wanadoo.fr;Centre communal d'action sociale (CCAS) - Suèvres;41
mairie.vielleadour@wanadoo.fr;Centre communal d'action sociale (CCAS) - Vielle-Adour;65
mairie.stpierreduregard@wanadoo.fr;Centre communal d'action sociale (CCAS) - Saint-Pierre-du-Regard;61
ccas@fougeres.fr;Centre communal d'action sociale (CCAS) - Fougères;35
mairie-flize@wanadoo.fr;Centre communal d'action sociale (CCAS) - Flize;08
contact@villeneuve.fr;Centre communal d'action sociale (CCAS) - Villeneuve Alpes-de-Haute-Provence;04
ccas@ville-bougival.fr;Centre communal d'action sociale (CCAS) - Bougival;78
mairie@richebourg62.fr;Centre communal d'action sociale (CCAS) - Richebourg Pas-de-calais;62
mairie.rogeville@wanadoo.fr;Centre communal d'action sociale (CCAS) - Rogéville;54
mairie.gomiecourt@wanadoo.fr;Centre communal d'action sociale (CCAS) - Gomiécourt;62
ccas.fosses@mairiefosses.fr;Centre communal d'action sociale (CCAS) - Fosses;95
mairie@stetiennelavarenne.fr;Centre communal d'action sociale (CCAS) - Saint-Étienne-la-Varenne;69
mairie@ville-beaurepaire.fr;Centre communal d'action sociale (CCAS) - Beaurepaire;38
mairiedeleburgaud@wanadoo.fr;Centre communal d'action sociale (CCAS) - Le Burgaud;31
mairie-merles@info82.com;Centre communal d'action sociale (CCAS) - Merles;82
info@mairielegrandbornand.com;Centre communal d'action sociale (CCAS) - Le Grand-Bornand;74
mairie@laravoire.com;Centre communal d'action sociale (CCAS) - La Ravoire;73
mairie-de-latronquiere@wanadoo.fr;Centre communal d'action sociale (CCAS) - Latronquière;46
social@barjac.fr;Centre communal d'action sociale (CCAS) - Barjac;30
ccas@mairie-groslay.fr;Centre communal d'action sociale (CCAS) - Groslay;95
mairie@ville-valbonne.fr;Centre communal d'action sociale (CCAS) - Valbonne;06
mairie.st.guinoux@orange.fr;Centre communal d'action sociale (CCAS) - Saint-Guinoux;35
mairie@ergersheim.fr;Centre communal d'action sociale (CCAS) - Ergersheim;67
mairie.beaumarches@wanadoo.fr;Centre communal d'action sociale (CCAS) - Beaumarchés;32
ccas@lacharitesurloire.fr;Centre communal d'action sociale (CCAS) - La Charité-sur-Loire;58
mairie.bry@wanadoo.fr;Centre communal d'action sociale (CCAS) - Bry;59
caulaincourt@orange.fr;Centre communal d'action sociale (CCAS) - Caulaincourt;02
mairie@anneyron.fr;Centre communal d'action sociale (CCAS) - Anneyron;26
social@mairie-roques.fr;Centre communal d'action sociale (CCAS) - Roques;31
ste.marguerite.cges@wanadoo.fr;Centre communal d'action sociale (CCAS) - Sainte-Marguerite-de-Carrouges;61
ccas@ville-vias.fr;Centre communal d'action sociale (CCAS) - Vias;34
mairie.villecomtal@free.fr;Centre communal d'action sociale (CCAS) - Villecomtal-sur-Arros;32
mairie@remalardenperche.fr;Centre communal d'action sociale (CCAS) - Rémalard en Perche;61
contact@ville-lestrem.fr;Centre communal d'action sociale (CCAS) - Lestrem;62
villedegrandriviere97218@orange.fr;Centre communal d'action sociale (CCAS) - Grand'Rivière;972
mairie@ville-saintagreve.fr;Centre communal d'action sociale (CCAS) - Saint-Agrève;07
contact@krautergersheim.com;Centre communal d'action sociale (CCAS) - Krautergersheim;67
mairie@angresse.fr;Centre communal d'action sociale (CCAS) - Angresse;40
accueil@mauleon-soule.fr;Centre communal d'action sociale (CCAS) - Mauléon-Licharre;64
ccas@mairie-neuvillesursaone.fr;Centre communal d'action sociale (CCAS) - Neuville-sur-Saône;69
mairie@mairie-anses-arlet.fr;Centre communal d'action sociale (CCAS) - Les Anses-d'Arlet;972
ccas@ccas-ville-avion.fr;Centre communal d'action sociale (CCAS) - Avion;62
mairie.aureilhan@ville-aureilhan.fr;Centre communal d'action sociale (CCAS) - Aureilhan;65
accueil@ville-floirac33.fr;Centre communal d'action sociale (CCAS) - Floirac;33
ccas@merignac.com;Centre communal d'action sociale (CCAS) - Mérignac;33
cias@conchesenouche.com;Centre intercommunal d'action sociale (CIAS) de Conches-en-Ouche;27
contact@mairie-vsf.fr;Centre communal d'action sociale (CCAS) - Villiers-Saint-Frédéric;78
mairie.stpancre@orange.fr;Centre communal d'action sociale (CCAS) - Saint-Pancré;54
secretariat@alban07790.fr;Centre communal d'action sociale (CCAS) - Saint-Alban-d'Ay;07
mairie.airel@wanadoo.fr;Centre communal d'action sociale (CCAS) - Airel;50
comangais@cdg-64.fr;Centre communal d'action sociale (CCAS) - Angaïs;64
ccas@ville-louvigny.fr;Centre communal d'action sociale (CCAS) - Louvigny Calvados;14
mairie@witry-les-reims.fr;Centre communal d'action sociale (CCAS) - Witry-lès-Reims;51
mairieverleschartres@orange.fr;Centre communal d'action sociale (CCAS) - Ver-lès-Chartres;28
mairie.standresurorne@wanadoo.fr;Centre communal d'action sociale (CCAS) - Saint-André-sur-Orne;14
ville-marin@wanadoo.fr;Centre communal d'action sociale (CCAS) - Le Marin;972
cloyes.sur.le.loir@wanadoo.fr;Centre communal d'action sociale (CCAS) - Cloyes-les-Trois-Rivières;28
ccas@bergues.fr;Centre communal d'action sociale (CCAS) - Bergues;59
mairie@neuvydeuxclochers.fr;Centre communal d'action sociale (CCAS) - Neuvy-Deux-Clochers;18
contact@fleureysurouche.fr;Centre communal d'action sociale (CCAS) - Fleurey-sur-Ouche;21
mcdescaves@mspj.fr;Centre communal d'action sociale (CCAS) - Saint-Priest-en-Jarez;42
accueil-social@mairie-coueron.fr;Centre communal d'action sociale (CCAS) - Couëron;44
ccas.acoua@orange.fr;Centre communal d'action sociale (CCAS) - Acoua;976
sn2b@wanadoo.fr;Centre communal d'action sociale (CCAS) - San-Nicolao;2B
ccas@ville-montigny95.fr;Centre communal d'action sociale (CCAS) - Montigny-lès-Cormeilles;95
mairie@leon.fr;Centre communal d'action sociale (CCAS) - Léon;40
mairie@puy-leveque.fr;Centre communal d'action sociale (CCAS) - Puy-l'Évêque;46
mairie@awala-yalimapo.fr;Centre communal d'action sociale (CCAS) - Awala-Yalimapo;973
mairie@mackenheim.fr;Centre communal d'action sociale (CCAS) - Mackenheim;67
mairie.gonez@gmail.com;Centre communal d'action sociale (CCAS) - Gonez;65
accueil@mairie-la-fresnais.fr;Centre communal d'action sociale (CCAS) - La Fresnais;35
secretariat.mairie@saint-vaury.fr;Centre communal d'action sociale (CCAS) - Saint-Vaury;23
ccas@illkirch.eu;Centre communal d'action sociale (CCAS) - Illkirch-Graffenstaden;67
social@vallonsdelerdre.fr;Centre communal d'action sociale (CCAS) - Vallons-de-l'Erdre;44
saint-julien-des-points@wanadoo.fr;Centre communal d'action sociale (CCAS) - Saint-Julien-des-Points;48
ccas@cassis.fr;Centre communal d'action sociale (CCAS) - Cassis;13
mairie.thauvenay@orange.fr;Centre communal d'action sociale (CCAS) - Thauvenay;18
mairie@mairie-lapalme.fr;Centre communal d'action sociale (CCAS) - La Palme;11
mairie-st-sylvain@wanadoo.fr;Centre communal d'action sociale (CCAS) - Saint-Sylvain;14
info@mairie-eterville.fr;Centre communal d'action sociale (CCAS) - Éterville;14
mairielebucquiere@orange.fr;Centre communal d'action sociale (CCAS) - Lebucquière;62
mairie-condom@orange.fr;Centre communal d'action sociale (CCAS) - Condom-d'Aubrac;12
mairie.creully@wanadoo.fr;Centre communal d'action sociale (CCAS) - Creully sur Seulles;14
mairieletholy@wanadoo.fr;Centre communal d'action sociale (CCAS) - Le Tholy;88
mairie.toujouse@orange.fr;Centre communal d'action sociale (CCAS) - Toujouse;32
mairie@boersch.net;Centre communal d'action sociale (CCAS) - Bœrsch;67
mairie@commune-le-castelet.fr;Centre communal d'action sociale (CCAS) - Le Castelet;14
pointinfoseniors.acgsa@gmail.com;Centre communal d'action sociale (CCAS) - Cornus;12
mairie.stfrezaldalbuges@wanadoo.fr;Centre communal d'action sociale (CCAS) - Saint-Frézal-d'Albuges;48
info@phalsbourg.fr;Centre communal d'action sociale (CCAS) - Phalsbourg;57
mairie-secretariat.fretin@wanadoo.fr;Centre communal d'action sociale (CCAS) - Fretin;59
solidarite@saintgermainenlaye.fr;Centre communal d'action sociale (CCAS) - Saint-Germain-en-Laye;78
ccas@ville-amberieu.fr;Centre communal d'action sociale (CCAS) - Ambérieu-en-Bugey;01
mairie.gornies2@wanadoo.fr;Centre communal d'action sociale (CCAS) - Gorniès;34
mairie-sault-84@orange.fr;Centre communal d'action sociale (CCAS) - Sault;84
actionsociale@suce-sur-erdre.fr;Centre communal d'action sociale (CCAS) - Sucé-sur-Erdre;44
contact@mairie-sorbiers.fr;Centre communal d'action sociale (CCAS) - Sorbiers;42
contact@mairie-villers-sur-authie.com;Centre communal d'action sociale (CCAS) - Villers-sur-Authie;80
ccas@mairie-drocourt.fr;Centre communal d'action sociale (CCAS) - Drocourt;62
ccas.gauchy@orange.fr;Centre communal d'action sociale (CCAS) - Gauchy;02
mairie@beaumont.fr;Centre communal d'action sociale (CCAS) - Beaumont Saint-Cyr;86
mairie-poumarous@orange.fr;Centre communal d'action sociale (CCAS) - Poumarous;65
mairie.maurupt@orange.fr;Centre communal d'action sociale (CCAS) - Maurupt-le-Montois;51
ccas@le-mesnil-esnard.fr;Centre communal d'action sociale (CCAS) - Le Mesnil-Esnard Seine-Maritime;76
contact@mairie-vigy.fr;Centre communal d'action sociale (CCAS) - Vigy;57
mairie.st.christaud@orange.fr;Centre communal d'action sociale (CCAS) - Saint-Christaud;32
mairie-st-vigor@wanadoo.fr;Centre communal d'action sociale (CCAS) - Saint-Vigor-d'Ymonville;76
mairie-st.georges.sur.arnon@wanadoo.fr;Centre communal d'action sociale (CCAS) - Saint-Georges-sur-Arnon;36
mairie@la-chapelle-en-serval.fr;Centre communal d'action sociale (CCAS) - La Chapelle-en-Serval;60
mairiecastelnau@wanadoo.fr;Centre communal d'action sociale (CCAS) - Castelnau Montratier-Sainte Alauzie;46
joncels.mairie@aliceadsl.fr;Centre communal d'action sociale (CCAS) - Joncels;34
secretariat@sassetot-le-mauconduit.com;Centre communal d'action sociale (CCAS) - Sassetot-le-Mauconduit;76
accueil@ambazac.fr;Centre communal d'action sociale (CCAS) - Ambazac;87
mairie@pance.fr;Centre communal d'action sociale (CCAS) - Pancé;35
mairie-lepuy25@laposte.net;Centre communal d'action sociale (CCAS) - Le Puy;25
accueil@gouvieux.fr;Centre communal d'action sociale (CCAS) - Gouvieux;60
mairie.mascaras@wanadoo.fr;Centre communal d'action sociale (CCAS) - Mascaras Gers;32
mairie-de-mormes@wanadoo.fr;Centre communal d'action sociale (CCAS) - Mormès;32
mairie.arrest@wanadoo.fr;Centre communal d'action sociale (CCAS) - Arrest;80
ccas@ville-malakoff.fr;Centre communal d'action sociale (CCAS) - Malakoff;92
mairie@sailly.info;Centre communal d'action sociale (CCAS) - Sailly-sur-la-Lys;62
mairie@segonzac.fr;Centre communal d'action sociale (CCAS) - Segonzac;16
mairie@ville-senlis.fr;Centre communal d'action sociale (CCAS) - Senlis;60
ccas-mairie@stphilbert.fr;Centre communal d'action sociale (CCAS) - Saint-Philbert-de-Grand-Lieu;44
mairie.hon@wanadoo.fr;Centre communal d'action sociale (CCAS) - Hon-Hergies;59
mairie-villeroy@wanadoo.fr;Centre communal d'action sociale (CCAS) - Villeroy;89
stberainsoussanvignes.mairie@orange.fr;Centre communal d'action sociale (CCAS) - Saint-Berain-sous-Sanvignes;71
mairie.vitrimont@wanadoo.fr;Centre communal d'action sociale (CCAS) - Vitrimont;54
accueil@rognonas.fr;Centre communal d'action sociale (CCAS) - Rognonas;13
mairiesaintel@orange.fr;Centre communal d'action sociale (CCAS) - Saint-Éloy-de-Gy;18
contact@mairie-avesneslecomte.fr;Centre communal d'action sociale (CCAS) - Avesnes-le-Comte;62
secreteriat-general@ville-linselles.com;Centre communal d'action sociale (CCAS) - Linselles;59
mairie-broglie@wanadoo.fr;Centre communal d'action sociale (CCAS) - Broglie;27
mairieboussac23@wanadoo.fr;Centre communal d'action sociale (CCAS) - Boussac;23
contact@lesmolieres.fr;Centre communal d'action sociale (CCAS) - Les Molières;91
ccas@mairie-deville-les-rouen.fr;Centre communal d'action sociale (CCAS) - Déville-lès-Rouen;76
genevrieres@wanadoo.fr;Centre communal d'action sociale (CCAS) - Genevrières;52
equipepaphvigan@gard.fr;Centre communal d'action sociale (CCAS) - Le Vigan;30
ccas-pontderoide@wanadoo.fr;Centre communal d'action sociale (CCAS) - Pont-de-Roide-Vermondans;25
commune.revestdubion@orange.fr;Centre communal d'action sociale (CCAS) - Revest-du-Bion;04
service-courrier@lfsj.fr;Centre communal d'action sociale (CCAS) - La Ferté-sous-Jouarre;77
ccasmontillot89660@gmail.com;Centre communal d'action sociale (CCAS) - Montillot;89
contact@severacdaveyron.fr;Centre communal d'action sociale (CCAS) - Sévérac d'Aveyron;12
mairie@commune-liepvre.fr;Centre communal d'action sociale (CCAS) - Lièpvre;68
mairie.menetou.salon@wanadoo.fr;Centre communal d'action sociale (CCAS) - Menetou-Salon;18
ccas@mairie-seysses.fr;Centre communal d'action sociale (CCAS) - Seysses;31
communication@ville-vitrolles13.fr;Centre communal d'action sociale (CCAS) - Vitrolles Nord;13
direction@ccaschartres35.fr;Centre communal d'action sociale (CCAS) - Chartres-De-Bretagne;35
info@esvres.fr;Centre communal d'action sociale (CCAS) - Esvres;37
communedechalencon@gmail.com;Centre communal d'action sociale (CCAS) - Chalencon;07
mairie.chenerailles@wanadoo.fr;Centre communal d'action sociale (CCAS) - Chénérailles;23
contact.sve@roquefort-labedoule.fr;Centre communal d'action sociale (CCAS) - Roquefort-la-Bédoule;13
ccas@andillylesmarais.fr;Centre communal d'action sociale (CCAS) - Andilly Charente-Maritime;17
ccas@fabregues.fr;Centre communal d'action sociale (CCAS) - Fabrègues;34
mairie.azet@orange.fr;Centre communal d'action sociale (CCAS) - Azet;65
commune.stbenoitlaforet@orange.fr;Centre communal d'action sociale (CCAS) - Saint-Benoît-la-Forêt;37
mairie@anizylechateau.com;Centre communal d'action sociale (CCAS) - Anizy-le-Grand;02
accueil.ccas@ville-ifs.fr;Centre communal d'action sociale (CCAS) - Ifs;14
ccas@mairie-mamers.fr;Centre communal d'action sociale (CCAS) - Mamers;72
mairiedelarocheenbrenil@wanadoo.fr;Centre communal d'action sociale (CCAS) - La Roche-en-Brenil;21
mairie.estampes@wanadoo.fr;Centre communal d'action sociale (CCAS) - Estampes;32
mairie@cournon.bzh;Centre communal d'action sociale (CCAS) - Cournon;56
mairie@congenies.fr;Centre communal d'action sociale (CCAS) - Congénies;30
mairie.challenge@wanadoo.fr;Centre communal d'action sociale (CCAS) - Challerange;08
ccas@ville-saint-pourcain-sur-sioule.com;Centre communal d'action sociale (CCAS) - Saint-Pourçain-sur-Sioule;03
maire@chelles.fr;Centre communal d'action sociale (CCAS) - Chelles;77
contact@saintpierre-mq.fr;Centre communal d'action sociale (CCAS) - Saint-Pierre Martinique;972
mairie@coulgens.fr;Centre communal d'action sociale (CCAS) - Coulgens;16
mairie@saintmartinbelleroche.fr;Centre communal d'action sociale (CCAS) - Saint-Martin-Belle-Roche;71
bellengreville.mairie@wanadoo.fr;Centre communal d'action sociale (CCAS) - Bellengreville Seine-Maritime;76
mairiemontescourt@wanadoo.fr;Centre communal d'action sociale (CCAS) - Montescourt-Lizerolles;02
mairie.escots@orange.fr;Centre communal d'action sociale (CCAS) - Escots;65
secretariat@mairie-mittainville.fr;Centre communal d'action sociale (CCAS) - Mittainville;78
contact@maixe.fr;Centre communal d'action sociale (CCAS) - Maixe;54
mairie@vendenheim.fr;Centre communal d'action sociale (CCAS) - Vendenheim;67
mairierozoy02360@wanadoo.fr;Centre communal d'action sociale (CCAS) - Rozoy-sur-Serre;02
mairie@richemont.fr;Centre communal d'action sociale (CCAS) - Richemont;57
commune.estarvielle@orange.fr;Centre communal d'action sociale (CCAS) - Estarvielle;65
secretariat@garons.fr;Centre communal d'action sociale (CCAS) - Garons;30
mairiepujaudran@wanadoo.fr;Centre communal d'action sociale (CCAS) - Pujaudran;32
accueil@noyant-villages.fr;Centre communal d'action sociale (CCAS) - Noyant-Villages;49
ccas@quesnoysurdeule.fr;Centre communal d'action sociale (CCAS) - Quesnoy-sur-Deûle;59
ccas.templemars@orange.fr;Centre communal d'action sociale (CCAS) - Templemars;59
mairie.marcigny@wanadoo.fr;Centre communal d'action sociale (CCAS) - Marcigny;71
ccas@theix-noyalo.fr;Centre communal d'action sociale (CCAS) - Theix-Noyalo;56
mairie@couzeix.fr;Centre communal d'action sociale (CCAS) - Couzeix;87
secretariat@mairie-bosmie.fr;Centre communal d'action sociale (CCAS) - Bosmie-l'Aiguille;87
dgsmairiemacouba@gmail.com;Centre communal d'action sociale (CCAS) - Macouba;972
accueil@mairie-bourdeaux.fr;Centre communal d'action sociale (CCAS) - Bourdeaux;26
mairie.eth@wanadoo.fr;Centre communal d'action sociale (CCAS) - Verneuil-sur-Serre;02
accueil@lgp77.fr;Centre communal d'action sociale (CCAS) - La Grande-Paroisse;77
mairie.saintcreac@orange.fr;Centre communal d'action sociale (CCAS) - Saint-Créac;32
mairie.meauce@wanadoo.fr;Centre communal d'action sociale (CCAS) - Meaucé;28
mairie.ladeveze-riviere@orange.fr;Centre communal d'action sociale (CCAS) - Ladevèze-Rivière;32
mairie@pouilleylesvignes.com;Centre communal d'action sociale (CCAS) - Pouilley-les-Vignes;25
ccas@ville-yzeure.com;Centre communal d'action sociale (CCAS) - Yzeure;03
mairie.cherylespouilly@orange.fr;Centre communal d'action sociale (CCAS) - Chéry-lès-Pouilly;02
mairie.stgeorges.32@wanadoo.fr;Centre communal d'action sociale (CCAS) - Saint-Georges Gers;32
ccas.shf@orange.fr;Centre communal d'action sociale (CCAS) - Saint-Hippolyte-du-Fort;30
mairie@ville-charolles.fr;Centre communal d'action sociale (CCAS) - Charolles;71
accueil.ccas@ccas-grenoble.fr;Centre communal d'action sociale (CCAS) - Grenoble;38
mairiesoleymieux42@soleymieux.com;Centre communal d'action sociale (CCAS) - Soleymieux;42
mairie-bezustgermain@wanadoo.fr;Centre communal d'action sociale (CCAS) - Bézu-Saint-Germain;02
mairie.stalban48@orange.fr;Centre communal d'action sociale (CCAS) - Saint-Alban-sur-Limagnole;48
accueil.ccas@frontignan.fr;Centre communal d'action sociale (CCAS) - Frontignan;34
ccaslangeac@gmail.com;Centre communal d'action sociale (CCAS) - Langeac;43
commune.germinon@wanadoo.fr;Centre communal d'action sociale (CCAS) - Germinon;51
contact@pulnoy.fr;Centre communal d'action sociale (CCAS) - Pulnoy;54
silly-le-long@orange.fr;Centre communal d'action sociale (CCAS) - Silly-le-Long;60
ccas@saint-brevin.fr;Centre communal d'action sociale (CCAS) - Saint-Brevin-les-Pins;44
mairie-francillon@wanadoo.fr;Centre communal d'action sociale (CCAS) - Francillon;36
mairie.abries@wanadoo.fr;Centre communal d'action sociale (CCAS) - Abriès-Ristolas;05
mairie-stfloris@nordnet.fr;Centre communal d'action sociale (CCAS) - Saint-Floris;62
mairie.albiezlejeune@orange.fr;Centre communal d'action sociale (CCAS) - Albiez-le-Jeune;73
mairie.wasnesaubac@orange.fr;Centre communal d'action sociale (CCAS) - Wasnes-au-Bac;59
mairie@lasseube.fr;Centre communal d'action sociale (CCAS) - Lasseube;64
accueil@mairie-liledolonne.fr;Centre communal d'action sociale (CCAS) - L'Île-d'Olonne;85
ccas@giberville.fr;Centre communal d'action sociale (CCAS) - Giberville;14
mairiedeloudervielle@orange.fr;Centre communal d'action sociale (CCAS) - Loudervielle;65
service.population@mairie-marines.org;Centre communal d'action sociale (CCAS) - Marines;95
accueil@ville-feytiat.fr;Centre communal d'action sociale (CCAS) - Feytiat;87
mairie@mommenheim.fr;Centre communal d'action sociale (CCAS) - Mommenheim;67
secretariat@andres62340.fr;Centre communal d'action sociale (CCAS) - Andres;62
mairie.conquereuil@orange.fr;Centre communal d'action sociale (CCAS) - Conquereuil;44
mairie@mairie-gambsheim.fr;Centre communal d'action sociale (CCAS) - Gambsheim;67
ccas.secretariat@ville-bessancourt.fr;Centre communal d'action sociale (CCAS) - Bessancourt;95
mairie@billancelles.fr;Centre communal d'action sociale (CCAS) - Billancelles;28
mairie.puymirol@wanadoo.fr;Centre communal d'action sociale (CCAS) - Puymirol;47
mairiedardizas@orange.fr;Centre communal d'action sociale (CCAS) - Ardizas;32
com-couloumemondebat@orange.fr;Centre communal d'action sociale (CCAS) - Couloumé-Mondebat;32
ccas@bourcefranc-le-chapus.fr;Centre communal d'action sociale (CCAS) - Bourcefranc-le-Chapus;17
mairie@vll.fr;Centre communal d'action sociale (CCAS) - Venarey-les-Laumes;21
courrier@stjoseph972.fr;Centre communal d'action sociale (CCAS) - Saint-Joseph Martinique;972
social@mairie-gif.fr;Centre communal d'action sociale (CCAS) - Gif-sur-Yvette;91
mairie-balbigny@orange.fr;Centre communal d'action sociale (CCAS) - Balbigny;42
manicamp@gmail.com;Centre communal d'action sociale (CCAS) - Manicamp;02
yvrac.mairie@wanadoo.fr;Centre communal d'action sociale (CCAS) - Yvrac;33
accueil@mairiedestill.fr;Centre communal d'action sociale (CCAS) - Still;67
secretariat@mairiedelabarthe.fr;Centre communal d'action sociale (CCAS) - La Barthe-de-Neste;65
ccas@corsept.fr;Centre communal d'action sociale (CCAS) - Corsept;44
mairie.schaeffersheim@orange.fr;Centre communal d'action sociale (CCAS) - Schaeffersheim;67
contact@ciasairesuradour.fr;Centre intercommunal d'action sociale (CIAS) d'Aire sur l'Adour;40
mairie-moulins-engilbert@orange.fr;Centre communal d'action sociale (CCAS) - Moulins-Engilbert;58
mairie.vernetlesbains@wanadoo.fr;Centre communal d'action sociale (CCAS) - Vernet-les-Bains;66
mairie.malpas@wanadoo.fr;Centre communal d'action sociale (CCAS) - Malpas;25
garlan.mairie@wanadoo.fr;Centre communal d'action sociale (CCAS) - Garlan;29
mairie@torce.fr;Centre communal d'action sociale (CCAS) - Torcé;35
secretariat@sousceyrac-en-quercy.fr;Centre communal d'action sociale (CCAS) - Sousceyrac-en-Quercy;46
mairiejuvigne@wanadoo.fr;Centre communal d'action sociale (CCAS) - Juvigné;53
accueil@st-brice-courcelles.fr;Centre communal d'action sociale (CCAS) - Saint-Brice-Courcelles;51
mairie.sauchy-lestree@nordnet.fr;Centre communal d'action sociale (CCAS) - Sauchy-Lestrée;62
mairie@bonnetan.fr;Centre communal d'action sociale (CCAS) - Bonnetan;33
social@mairie-carces.fr;Centre communal d'action sociale (CCAS) - Carcès;83
mairie@annevillesurscie.fr;Centre communal d'action sociale (CCAS) - Anneville-sur-Scie;76
mairie.vier-bordes@wanadoo.fr;Centre communal d'action sociale (CCAS) - Vier-Bordes;65
climad@aulnay-sous-bois.com;Centre communal d'action sociale (CCAS) - Aulnay-sous-Bois;93
ccas@bellevigneenlayon.fr;Centre communal d'action sociale (CCAS) - Bellevigne-en-Layon;49
administration@mairie-la-machine.fr;Centre communal d'action sociale (CCAS) - La Machine;58
dg@ccas-nice.fr;Centre communal d'action sociale (CCAS) - Nice;06
mairie-de-courtisols@orange.fr;Centre communal d'action sociale (CCAS) - Courtisols;51
commune.crecysurserre02@orange.fr;Centre communal d'action sociale (CCAS) - Crécy-sur-Serre;02
mairiedegrand@orange.fr;Centre communal d'action sociale (CCAS) - Grand;88
mairie.rochefort@rochefort-montagne.com;Centre communal d'action sociale (CCAS) - Rochefort-Montagne;63
mairie.gouystandre@wanadoo.fr;Centre communal d'action sociale (CCAS) - Gouy-Saint-André;62
ccas@fontainebleau.fr;Centre communal d'action sociale (CCAS) - Fontainebleau;77
mairie.condal@wanadoo.fr;Centre communal d'action sociale (CCAS) - Condal;71
mairie.bretonvillers25@orange.fr;Centre communal d'action sociale (CCAS) - Bretonvillers;25
mairie@mairie-de-vertaizon.com;Centre communal d'action sociale (CCAS) - Vertaizon;63
social@piriac-sur-mer.fr;Centre communal d'action sociale (CCAS) - Piriac-Sur-Mer;44
village@larchant.fr;Centre communal d'action sociale (CCAS) - Larchant;77
contact@saintthomasenroyans.fr;Centre communal d'action sociale (CCAS) - Saint-Thomas-en-Royans;26
mairie@urmatt.fr;Centre communal d'action sociale (CCAS) - Urmatt;67
mairie@marignymarmande.fr;Centre communal d'action sociale (CCAS) - Marigny-Marmande;37
mairie.st.germain.la.campagne@wanadoo.fr;Centre communal d'action sociale (CCAS) - Saint-Germain-la-Campagne;27
info@vergeze.fr;Centre communal d'action sociale (CCAS) - Vergèze;30
contact@ville-saint-pere.fr;Centre communal d'action sociale (CCAS) - Saint-Père Ille-et-Vilaine;35
mairie.puyjourdes@orange.fr;Centre communal d'action sociale (CCAS) - Puyjourdes;46
contact@saint-saturnin63.fr;Centre communal d'action sociale (CCAS) - Saint-Saturnin Puy-de-dôme;63
mairie.oueilloux@orange.fr;Centre communal d'action sociale (CCAS) - Oueilloux;65
mairie@ville-foulayronnes.fr;Centre communal d'action sociale (CCAS) - Foulayronnes;47
mairie.montigny.18@gmail.com;Centre communal d'action sociale (CCAS) - Montigny;18
mairie@la-canourgue.com;Centre communal d'action sociale (CCAS) - La Canourgue;48
accueil.mairie@fontainesenbourgogne.fr;Centre communal d'action sociale (CCAS) - Fontaines;71
mairie.douylaramee@gmail.com;Centre communal d'action sociale (CCAS) - Douy-la-Ramée;77
mairiedepuntous@wanadoo.fr;Centre communal d'action sociale (CCAS) - Puntous;65
ccas@eysines.fr;Centre communal d'action sociale (CCAS) - Eysines;33
mairie.reuil-en-brie@wanadoo.fr;Centre communal d'action sociale (CCAS) - Reuil-en-Brie;77
contact@mairie-stclairdurhone.com;Centre communal d'action sociale (CCAS) - Saint-Clair-du-Rhône;38
commune-de-lahayville@orange.fr;Centre communal d'action sociale (CCAS) - Lahayville;55
ccas@lionsurmer.fr;Centre communal d'action sociale (CCAS) - Lion-sur-Mer;14
mairie-saintleger@wanadoo.fr;Centre communal d'action sociale (CCAS) - Saint-Léger-des-Prés;35
contact@andeville.fr;Centre communal d'action sociale (CCAS) - Andeville;60
mairiemontdastarac@ozone.net;Centre communal d'action sociale (CCAS) - Mont-d'Astarac;32
mairie.cruzilles@wanadoo.fr;Centre communal d'action sociale (CCAS) - Cruzilles-lès-Mépillat;01
mairie@lebernard.fr;Centre communal d'action sociale (CCAS) - Le Bernard;85
ccas@meo27.fr;Centre communal d'action sociale (CCAS) - Mesnil-en-Ouche;27
accueil@lebarcares.fr;Centre communal d'action sociale (CCAS) - Le Barcarès;66
mairie.boullay.mivoye@orange.fr;Centre communal d'action sociale (CCAS) - Le Boullay-Mivoye;28
contact@la-haye.fr;Centre communal d'action sociale (CCAS) - La Haye Manche;50
secretariat@mairie-dampierre-yvelines.fr;Centre communal d'action sociale (CCAS) - Dampierre-en-Yvelines;78
iris@ville-issy.fr;Centre communal d'action sociale (CCAS) - Issy-les-Moulineaux;92
sorges.24@wanadoo.fr;Centre communal d'action sociale (CCAS) - Sorges et Ligueux en Périgord;24
morschwiller@evhr.net;Centre communal d'action sociale (CCAS) - Morschwiller-le-Bas;68
mairie@lacroix-barrezencarladez.fr;Centre communal d'action sociale (CCAS) - Lacroix-Barrez;12
mairie.saintinglevert@wanadoo.fr;Centre communal d'action sociale (CCAS) - Saint-Inglevert;62
mairie.vesly.27@orange.fr;Centre communal d'action sociale (CCAS) - Vesly Eure;27
champdor@orange.fr;Centre communal d'action sociale (CCAS) - Champdor-Corcelles;01
mairie.stplantaire@wanadoo.fr;Centre communal d'action sociale (CCAS) - Saint-Plantaire;36
golancourt.mairie@sfr.fr;Centre communal d'action sociale (CCAS) - Golancourt;60
mairie.de.tillieres@wanadoo.fr;Centre communal d'action sociale (CCAS) - Tillières-sur-Avre;27
mairie@moussyleneuf.fr;Centre communal d'action sociale (CCAS) - Moussy-le-Neuf;77
financiers.lutz@bischoffsheim.fr;Centre communal d'action sociale (CCAS) - Bischoffsheim;67
mairie.aumontaubrac@wanadoo.fr;Centre communal d'action sociale (CCAS) - Peyre en Aubrac;48
ccas@lespavillonssousbois.fr;Centre communal d'action sociale (CCAS) - Les Pavillons-sous-Bois;93
accueil-ccas@doue-en-anjou.fr;Centre communal d'action sociale (CCAS) - Doué-en-Anjou;49
contact@grandvilliers.fr;Centre communal d'action sociale (CCAS) - Grandvilliers;60
mairie.etivey@wanadoo.fr;Centre communal d'action sociale (CCAS) - Étivey;89
uckange.ccas@wanadoo.fr;Centre communal d'action sociale (CCAS) - Uckange;57
accueil@briis.fr;Centre communal d'action sociale (CCAS) - Briis-sous-Forges;91
mairie@chatelsurmoselle.fr;Centre communal d'action sociale (CCAS) - Châtel-sur-Moselle;88
mairie@ousse.fr;Centre communal d'action sociale (CCAS) - Ousse;64
mairie-aigre@wanadoo.fr;Centre communal d'action sociale (CCAS) - Aigre;16
commune@kutzenhausen.fr;Centre communal d'action sociale (CCAS) - Kutzenhausen;67
mairie@saulx-marchais.fr;Centre communal d'action sociale (CCAS) - Saulx-Marchais;78
mairie@saintmard77.fr;Centre communal d'action sociale (CCAS) - Saint-Mard;77
ccas@mairie-longeville-les-metz.org;Centre communal d'action sociale (CCAS) - Longeville-lès-Metz;57
mairie@ville-argentiere.fr;Centre communal d'action sociale (CCAS) - L'Argentière-la-Bessée;05
mairie-de-castera-lanusse@orange.fr;Centre communal d'action sociale (CCAS) - Castéra-Lanusse;65
contact@mairie-villemur-sur-tarn.fr;Centre communal d'action sociale (CCAS) - Villemur-sur-Tarn;31
mairie@saintmarcellinenforez.fr;Centre communal d'action sociale (CCAS) - Saint-Marcellin-en-Forez;42
chateau.catinat@mairie-saintgratien.fr;Centre communal d'action sociale (CCAS) - Saint-Gratien;95
accueil-social@noisyleroi.fr;Centre communal d'action sociale (CCAS) - Noisy-le-Roi;78
mairie@ville-lepoinconnet.fr;Centre communal d'action sociale (CCAS) - Le Poinçonnet;36
mairie-cuiseaux@wanadoo.fr;Centre communal d'action sociale (CCAS) - Cuiseaux;71
mairie@saintjust35.fr;Centre communal d'action sociale (CCAS) - Saint-Just Ille-et-Vilaine;35
ccas@plougonven.fr;Centre communal d'action sociale (CCAS) - Plougonven;29
ccas@cadillacsurgaronne.fr;Centre communal d'action sociale (CCAS) - Cadillac;33
secretariatgeneral@mairiedefuriani.fr;Centre communal d'action sociale (CCAS) - Furiani;2B
itripier@lasalvetat31.com;Centre communal d'action sociale (CCAS) - La Salvetat-Saint-Gilles;31
mairie.donchery@orange.fr;Centre communal d'action sociale (CCAS) - Donchery;08
mairie@ville-noirmoutier.fr;Centre communal d'action sociale (CCAS) - Noirmoutier-en-l'Île;85
info@ville-evrecy.fr;Centre communal d'action sociale (CCAS) - Évrecy;14
mairie.stpierre.entremont@wanadoo.fr;Centre communal d'action sociale (CCAS) - Saint-Pierre-d'Entremont;61
mairie.la.romieu@wanadoo.fr;Centre communal d'action sociale (CCAS) - La Romieu;32
mairie@saintjeandarves.fr;Centre communal d'action sociale (CCAS) - Saint-Jean-d'Arves;73
ccas@ville-sainttropez.fr;Centre communal d'action sociale (CCAS) - Saint-Tropez;83
la-bazouge-des-alleux@wanadoo.fr;Centre communal d'action sociale (CCAS) - La Bazouge-des-Alleux;53
mairie@bsy.fr;Centre communal d'action sociale (CCAS) - Bures-sur-Yvette;91
ccas@nuaille-daunis.fr;Centre communal d'action sociale (CCAS) - Nuaillé-d'Aunis;17
accueil.ccas@ville-guerande.fr;Centre communal d'action sociale (CCAS) - Guérande;44
accueil.ccas@ste-savine.fr;Centre communal d'action sociale (CCAS) - Sainte-Savine;10
mairie-morbier@wanadoo.fr;Centre communal d'action sociale (CCAS) - Morbier;39
mairie.de.rieux@wanadoo.fr;Centre communal d'action sociale (CCAS) - Rieux;60
secretariat@mairie-trois-ilets.fr;Centre communal d'action sociale (CCAS) - Les Trois-Îlets;972
contact@lasentinelle.fr;Centre communal d'action sociale (CCAS) - La Sentinelle;59
mairie.marmion@wanadoo.fr;Centre communal d'action sociale (CCAS) - Fontenay-le-Marmion;14
mairie.saint-valerien@wanadoo.fr;Centre communal d'action sociale (CCAS) - Saint-Valérien;89
contact@luplante.fr;Centre communal d'action sociale (CCAS) - Luplanté;28
ccas@golbey.fr;Centre communal d'action sociale (CCAS) - Golbey;88
mairie-soye-en-septaine@wanadoo.fr;Centre communal d'action sociale (CCAS) - Soye-en-Septaine;18
mairie@senechas.org;Centre communal d'action sociale (CCAS) - Sénéchas;30
mairiemenessaire@wanadoo.fr;Centre communal d'action sociale (CCAS) - Ménessaire;21
mairie@marcillysureure.com;Centre communal d'action sociale (CCAS) - Marcilly-sur-Eure;27
mairie@saintremylhonore.fr;Centre communal d'action sociale (CCAS) - Saint-Rémy-l'Honoré;78
mairie-ecques@orange.fr;Centre communal d'action sociale (CCAS) - Ecques;62
c.accueil@barleduc-mairie.fr;Centre intercommunal d'action sociale (CIAS) de Bar-le-Duc Sud-Meuse;55
mairie@champs-sur-yonne.fr;Centre communal d'action sociale (CCAS) - Champs-sur-Yonne;89
communication@nogentsurseine.fr;Centre communal d'action sociale (CCAS) - Nogent-sur-Seine;10
courrier@oloron-ste-marie.fr;Centre communal d'action sociale (CCAS) - Oloron-Sainte-Marie;64
commune@st-pierre-daurillac.fr;Centre communal d'action sociale (CCAS) - Saint-Pierre-d'Aurillac;33
mairie@ville-vence.fr;Centre communal d'action sociale (CCAS) - Vence;06
mairie@epfig.fr;Centre communal d'action sociale (CCAS) - Epfig;67
affaires-sociales@ville-cesson-sevigne.fr;Centre communal d'action sociale (CCAS) - Cesson-Sévigné;35
mairie@conlie.fr;Centre communal d'action sociale (CCAS) - Conlie;72
accueil@ambertlivradoisforez.fr;Centre intercommunal d'action sociale (CIAS) d'Ambert Livradois Forez;63
mairie@limersheim.net;Centre communal d'action sociale (CCAS) - Limersheim;67
ccas@ville-sedan.fr;Centre communal d'action sociale (CCAS) - Floing;08
mairie@veuzainsurloire.fr;Centre communal d'action sociale (CCAS) - Veuzain-sur-Loire;41
mairie.stbertrandcomminges@wanadoo.fr;Centre communal d'action sociale (CCAS) - Saint-Bertrand-de-Comminges;31
centre.social@fonsorbes.fr;Centre communal d'action sociale (CCAS) - Fonsorbes;31
ccas5@wanadoo.fr;Centre communal d'action sociale (CCAS) - Héricourt;70
mairie@mairie-tarascon.com;Centre communal d'action sociale (CCAS) - Tarascon-sur-Ariège;09
mairie.remollon@free.fr;Centre communal d'action sociale (CCAS) - Théus;05
mbondues@mairie-bondues.fr;Centre communal d'action sociale (CCAS) - Bondues;59
mairie@dennebroeucq.fr;Centre communal d'action sociale (CCAS) - Dennebrœucq;62
secretariat.villemer@gmail.com;Centre communal d'action sociale (CCAS) - Villemer;77
mairie.machecourt@orange.fr;Centre communal d'action sociale (CCAS) - Mâchecourt;02
mairie-le-croisty@wanadoo.fr;Centre communal d'action sociale (CCAS) - Le Croisty;56
sas.c2@eurelien.fr;Centre communal d'action sociale (CCAS) - Champhol;28
kgouil-moelan@orange.fr;Centre communal d'action sociale (CCAS) - Moëlan-sur-Mer;29
contact@ccas-larochelle.fr;Centre communal d'action sociale (CCAS) - La Rochelle;17
mairie.hadol@wanadoo.fr;Centre communal d'action sociale (CCAS) - Hadol;88
ccas@fragneslaloyere.fr;Centre communal d'action sociale (CCAS) - Fragnes-La Loyère;71
mairie@wasselonne.org;Centre communal d'action sociale (CCAS) - Wasselonne;67
ricourt.mairie@wanadoo.fr;Centre communal d'action sociale (CCAS) - Ricourt;32
mairieviterne@wanadoo.fr;Centre communal d'action sociale (CCAS) - Viterne;54
contact@merrysuryonne.fr;Centre communal d'action sociale (CCAS) - Merry-sur-Yonne;89
mairie-moyenneville@orange.fr;Centre communal d'action sociale (CCAS) - Moyenneville;80
secretariat@mairie-coulogne.fr;Centre communal d'action sociale (CCAS) - Coulogne;62
mairie@mairie-scy-chazelles.fr;Centre communal d'action sociale (CCAS) - Scy-Chazelles;57
mairie.laracineuse@wanadoo.fr;Centre communal d'action sociale (CCAS) - La Racineuse;71
contact@mairiedevireysousbar.fr;Centre communal d'action sociale (CCAS) - Virey-sous-Bar;10
ccas@ville-baillargues.fr;Centre communal d'action sociale (CCAS) - Baillargues;34
mairie28-allonnes@wanadoo.fr;Centre communal d'action sociale (CCAS) - Allonnes Eure-et-Loire;28
social@prevessin-moens.fr;Centre communal d'action sociale (CCAS) - Prévessin-Moëns;01
ccas@ville-de-salles.com;Centre communal d'action sociale (CCAS) - Salles;33
ccas77127@ville-lieusaint.fr;Centre communal d'action sociale (CCAS) - Lieusaint;77
ccas@chalonnes-sur-loire.fr;Centre communal d'action sociale (CCAS) - Chalonnes-sur-Loire;49
mairie.montlandon28@gmail.com;Centre communal d'action sociale (CCAS) - Montlandon;28
mairie.ambrault@wanadoo.fr;Centre communal d'action sociale (CCAS) - Ambrault;36
mairiestlangis@wanadoo.fr;Centre communal d'action sociale (CCAS) - Saint-Langis-lès-Mortagne;61
mairie-sg.quevillon@wanadoo.fr;Centre communal d'action sociale (CCAS) - Quevillon;76
mairie.bonnee@wanadoo.fr;Centre communal d'action sociale (CCAS) - Bonnée;45
contact@vestricetcandiac.com;Centre communal d'action sociale (CCAS) - Vestric-et-Candiac;30
mairie@ville-saint-yorre.fr;Centre communal d'action sociale (CCAS) - Saint-Yorre;03
secretariat@mairie-echouboulains.com;Centre communal d'action sociale (CCAS) - Échouboulains;77
accueil@offendorf.fr;Centre communal d'action sociale (CCAS) - Offendorf;67
vieux.vy@orange.fr;Centre communal d'action sociale (CCAS) - Vieux-Vy-sur-Couesnon;35
ccas@ville-jurancon.fr;Centre communal d'action sociale (CCAS) - Jurançon;64
communication@lachapellesurerdre.fr;Centre communal d'action sociale (CCAS) - La Chapelle-sur-Erdre;44
mairie@hinges.fr;Centre communal d'action sociale (CCAS) - Hinges;62
mairie.aubonne@wanadoo.fr;Centre communal d'action sociale (CCAS) - Aubonne;25
ccasmg@coye.fr;Centre communal d'action sociale (CCAS) - Coye-la-Forêt;60
mairie@chateauneufdegalaure.fr;Centre communal d'action sociale (CCAS) - Châteauneuf-de-Galaure;26
mairie.cazedarnes@wanadoo.fr;Centre communal d'action sociale (CCAS) - Cessenon-sur-Orb;34
mairiestlaurentgx@orange.fr;Centre communal d'action sociale (CCAS) - Saint-Laurent-en-Grandvaux;39
contact@hamsousvarsberg.fr;Centre communal d'action sociale (CCAS) - Ham-sous-Varsberg;57
commune@cely.fr;Centre communal d'action sociale (CCAS) - Cély;77
ccas@mairie-tonnerre.fr;Centre communal d'action sociale (CCAS) - Tonnerre;89
sfenet@ville-hazebrouck.fr;Centre communal d'action sociale (CCAS) - Hazebrouck;59
mairie@marolles-en-hurepoix.fr;Centre communal d'action sociale (CCAS) - Marolles-en-Hurepoix;91
mairie-neuilly-le-real@pays-allier.com;Centre communal d'action sociale (CCAS) - Neuilly-le-Réal;03
mairie.stpastous@orange.fr;Centre communal d'action sociale (CCAS) - Saint-Pastous;65
mairie.soupir@wanadoo.fr;Centre communal d'action sociale (CCAS) - Soupir;02
mairie@liffol-le-grand.fr;Centre communal d'action sociale (CCAS) - Liffol-le-Grand;88
mairie@saillyenostrevent.fr;Centre communal d'action sociale (CCAS) - Sailly-en-Ostrevent;62
contact@ville-fouesnant.fr;Centre communal d'action sociale (CCAS) - Fouesnant;29
ccas@sainte-gemmes-sur-loire.fr;Centre communal d'action sociale (CCAS) - Sainte-Gemmes-sur-Loire;49
mairiestetiennelelaus@wanadoo.fr;Centre communal d'action sociale (CCAS) - Saint-Étienne-le-Laus;05
contact@mairiestromaindejalionas.fr;Centre communal d'action sociale (CCAS) - Saint-Romain-de-Jalionas;38
ccas@mairie-sainte-anne.fr;Centre communal d'action sociale (CCAS) - Sainte-Anne Martinique;972
contact@payrin-augmontel.fr;Centre communal d'action sociale (CCAS) - Payrin-Augmontel;81
contact@theziers.fr;Centre communal d'action sociale (CCAS) - Théziers;30
mairie@ville-maraussan.fr;Centre communal d'action sociale (CCAS) - Maraussan;34
mairie-rainvillers@wanadoo.fr;Centre communal d'action sociale (CCAS) - Rainvillers;60
accueil@ville-gaillon.fr;Centre communal d'action sociale (CCAS) - Gaillon;27
mairie.velle-sur-moselle@orange.fr;Centre communal d'action sociale (CCAS) - Velle-sur-Moselle;54
contact@cias.rlv.eu;Centre intercommunal d'action sociale (CIAS) de Riom Limagne et Volcans;63
ccas@ville-carbonne.fr;Centre communal d'action sociale (CCAS) - Carbonne;31
ccas@milhaud.fr;Centre communal d'action sociale (CCAS) - Milhaud;30
mairie.caudebronde@free.fr;Centre communal d'action sociale (CCAS) - Caudebronde;11
accueil@beauvallon69.fr;Centre communal d'action sociale (CCAS) - Beauvallon;69
ccas@houlgate.fr;Centre communal d'action sociale (CCAS) - Houlgate;14
mairie@bourth.fr;Centre communal d'action sociale (CCAS) - Bourth;27
mairie@arsac.fr;Centre communal d'action sociale (CCAS) - Arsac;33
mairie@ville-moissycramayel.fr;Centre communal d'action sociale (CCAS) - Moissy-Cramayel;77
mairiebeuvrylaforet@orange.fr;Centre communal d'action sociale (CCAS) - Beuvry-la-Forêt;59
webmontrouge@ville-montrouge.fr;Centre communal d'action sociale (CCAS) - Montrouge;92
secretariat@mairie-stm.fr;Centre communal d'action sociale (CCAS) - Saint-Trivier-sur-Moignans;01
accueil@mairie-islejourdain.fr;Centre communal d'action sociale (CCAS) - L'Isle-Jourdain Vienne;86
mairie.mingoval@orange.fr;Centre communal d'action sociale (CCAS) - Mingoval;62
direction-cias@cc-vdm.com;Centre intercommunal d'action sociale (CIAS) Pays de Villeneuve;40
mairie-de-sciecq@orange.fr;Centre communal d'action sociale (CCAS) - Sciecq;79
gensac.cne@wanadoo.fr;Centre communal d'action sociale (CCAS) - Gensac;65
contact@loos-en-gohelle.fr;Centre communal d'action sociale (CCAS) - Loos-en-Gohelle;62
mairie@haulchin.fr;Centre communal d'action sociale (CCAS) - Haulchin;59
mairie.bazochesauhoulme@wanadoo.fr;Centre communal d'action sociale (CCAS) - Bazoches-au-Houlme;61
71.mairie.bragny@wanadoo.fr;Centre communal d'action sociale (CCAS) - Bragny-sur-Saône;71
contact@oucqueslanouvelle.fr;Centre communal d'action sociale (CCAS) - Oucques La Nouvelle;41
mairie.sarrecave@orange.fr;Centre communal d'action sociale (CCAS) - Sarrecave;31
ccas@mairie-wassy.fr;Centre communal d'action sociale (CCAS) - Wassy;52
mairie.metzencouture@orange.fr;Centre communal d'action sociale (CCAS) - Metz-en-Couture;62
ccas@ville-guebwiller.fr;Centre communal d'action sociale (CCAS) - Guebwiller;68
ccasmontierender@laporteduder.fr;Centre communal d'action sociale (CCAS) - La Porte du Der;52
ccas@pontsaintesprit.fr;Centre communal d'action sociale (CCAS) - Pont-Saint-Esprit;30
mairie.vaulx-vraucourt@orange.fr;Centre communal d'action sociale (CCAS) - Vaulx-Vraucourt;62
administratif@saint-erblon.fr;Centre communal d'action sociale (CCAS) - Saint-Erblon;35
mairie.grezian@orange.fr;Centre communal d'action sociale (CCAS) - Grézian;65
mairie@saint-christoly.fr;Centre communal d'action sociale (CCAS) - Saint-Christoly-de-Blaye;33
mairie@villedepinon.fr;Centre communal d'action sociale (CCAS) - Pinon;02
ccas@mairie-aubervilliers.fr;Centre communal d'action sociale (CCAS) - Aubervilliers;93
mairie.rochederame@orange.fr;Centre communal d'action sociale (CCAS) - La Roche-de-Rame;05
mairie@chatenois.fr;Centre communal d'action sociale (CCAS) - Châtenois Bas-Rhin;67
contact@bellefonds.fr;Centre communal d'action sociale (CCAS) - Bellefonds;86
mairie@rosieres10.fr;Centre communal d'action sociale (CCAS) - Rosières-près-Troyes;10
accueil@la-selle-en-luitre.fr;Centre communal d'action sociale (CCAS) - La Selle-en-Luitré;35
contact@mairie-gouesnach.bzh;Centre communal d'action sociale (CCAS) - Gouesnach;29
tournon.mairie@collectivite47.fr;Centre communal d'action sociale (CCAS) - Tournon-d'Agenais;47
commune.chesne@wanadoo.fr;Centre communal d'action sociale (CCAS) - Bairon et ses environs;08
mairie@mairie-smb.com;Centre communal d'action sociale (CCAS) - Les Belleville;73
cias@cc-cln.fr;Centre intercommunal d'action sociale (CIAS) Côte Landes Nature;40
accueil@ccas-freyming-merlebach.fr;Centre communal d'action sociale (CCAS) - Freyming-Merlebach;57
info@mairie-genlis.fr;Centre communal d'action sociale (CCAS) - Genlis;21
dampierredirection@orange.fr;Centre communal d'action sociale (CCAS) - Dampierre-en-Burly;45
mairie.ollezy@wanadoo.fr;Centre communal d'action sociale (CCAS) - Ollezy;02
mairie.bruyeres@wanadoo.fr;Centre communal d'action sociale (CCAS) - Bruyères-et-Montbérault;02
social@sagl.fr;Centre communal d'action sociale (CCAS) - Saint-Aignan-Grandlieu;44
aries-espenan.mairie@wanadoo.fr;Centre communal d'action sociale (CCAS) - Aries-Espénan;65
mairie@vert-saint-denis.fr;Centre communal d'action sociale (CCAS) - Vert-Saint-Denis;77
mairie@stlaurentdagny.fr;Centre communal d'action sociale (CCAS) - Saint-Laurent-d'Agny;69
troncens@orange.fr;Centre communal d'action sociale (CCAS) - Troncens;32
mairie.calavante@orange.fr;Centre communal d'action sociale (CCAS) - Calavanté;65
infos@ville-vouziers.com;Centre communal d'action sociale (CCAS) - Vouziers;08
mairie@saintjeandupin.fr;Centre communal d'action sociale (CCAS) - Saint-Jean-du-Pin;30
affaires.sociales@ville-lemesnilleroi.fr;Centre communal d'action sociale (CCAS) - Le Mesnil-le-Roi;78
communication@pourrieres.fr;Centre communal d'action sociale (CCAS) - Pourrières;83
mairie.lestroispierres@wanadoo.fr;Centre communal d'action sociale (CCAS) - Les Trois-Pierres;76
ccas@ville-ermont.fr;Centre communal d'action sociale (CCAS) - Ermont;95
accueil@molleges.fr;Centre communal d'action sociale (CCAS) - Mollégès;13
contact@stjeanpladecorts.fr;Centre communal d'action sociale (CCAS) - Saint-Jean-Pla-de-Corts;66
mairie.wisches@orange.fr;Centre communal d'action sociale (CCAS) - Wisches;67
contact@stmicheldedeze.fr;Centre communal d'action sociale (CCAS) - Saint-Michel-de-Dèze;48
contact@ville-epernon.fr;Centre communal d'action sociale (CCAS) - Épernon;28
courtemont.varennes@wanadoo.fr;Centre communal d'action sociale (CCAS) - Courtemont-Varennes;02
haussy.mairie@orange.fr;Centre communal d'action sociale (CCAS) - Haussy;59
secretariat@mairie-gruffy.fr;Centre communal d'action sociale (CCAS) - Gruffy;74
mairie.montagny@montagny69.fr;Centre communal d'action sociale (CCAS) - Montagny Rhône;69
ccas.damtig@orange.fr;Centre communal d'action sociale (CCAS) - Dammartin-sur-Tigeaux;77
mairie.de.nuzejouls@wanadoo.fr;Centre communal d'action sociale (CCAS) - Nuzéjouls;46
mairiede.berny-riviere@wanadoo.fr;Centre communal d'action sociale (CCAS) - Ressons-le-Long;02
ccas@ville-lamontagne.fr;Centre communal d'action sociale (CCAS) - La Montagne;44
mpgipon@villerest.fr;Centre communal d'action sociale (CCAS) - Villerest;42
mairie@lanvellec.fr;Centre communal d'action sociale (CCAS) - Lanvellec;22
mairie.ville.sur.lumes@wanadoo.fr;Centre communal d'action sociale (CCAS) - Ville-sur-Lumes;08
mairievanaultlesdames51@outlook.fr;Centre communal d'action sociale (CCAS) - Vanault-les-Dames;51
mairiedesaulieu@wanadoo.fr;Centre communal d'action sociale (CCAS) - Saulieu;21
mairie@senille-st-sauveur.fr;Centre communal d'action sociale (CCAS) - Senillé-Saint-Sauveur;86
accueil.social@cergy.fr;Centre communal d'action sociale (CCAS) - Cergy;95
mairie.cazauxvillecomtal@orange.fr;Centre communal d'action sociale (CCAS) - Cazaux-Villecomtal;32
mairie@faulx.fr;Centre communal d'action sociale (CCAS) - Faulx;54
direction.generale@ville-guerigny.fr;Centre communal d'action sociale (CCAS) - Guérigny;58
mairie@corbehem.fr;Centre communal d'action sociale (CCAS) - Corbehem;62
mairie@leboisdoingt.org;Centre communal d'action sociale (CCAS) - Val d'Oingt;69
solidarites@ville-boussy.fr;Centre communal d'action sociale (CCAS) - Boussy-Saint-Antoine;91
mairie-boissey@wanadoo.fr;Centre communal d'action sociale (CCAS) - Boissey-le-Châtel;27
comptabilite@argences.com;Centre communal d'action sociale (CCAS) - Argences;14
mairie@lamuresurazergues.com;Centre communal d'action sociale (CCAS) - Lamure-sur-Azergues;69
mairie.aix-en-issart@wanadoo.fr;Centre communal d'action sociale (CCAS) - Aix-en-Issart;62
mairie.beugny@wanadoo.fr;Centre communal d'action sociale (CCAS) - Beugny;62
florange@mairie-florange.fr;Centre communal d'action sociale (CCAS) - Florange;57
ccas@gennesvaldeloire.fr;Centre communal d'action sociale (CCAS) - Gennes-Val-de-Loire;49
mairiechateaurouge@orange.fr;Centre communal d'action sociale (CCAS) - Château-Rouge;57
mairie.senuc@orange.fr;Centre communal d'action sociale (CCAS) - Senuc;08
val.roq@wanadoo.fr;Centre communal d'action sociale (CCAS) - Roquebillière;06
contact@realmont.fr;Centre communal d'action sociale (CCAS) - Réalmont;81
mairie@criquetotlesneval.fr;Centre communal d'action sociale (CCAS) - Criquetot-l'Esneval;76
commune.bussylerepos@orange.fr;Centre communal d'action sociale (CCAS) - Bussy-le-Repos;51
mairiepure@wanadoo.fr;Centre communal d'action sociale (CCAS) - Pure;08
ccassenas2@senas.fr;Centre communal d'action sociale (CCAS) - Sénas;13
mairie-de-grugny@wanadoo.fr;Centre communal d'action sociale (CCAS) - Grugny;76
courrier@ville-lapugnoy.fr;Centre communal d'action sociale (CCAS) - Lapugnoy;62
mairie@plourhan.fr;Centre communal d'action sociale (CCAS) - Plourhan;22
mairie@saintsauveursurecole.fr;Centre communal d'action sociale (CCAS) - Saint-Sauveur-sur-École;77
ccas@ville-idron.com;Centre communal d'action sociale (CCAS) - Idron;64
acheres.la.foret@wanadoo.fr;Centre communal d'action sociale (CCAS) - Achères-la-Forêt;77
gailhan@wanadoo.fr;Centre communal d'action sociale (CCAS) - Gailhan;30
d.lods@ville-courseulles.fr;Centre communal d'action sociale (CCAS) - Courseulles-sur-Mer;14
contact@cccla.fr;Centre intercommunal d'action sociale (CIAS) - Castelnaudary;11
mairie@montagny-les-buxy.fr;Centre communal d'action sociale (CCAS) - Montagny-lès-Buxy;71
mairie@andlau.fr;Centre communal d'action sociale (CCAS) - Andlau;67
ccas@controis-en-sologne.fr;Centre communal d'action sociale (CCAS) - Le Controis-en-Sologne;41
secretariat@mairie-tromborn.fr;Centre communal d'action sociale (CCAS) - Tromborn;57
mairiesemelay@wanadoo.fr;Centre communal d'action sociale (CCAS) - Sémelay;58
ccas@vill-epinay-senart.fr;Centre communal d'action sociale (CCAS) - Épinay-sous-Sénart;91
accueil@valauperche.fr;Centre communal d'action sociale (CCAS) - Val-au-Perche;61
ccas@ville-roussillon-isere.fr;Centre communal d'action sociale (CCAS) - Roussillon  Isère;38
mairie-de-catus@wanadoo.fr;Centre communal d'action sociale (CCAS) - Catus;46
commune-peseux@orange.fr;Centre communal d'action sociale (CCAS) - Péseux;25
com.lamaguere@wanadoo.fr;Centre communal d'action sociale (CCAS) - Lamaguère;32
accueil@bonneuil-matours.fr;Centre communal d'action sociale (CCAS) - Bonneuil-Matours;86
mairie@vescovato.fr;Centre communal d'action sociale (CCAS) - Vescovato;2B
mairie.nossage@gmail.com;Centre communal d'action sociale (CCAS) - Nossage-et-Bénévent;05
ccas@ville-rivedegier.fr;Centre communal d'action sociale (CCAS) - Rive-de-Gier;42
aups.mairie@wanadoo.fr;Centre communal d'action sociale (CCAS) - Aups;83
contact@sains-en-gohelle.fr;Centre communal d'action sociale (CCAS) - Sains-en-Gohelle;62
mairie55hannonville@gmail.com;Centre communal d'action sociale (CCAS) - Hannonville-sous-les-Côtes;55
contact@ville-labourse.fr;Centre communal d'action sociale (CCAS) - Labourse;62
contact@saint-cheron.fr;Centre communal d'action sociale (CCAS) - Saint-Chéron;91
ccas@mairie-riantec.bzh;Centre communal d'action sociale (CCAS) - Riantec;56
accueil.mairie@messery.fr;Centre communal d'action sociale (CCAS) - Messery;74
contact@mairie-montbel.fr;Centre communal d'action sociale (CCAS) - Montbel;09
mairie.belhomert@orange.fr;Centre communal d'action sociale (CCAS) - Belhomert-Guéhouville;28
ccas@ville-carros.fr;Centre communal d'action sociale (CCAS) - Carros;06
envermeu.mairie@wanadoo.fr;Centre communal d'action sociale (CCAS) - Envermeu;76
commune.xeuilley@wanadoo.fr;Centre communal d'action sociale (CCAS) - Xeuilley;54
affairesgenerales@mairie-villedavray.fr;Centre communal d'action sociale (CCAS) - Ville-d'Avray;92
accueil@mairieisola.com;Centre communal d'action sociale (CCAS) - Isola;06
info@lemeesurseine.fr;Centre communal d'action sociale (CCAS) - Le Mée-sur-Seine;77
contact@mairie-matoury.fr;Centre communal d'action sociale (CCAS) - Matoury;973
secretariat@saussetlespins.fr;Centre communal d'action sociale (CCAS) - Sausset-les-Pins;13
ccas@betton.fr;Centre communal d'action sociale (CCAS) - Betton;35
communication@thuir.fr;Centre communal d'action sociale (CCAS) - Thuir;66
mairie-courcais@sfr.fr;Centre communal d'action sociale (CCAS) - Chazemais;03
mairie-montegut@wanadoo.fr;Centre communal d'action sociale (CCAS) - Montégut-Savès;32
mairie@marolles77130.fr;Centre communal d'action sociale (CCAS) - Marolles-sur-Seine;77
mairie@somsois.fr;Centre communal d'action sociale (CCAS) - Somsois;51
mairiedebuchy@wanadoo.fr;Centre communal d'action sociale (CCAS) - Buchy;76
mairie@mairie-touget.fr;Centre communal d'action sociale (CCAS) - Touget;32
mairiemonetierallemont@orange.fr;Centre communal d'action sociale (CCAS) - Monêtier-Allemont;05
mairie@farbus.fr;Centre communal d'action sociale (CCAS) - Farbus;62
accueil@mairie-st-benoit.fr;Centre communal d'action sociale (CCAS) - Saint-Benoît-sur-Loire;45
mairie.volstroff@wanadoo.fr;Centre communal d'action sociale (CCAS) - Volstroff;57
accueil@mairie-ucel.fr;Centre communal d'action sociale (CCAS) - Ucel;07
ccas@ville-rieumes.fr;Centre communal d'action sociale (CCAS) - Rieumes;31
sgm@mairie-mouzillon.fr;Centre communal d'action sociale (CCAS) - Mouzillon;44
mairie@ville-ivry-la-bataille.fr;Centre communal d'action sociale (CCAS) - Ivry-la-Bataille;27
mairie.us.95@wanadoo.fr;Centre communal d'action sociale (CCAS) - Us;95
mairie-de-campagne@orange.fr;Centre communal d'action sociale (CCAS) - Campagne;40
mairie.crosses@wanadoo.fr;Centre communal d'action sociale (CCAS) - Crosses;18
ccas@ville-chagny71.fr;Centre communal d'action sociale (CCAS) - Chagny;71
mairie@estrees.fr;Centre communal d'action sociale (CCAS) - Estrées;59
mairie.waltenheim@wanadoo.fr;Centre communal d'action sociale (CCAS) - Waltenheim-sur-Zorn;67
mairie@saint-fargeau.fr;Centre communal d'action sociale (CCAS) - Saint-Fargeau;89
mairie.lussac.les.eglises@orange.fr;Centre communal d'action sociale (CCAS) - Lussac-les-Églises;87
landisacq.mairie@wanadoo.fr;Centre communal d'action sociale (CCAS) - Landisacq;61
mairie@mairie-saintmartinsurlepre.fr;Centre communal d'action sociale (CCAS) - Saint-Martin-sur-le-Pré;51
contact@mairie-la-talaudiere.fr;Centre communal d'action sociale (CCAS) - La Talaudière;42
ccas@boisdarcy.fr;Centre communal d’action sociale (CCAS) - Bois-d'Arcy;78
mairie@ville-quissac.fr;Centre communal d'action sociale (CCAS) - Quissac;30
mairie.fleurey25190@wanadoo.fr;Centre communal d'action sociale (CCAS) - Fleurey;25
mairieorconte@wanadoo.fr;Centre communal d'action sociale (CCAS) - Orconte;51
ccas@ville-saintse27.fr;Centre communal d'action sociale (CCAS) - Saint-Sébastien-de-Morsent;27
ccas@ville-septemes.fr;Centre communal d'action sociale (CCAS) - Septèmes-les-Vallons;13
accueil@aigremont-78.fr;Centre communal d'action sociale (CCAS) - Aigremont;78
mairie@ville-st-apollinaire.fr;Centre communal d'action sociale (CCAS) - Saint-Apollinaire Côte-d'Or;21
mairiemousse@orange.fr;Centre communal d'action sociale (CCAS) - Moussé;35
commune.ilhet@orange.fr;Centre communal d'action sociale (CCAS) - Ilhet;65
accueil@mairieleslogesenjosas.fr;Centre communal d'action sociale (CCAS) - Les Loges-en-Josas;78
mairiejoueduplain@wanadoo.fr;Centre communal d'action sociale (CCAS) - Joué-du-Plain;61
contact@hesdinlaforet.fr;Centre communal d'action sociale (CCAS) - Hesdin;62
mairielouville@hotmail.fr;Centre communal d'action sociale (CCAS) - Louville-la-Chenard;28
mairie@bleneau.fr;Centre communal d'action sociale (CCAS) - Bléneau;89
e-servicecourrier@mairie-lesmureaux.fr;Centre communal d'action sociale (CCAS) - Les Mureaux;78
contact@saintbenoit86.fr;Centre communal d'action sociale (CCAS) - Saint-Benoît Vienne;86
mairie@weyersheim.fr;Centre communal d'action sociale (CCAS) - Weyersheim;67
mairie.pont73@wanadoo.fr;Centre communal d'action sociale (CCAS) - Le Pont-de-Beauvoisin Savoie;73
ccas@fresnes-sur-escaut.fr;Centre communal d'action sociale (CCAS) - Fresnes-sur-Escaut;59
mairie-d-attigny@wanadoo.fr;Centre communal d'action sociale (CCAS) - Attigny;08
ccas@ville-antony.fr;Centre communal d'action sociale (CCAS) - Antony;92
mairiechaourse@orange.fr;Centre communal d'action sociale (CCAS) - Chaourse;02
mairie.beaumont.du.gatinais@wanadoo.fr;Centre communal d'action sociale (CCAS) - Beaumont-du-Gâtinais;77
mairie@stlegerdheune.fr;Centre communal d'action sociale (CCAS) - Saint-Léger-sur-Dheune;71
mairie.ficheux@yahoo.com;Centre communal d'action sociale (CCAS) - Ficheux;62
gesnes.en.argonne.mairie@wanadoo.fr;Centre communal d'action sociale (CCAS) - Gesnes-en-Argonne;55
mairie@ville-lambersart.fr;Centre communal d'action sociale (CCAS) - Lambersart;59
mairie@villetroisrivieres.fr;Centre communal d'action sociale (CCAS) - Trois-Rivières;971
ccas@chanteloupenbrie.fr;Centre communal d'action sociale (CCAS) - Chanteloup-en-Brie;77
mairie.joudreville@wanadoo.fr;Centre communal d'action sociale (CCAS) - Joudreville;54
mairie@pouillon40.fr;Centre communal d'action sociale (CCAS) - Pouillon;40
mairie@westhoffen.fr;Centre communal d'action sociale (CCAS) - Westhoffen;67
commune-de-pecy35@orange.fr;Centre communal d'action sociale (CCAS) - Pécy;77
mairie@garat.fr;Centre communal d'action sociale (CCAS) - Garat;16
contact@st-jean-de-moirans.fr;Centre communal d'action sociale (CCAS) - Saint-Jean-de-Moirans;38
accueil@mairie-droue-sur-drouette.fr;Centre communal d'action sociale (CCAS) - Droue-sur-Drouette;28
mairie-de-mervans@orange.fr;Centre communal d'action sociale (CCAS) - Mervans;71
communearbeost@orange.fr;Centre communal d'action sociale (CCAS) - Arbéost;65
accueil@ville-rouffach.fr;Centre communal d'action sociale (CCAS) - Rouffach;68
accueil@mairie-combloux.fr;Centre communal d'action sociale (CCAS) - Combloux;74
commune-combronde@wanadoo.fr;Centre communal d'action sociale (CCAS) - Combronde;63
ccas@saint-ouen-de-thouberville.com;Centre communal d'action sociale (CCAS) - Saint-Ouen-de-Thouberville;27
mairie.boulzicourt@gmail.com;Centre communal d'action sociale (CCAS) - Boulzicourt;08
mairie.charre@orange.fr;Centre communal d'action sociale (CCAS) - Charre;64
mairie@lancieux.org;Centre communal d'action sociale (CCAS) - Lancieux;22
mairie-genech@wanadoo.fr;Centre communal d'action sociale (CCAS) - Genech;59
mairieluzillat@wanadoo.fr;Centre communal d'action sociale (CCAS) - Luzillat;63
secretariat@charbuy.fr;Centre communal d'action sociale (CCAS) - Charbuy;89
ccas-dole@dole.org;Centre communal d'action sociale (CCAS) - Dole;39
ccas@saintjeanpieddeport.fr;Centre communal d'action sociale (CCAS) - Saint-Jean-Pied-de-Port;64
annois.mairie@orange.fr;Centre communal d'action sociale (CCAS) - Annois;02
chaille-les-marais@wanadoo.fr;Centre communal d'action sociale (CCAS) - Chaillé-les-Marais;85
mairie-de-montereau-sur-le-jard@orange.fr;Centre communal d'action sociale (CCAS) - Montereau-sur-le-Jard;77
ccas@ondres.fr;Centre communal d'action sociale (CCAS) - Ondres;40
ccas@mairie-orgeval.fr;Centre communal d'action sociale (CCAS) - Orgeval;78
mairiedelahayedutheil@wanadoo.fr;Centre communal d'action sociale (CCAS) - La Haye-du-Theil;27
contact@trilport.fr;Centre communal d'action sociale (CCAS) - Trilport;77
mairie.fye@wanadoo.fr;Centre communal d'action sociale (CCAS) - Fye;72
mairiedesormery@gmail.com;Centre communal d'action sociale (CCAS) - Sormery;89
communestdenisdanjou@orange.fr;Centre communal d'action sociale (CCAS) - Saint-Denis-d'Anjou;53
accueil.audierne@audierne.fr;Centre communal d'action sociale (CCAS) - Audierne;29
mairie.montoulieu-st-bernard@orange.fr;Centre communal d'action sociale (CCAS) - Montoulieu-Saint-Bernard;31
mairie.marcillylehayer@wanadoo.fr;Centre communal d'action sociale (CCAS) - Marcilly-le-Hayer;10
cias@ccsg.fr;Centre communal d'action sociale (CCAS) - Saint-Gaudens;31
mairie.sury08@wanadoo.fr;Centre communal d'action sociale (CCAS) - Sury;08
guimaec.mairie@wanadoo.fr;Centre communal d'action sociale (CCAS) - Guimaëc;29
solidarite@mairie-lunion.fr;Centre communal d'action sociale (CCAS) - L'Union;31
ccas@nandy.fr;Centre communal d'action sociale (CCAS) - Nandy;77
mairie@rannee.com;Centre communal d'action sociale (CCAS) - Rannée;35
mairie.enquin@voila.fr;Centre communal d'action sociale (CCAS) - Enquin-lez-Guinegatte;62
courriers.ville@grigny91.fr;Centre communal d'action sociale (CCAS) - Grigny Essonne;91
accueil@ccas-outreau.fr;Centre communal d'action sociale (CCAS) - Outreau;62
mairie@ville-vezinlecoquet.fr;Centre communal d'action sociale (CCAS) - Vezin-le-Coquet;35
ccas@caudan.fr;Centre communal d'action sociale (CCAS) - Caudan;56
mairie.recques@orange.fr;Centre communal d'action sociale (CCAS) - Recques-sur-Hem;62
mairie@quetigny.fr;Centre communal d'action sociale (CCAS) - Quetigny;21
dir.ccas@mairie-villabe.fr;Centre communal d'action sociale (CCAS) - Villabé;91
mairie.brexent.enocq@wanadoo.fr;Centre communal d'action sociale (CCAS) - Bréxent-Énocq;62
commune-de-gland@wanadoo.fr;Centre communal d'action sociale (CCAS) - Fossoy;02
contact@ville-bethune.fr;Centre communal d'action sociale (CCAS) - Béthune;62
ccas@mairie-santeny.fr;Centre communal d'action sociale (CCAS) - Santeny;94
mairie@moustiers.fr;Centre communal d'action sociale (CCAS) - Moustiers-Sainte-Marie;04
accueil@mairie-mornas.fr;Centre communal d'action sociale (CCAS) - Mornas;84
ccas@buchelay.fr;Centre communal d'action sociale (CCAS) - Buchelay;78
mairie.beuvrequen@wanadoo.fr;Centre communal d'action sociale (CCAS) - Beuvrequen;62
contact@beaumont-sur-leze.net;Centre communal d'action sociale (CCAS) - Beaumont-sur-Lèze;31
ccas2@aubignan.fr;Centre communal d'action sociale (CCAS) - Aubignan;84
secretariat@saintgermainlaprade.fr;Centre communal d'action sociale (CCAS) - Saint-Germain-Laprade;43
dgs@mairie-carnoux.fr;Centre communal d'action sociale (CCAS) - Carnoux-en-Provence;13
mairie.assissurserre@wanadoo.fr;Centre communal d'action sociale (CCAS) - Mesbrecourt-Richecourt;02
maire@fumay.fr;Centre communal d'action sociale (CCAS) - Fumay;08
mairie@tinchebray.fr;Centre communal d'action sociale (CCAS) - Tinchebray-Bocage;61
mairie@st-come-et-maruejols.fr;Centre communal d'action sociale (CCAS) - Saint-Côme-et-Maruéjols;30
contact-mairie@ville-champlan.fr;Centre communal d'action sociale (CCAS) - Champlan;91
commune.decadeillan@orange.fr;Centre communal d'action sociale (CCAS) - Cadeillan;32
mairie@villierssousgrez.fr;Centre communal d'action sociale (CCAS) - Villiers-sous-Grez;77
contact@mairie-dieulefit.fr;Centre communal d'action sociale (CCAS) - Dieulefit;26
ancy@ancy-dornot.fr;Centre communal d'action sociale (CCAS) - Ancy-Dornot;57
accueil.ccas@ville-airesurlalys.fr;Centre communal d'action sociale (CCAS) - Aire-sur-la-Lys;62
mairiedevaudreching@orange.fr;Centre communal d'action sociale (CCAS) - Vaudreching;57
ccas-chateau-renard@orange.fr;Centre communal d'action sociale (CCAS) - Château-Renard;45
commune.de.lexy@mairielexy.fr;Centre communal d'action sociale (CCAS) - Lexy;54
communeestramiac@wanadoo.fr;Centre communal d'action sociale (CCAS) - Estramiac;32
mairie-saint-ulphace@wanadoo.fr;Centre communal d'action sociale (CCAS) - Saint-Ulphace;72
secretariat.mairie@lagarrigue81.fr;Centre communal d'action sociale (CCAS) - Lagarrigue;81
ccas@cregylesmeaux.fr;Centre communal d'action sociale (CCAS) - Crégy-lès-Meaux;77
contact@gievres.fr;Centre communal d'action sociale (CCAS) - Gièvres;41
ccas@ploemel.fr;Centre communal d'action sociale (CCAS) - Ploemel;56
mairie@mothern.fr;Centre communal d'action sociale (CCAS) - Mothern;67
secretariat@ccas-belley.fr;Centre communal d'action sociale (CCAS) - Belley;01
social-logement@ville-toury.fr;Centre communal d'action sociale (CCAS) - Toury;28
mairie.2.albiac@orange.fr;Centre communal d'action sociale (CCAS) - Albiac;46
votremairie@villebon-sur-yvette.fr;Centre communal d'action sociale (CCAS) - Villebon-sur-Yvette;91
mairie.entre-deux-eaux@wanadoo.fr;Centre communal d'action sociale (CCAS) - Entre-deux-Eaux;88
mairie@mairie-hautmont.fr;Centre communal d'action sociale (CCAS) - Hautmont;59
mairie.caurel@wanadoo.fr;Centre communal d'action sociale (CCAS) - Caurel;51
mairie@bruyeres-sur-oise.fr;Centre communal d'action sociale (CCAS) - Bruyères-sur-Oise;95
mairie.senlisse@wanadoo.fr;Centre communal d'action sociale (CCAS) - Senlisse;78
contact@saint-jean-soleymieux.fr;Centre communal d'action sociale (CCAS) - Saint-Jean-Soleymieux;42
mairie-tourville-sur-odon@wanadoo.fr;Centre communal d'action sociale (CCAS) - Tourville-sur-Odon;14
contact.mairie@ancizes.fr;Centre communal d'action sociale (CCAS) - Les Ancizes-Comps;63
accueil@meynes.fr;Centre communal d'action sociale (CCAS) - Meynes;30
ccas@ostwald.fr;Centre communal d'action sociale (CCAS) - Ostwald;67
mairie@arbois.fr;Centre communal d'action sociale (CCAS) - Arbois;39
ccas@montpon-menesterol.fr;Centre communal d'action sociale (CCAS) - Montpon-Ménestérol;24
mairieaudincthun@wanadoo.fr;Centre communal d'action sociale (CCAS) - Audincthun;62
communedebouzies@wanadoo.fr;Centre communal d'action sociale (CCAS) - Bouziès;46
accueil@mairie-latrinitesurzur.fr;Centre communal d'action sociale (CCAS) - La Trinité-Surzur;56
mairie@ville-grignan.fr;Centre communal d'action sociale (CCAS) - Grignan;26
cervieres@ccbrianconnais.fr;Centre communal d'action sociale (CCAS) - Cervières;05
mairie@leshouches.fr;Centre communal d'action sociale (CCAS) - Les Houches;74
ccas.naybourdettes@gmail.com;Centre communal d'action sociale (CCAS) - Nay;64
mairiededamery@wanadoo.fr;Centre communal d'action sociale (CCAS) - Damery;51
mairie.maravat@wanadoo.fr;Centre communal d'action sociale (CCAS) - Maravat;32
mairie.thieux@wanadoo.fr;Centre communal d'action sociale (CCAS) - Thieux;77
mairie.osthouse@wanadoo.fr;Centre communal d'action sociale (CCAS) - Osthouse;67
mairie.montcoy@orange.fr;Centre communal d'action sociale (CCAS) - Montcoy;71
contact@tilloylesmofflaines.fr;Centre communal d'action sociale (CCAS) - Tilloy-lès-Mofflaines;62
mairie@sable-sur-sarthe.fr;Centre communal d'action sociale (CCAS) - Sablé-sur-Sarthe;72
secretariat@mairie-massat.fr;Centre communal d'action sociale (CCAS) - Massat;09
commune.de.saint-symphorien@wanadoo.fr;Centre communal d'action sociale (CCAS) - Saint-Symphorien;33
accueil@mairie-fontromeu.fr;Centre communal d'action sociale (CCAS) - Font-Romeu-Odeillo-Via;66
mairie@fleurbaix.fr;Centre communal d'action sociale (CCAS) - Fleurbaix;62
mairie-saintlaurentdesbois27@wanadoo.fr;Centre communal d'action sociale (CCAS) - Saint-Laurent-des-Bois;27
mairie@hornaing.fr;Centre communal d'action sociale (CCAS) - Hornaing;59
accueil@mairieherepian.fr;Centre communal d'action sociale (CCAS) - Hérépian;34
mairie@annecy.fr;Centre communal d'action sociale (CCAS) - Annecy;74
ccas.barbaste@orange.fr;Centre communal d'action sociale (CCAS) - Barbaste;47
mairie-dentrevaux@wanadoo.fr;Centre communal d'action sociale (CCAS) - Entrevaux;04
ccas@versurmer.fr;Centre communal d'action sociale (CCAS) - Ver-sur-Mer;14
accueil-mairie.fontevraud@orange.fr;Centre communal d'action sociale (CCAS) - Fontevraud-l'Abbaye;49
accueil@mairietourtour.com;Centre communal d'action sociale (CCAS) - Tourtour;83
mairiedebouville@orange.fr;Centre communal d'action sociale (CCAS) - Bouville;91
contact@lasalle.fr;Centre communal d'action sociale (CCAS) - Lasalle;30
mairie.changis@wanadoo.fr;Centre communal d'action sociale (CCAS) - Changis-sur-Marne;77
mairie@noyelles-sous-lens.fr;Centre communal d'action sociale (CCAS) - Noyelles-sous-Lens;62
mairie@puiseux-en-france.fr;Centre communal d'action sociale (CCAS) - Puiseux-en-France;95
mairie.rozay@orange.fr;Centre communal d'action sociale (CCAS) - Rozay-en-Brie;77
ccas@lanorville91.fr;Centre communal d'action sociale (CCAS) - La Norville;91
ccas@generac.fr;Centre communal d'action sociale (CCAS) - Générac;30
contact@ville-riom.fr;Centre communal d'action sociale (CCAS) - Riom;63
tournon-mairie@wanadoo.fr;Centre communal d'action sociale (CCAS) - Tournon-Saint-Martin;36
mairie@etrepagny.fr;Centre communal d'action sociale (CCAS) - Étrépagny;27
ccas@plaine-des-palmistes.fr;Centre communal d'action sociale (CCAS) - La Plaine-des-Palmistes;974
mairie@plailly.fr;Centre communal d'action sociale (CCAS) - Plailly;60
contact@mairie-prinquiau.fr;Centre communal d'action sociale (CCAS) - Prinquiau;44
social@ville-melun.fr;Centre communal d'action sociale (CCAS) - Melun;77
ccas@heric.fr;Centre communal d'action sociale (CCAS) - Héric;44
mairie@dormans.fr;Centre communal d'action sociale (CCAS) - Dormans;51
mairie-saacy-sur-marne@orange.fr;Centre communal d'action sociale (CCAS) - Saâcy-sur-Marne;77
mairie@thimert-gatelles.fr;Centre communal d'action sociale (CCAS) - Thimert-Gâtelles;28
mairie@wittisheim.fr;Centre communal d'action sociale (CCAS) - Wittisheim;67
direction@ccas-auxerre.com;Centre communal d'action sociale (CCAS) - Auxerre;89
mairie.thizay36@orange.fr;Centre communal d'action sociale (CCAS) - Thizay;36
actionsociale@saumur.fr;Centre communal d'action sociale (CCAS) - Saumur;49
ccas@ville-clichy.fr;Centre communal d'action sociale (CCAS) - Clichy;92
mairie-eblange@orange.fr;Centre communal d'action sociale (CCAS) - Éblange;57
mairie@laflotte.fr;Centre communal d'action sociale (CCAS) - La Flotte;17
secretariat.ccas@ville-blanquefort.fr;Centre communal d'action sociale (CCAS) - Blanquefort;33
mairie.sampans@wanadoo.fr;Centre communal d'action sociale (CCAS) - Sampans;39
mairie.belvoir@wanadoo.fr;Centre communal d'action sociale (CCAS) - Belvoir;25
accueil@vouneuilsurvienne.fr;Centre communal d'action sociale (CCAS) - Vouneuil-sur-Vienne;86
mairie@beuzeville.fr;Centre communal d'action sociale (CCAS) - Beuzeville;27
mairie.de.quarante@orange.fr;Centre communal d'action sociale (CCAS) - Quarante;34
mairie.iledebatz@orange.fr;Centre communal d'action sociale (CCAS) - Île-de-Batz;29
contact@chaource.fr;Centre communal d'action sociale (CCAS) - Chaource;10
secretariat@ville-st-andre-des-eaux.fr;Centre communal d'action sociale (CCAS) - Saint-André-des-Eaux;44
mairie.aumontzey@wanadoo.fr;Centre communal d'action sociale (CCAS) - Granges-Aumontzey;88
mairie@lusignan.fr;Centre communal d'action sociale (CCAS) - Lusignan;86
ccas@taillan-medoc.fr;Centre communal d'action sociale (CCAS) - Le Taillan-Médoc;33
mairie@dives-sur-mer.fr;Centre communal d'action sociale (CCAS) - Dives-sur-Mer;14
commune-de-prechac@orange.fr;Centre communal d'action sociale (CCAS) - Préchac Gers;32
contact@mairieambierle.fr;Centre communal d'action sociale (CCAS) - Ambierle;42
social@saintjeannet.com;Centre communal d'action sociale (CCAS) - Saint-Jeannet;06
info@perronas.com;Centre communal d'action sociale (CCAS) - Péronnas;01
lamothe.mairie@wanadoo.fr;Centre communal d'action sociale (CCAS) - La Mothe-Saint-Héray;79
mairie.palinges@wanadoo.fr;Centre communal d'action sociale (CCAS) - Palinges;71
mairie.thaumiers@wanadoo.fr;Centre communal d'action sociale (CCAS) - Thaumiers;18
mairie.targon@wanadoo.fr;Centre communal d'action sociale (CCAS) - Targon;33
commune.boultsursuippe@gmail.com;Centre communal d'action sociale (CCAS) - Boult-sur-Suippe;51
mairie-mairiedesouchez@orange.fr;Centre communal d'action sociale (CCAS) - Souchez;62
contact@rehon.fr;Centre communal d'action sociale (CCAS) - Réhon;54
mairie@riedisheim.fr;Centre communal d'action sociale (CCAS) - Riedisheim;68
s.grondin@mairie-lachevroliere.fr;Centre communal d'action sociale (CCAS) - La Chevrolière;44
contact@versurlaunette.fr;Centre communal d'action sociale (CCAS) - Ver-sur-Launette;60
sainte.gemme@gmail.com;Centre communal d'action sociale (CCAS) - Sainte-Gemme;32
estangmairie@gmail.com;Centre communal d'action sociale (CCAS) - Estang;32
mairie.champgeneteux@wanadoo.fr;Centre communal d'action sociale (CCAS) - Champgenéteux;53
mairiestgondran@orange.fr;Centre communal d'action sociale (CCAS) - Saint-Gondran;35
ccas@ville-beaucourt.fr;Centre communal d'action sociale (CCAS) - Beaucourt;90
mairiesteannesurvilaine@wanadoo.fr;Centre communal d'action sociale (CCAS) - Le Poiré-sur-Vie;85
mairie.stgervaissurmare@wanadoo.fr;Centre communal d'action sociale (CCAS) - Saint-Gervais-sur-Mare;34
mairie@maulette.fr;Centre communal d'action sociale (CCAS) - Maulette;78
mairiedetoutry@wanadoo.fr;Centre communal d'action sociale (CCAS) - Toutry;21
polesolidarites@saintsebastien.fr;Centre communal d'action sociale (CCAS) - Saint-Sébastien-sur-Loire;44
mairie-orlu@wanadoo.fr;Centre communal d'action sociale (CCAS) - Orlu;09
mairie.blenodlestoul@orange.fr;Centre communal d'action sociale (CCAS) - Blénod-lès-Toul;54
oulches-mairie@wanadoo.fr;Centre communal d'action sociale (CCAS) - Oulches;36
mairie@vivy.fr;Centre communal d'action sociale (CCAS) - Vivy;49
accueil@taninges.fr;Centre communal d'action sociale (CCAS) - Taninges;74
contact@nogaro-armagnac.fr;Centre communal d'action sociale (CCAS) - Nogaro;32
accueilmdh@eybens.fr;Centre communal d'action sociale (CCAS) - Eybens;38
mairie.baz.dunois@orange.fr;Centre communal d'action sociale (CCAS) - Bazoches-en-Dunois;28
caumont.mairie@wanadoo.fr;Centre communal d'action sociale (CCAS) - Caumont Aisne;02
contact@mairie-bandelaveline.fr;Centre communal d'action sociale (CCAS) - Ban-de-Laveline;88
ccasblanzy@blanzy71.fr;Centre communal d'action sociale (CCAS) - Blanzy;71
mairie@mairie-stpierredechandieu.com;Centre communal d'action sociale (CCAS) - Saint-Pierre-de-Chandieu;69
ccas@vernaison.fr;Centre communal d'action sociale (CCAS) - Vernaison;69
accueil@amanvillers.fr;Centre communal d'action sociale (CCAS) - Amanvillers;57
mairie@jouars-pontchartrain.fr;Centre communal d'action sociale (CCAS) - Jouars-Pontchartrain;78
mairie@stutzheim-offenheim.fr;Centre communal d'action sociale (CCAS) - Stutzheim-Offenheim;67
mairie@blaison-saint-sulpice.fr;Centre communal d'action sociale (CCAS) - Blaison-Saint-Sulpice;49
ccas@leperray.fr;Centre communal d'action sociale (CCAS) - Le Perray-en-Yvelines;78
mairie.haybes@wanadoo.fr;Centre communal d'action sociale (CCAS) - Haybes;08
commune.bucheres10@wanadoo.fr;Centre communal d'action sociale (CCAS) - Buchères;10
ccas@freneuse78.fr;Centre communal d'action sociale (CCAS) - Freneuse;78
mairie@courcelles-les-lens.fr;Centre communal d'action sociale (CCAS) - Courcelles-lès-Lens;62
service.social@maisonslaffitte.fr;Centre communal d'action sociale (CCAS) - Maisons-Laffitte;78
ccas@villelt.fr;Centre communal d'action sociale (CCAS) - La Trinité  Alpes-Maritimes;06
mairie@beaujeu.fr;Centre communal d'action sociale (CCAS) - Beaujeu;69
contact@ville-chalindrey.fr;Centre communal d'action sociale (CCAS) - Chalindrey;52
d.verfaillie@ville-capinghem.fr;Centre communal d'action sociale (CCAS) - Capinghem;59
ccas@ccas-pontivy.bzh;Centre communal d'action sociale (CCAS) - Pontivy;56
mairie.henouville@orange.fr;Centre communal d'action sociale (CCAS) - Hénouville;76
ccas@ville-moulins.fr;Centre communal d'action sociale (CCAS) - Moulins Allier;03
mairie@labastideclairence.com;Centre communal d'action sociale (CCAS) - La Bastide-Clairence;64
mairie.lecours@orange.fr;Centre communal d'action sociale (CCAS) - Le Cours;56
accueil.ccas-mtsamboro@mairie-mtsamboro.fr;Centre communal d'action sociale (CCAS) - Mtsamboro;976
mairie-quingey@orange.fr;Centre communal d'action sociale (CCAS) - Quingey;25
contact.mairie@gommegnies.fr;Centre communal d'action sociale (CCAS) - Gommegnies;59
mairie.dortan.01@orange.fr;Centre communal d'action sociale (CCAS) - Dortan;01
mairie.domerat@wanadoo.fr;Centre communal d'action sociale (CCAS) - Domérat;03
accueil@deyme.fr;Centre communal d'action sociale (CCAS) - Deyme;31
mairie.vergeal@orange.fr;Centre communal d'action sociale (CCAS) - Vergéal;35
solidarite-insertion@choletagglomeration.fr;Centre communal d'action sociale (CCAS) - Cholet;49
mairie@montmedy.fr;Centre communal d'action sociale (CCAS) - Montmédy;55
arraye.han54760@gmail.com;Centre communal d'action sociale (CCAS) - Arraye-et-Han;54
mairie@argentsursauldre.fr;Centre communal d'action sociale (CCAS) - Argent-Sur-Sauldre;18
mairie.letheildebretagne@wanadoo.fr;Centre communal d'action sociale (CCAS) - Le Theil-de-Bretagne;35
ccas@mairie-orthez.fr;Centre communal d'action sociale (CCAS) - Orthez;64
mairiedepreny@wanadoo.fr;Centre communal d'action sociale (CCAS) - Prény;54
mairie.niederlauterbach@wanadoo.fr;Centre communal d'action sociale (CCAS) - Niederlauterbach;67
mairie@bages66.fr;Centre communal d'action sociale (CCAS) - Bages;66
saintecolombesurseine@gmail.com;Centre communal d'action sociale (CCAS) - Sainte-Colombe-sur-Seine;21
mairie@hegenheim.fr;Centre communal d'action sociale (CCAS) - Hégenheim;68
mairie@labastide-serou.fr;Centre communal d'action sociale (CCAS) - La Bastide-de-Sérou;09
ccas@collobrieres.fr;Centre communal d'action sociale (CCAS) - Collobrières;83
ccas@sanguinet.fr;Centre communal d'action sociale (CCAS) - Sanguinet;40
ccas-mairie-livry@wanadoo.fr;Centre communal d'action sociale (CCAS) - Livry-sur-Seine;77
contact@villeducrotoy.fr;Centre communal d'action sociale (CCAS) - Le Crotoy;80
mairie@caulnes.fr;Centre communal d'action sociale (CCAS) - Caulnes;22
ccas@ville-briey.fr;Centre communal d'action sociale (CCAS) - Val de Briey;54
mairie.bretigny27@orange.fr;Centre communal d'action sociale (CCAS) - Brétigny;27
mairie@labegude.fr;Centre communal d'action sociale (CCAS) - Labégude;07
saintchristophedevalains@wanadoo.fr;Centre communal d'action sociale (CCAS) - Saint-Christophe-de-Valains;35
ccas@lapossession.re;Centre communal d'action sociale (CCAS) - La Possession;974
contact@mairie-roinville.fr;Centre communal d'action sociale (CCAS) - Roinville;91
social@mairie-illzach.fr;Centre communal d'action sociale (CCAS) - Illzach;68
accueil.cs@marsannaylacote.fr;Centre communal d'action sociale (CCAS) - Marsannay-la-Côte;21
communedebelgarde@wanadoo.fr;Centre communal d'action sociale (CCAS) - Bellegarde Gers;32
accueil@mairie-montgailhard09.fr;Centre communal d'action sociale (CCAS) - Montgailhard;09
mairie@vallieres74.fr;Centre communal d'action sociale (CCAS) - Vallières-sur-Fier;74
secretariat.maire@mairie-lesparre.fr;Centre communal d'action sociale (CCAS) - Lesparre-Médoc;33
mairie@valle-d-alesani.fr;Centre communal d'action sociale (CCAS) - Valle-d'Alesani;2B
aillas2@wanadoo.fr;Centre communal d'action sociale (CCAS) - Aillas;33
ccas@ville-vittel.fr;Centre communal d'action sociale (CCAS) - Vittel;88
mairie.st-amand-sur-fion@wanadoo.fr;Centre communal d'action sociale (CCAS) - Saint-Amand-sur-Fion;51
accueil.mairie@etriche49.fr;Centre communal d'action sociale (CCAS) - Étriché;49
contact@mairie-bibiche.com;Centre communal d'action sociale (CCAS) - Bibiche;57
rh@bourgdescomptes.com;Centre communal d'action sociale (CCAS) - Bourg-des-Comptes;35
mairie.islearne@wanadoo.fr;Centre communal d'action sociale (CCAS) - L'Isle-Arné;32
mairie.tasque@wanadoo.fr;Centre communal d'action sociale (CCAS) - Tasque;32
maire@mairie-emerainville.fr;Centre communal d'action sociale (CCAS) - Émerainville;77
accueil.ccas@ville-nevers.fr;Centre communal d'action sociale (CCAS) - Nevers;58
contact@ccasmarguerittes.fr;Centre communal d'action sociale (CCAS) - Marguerittes;30
ccas@bois-colombes.com;Centre communal d'action sociale (CCAS) - Bois-Colombes;92
communication@fillinges.fr;Centre communal d'action sociale (CCAS) - Fillinges;74
ville@maisons-alfort.fr;Centre communal d'action sociale (CCAS) - Maisons-Alfort;94
ccas@faremoutiers.fr;Centre communal d'action sociale (CCAS) - Faremoutiers;77
utas.chateau-thierry@aisne.fr;Centre communal d'action sociale (CCAS) - Neuilly-Saint-Front;02
commune-jolimetz@orange.fr;Centre communal d'action sociale (CCAS) - Jolimetz;59
mairie.remilly-aillicourt@ennemane.net;Centre communal d'action sociale (CCAS) - Remilly-Aillicourt;08
accueil@vivier-au-court.fr;Centre communal d'action sociale (CCAS) - Vivier-au-Court;08
mairie.bricqueville-sur-mer@orange.fr;Centre communal d'action sociale (CCAS) - Bricqueville-sur-Mer;50
secretariat@montachervillegardin.fr;Centre communal d'action sociale (CCAS) - Montacher-Villegardin;89
mairie@domats.fr;Centre communal d'action sociale (CCAS) - Domats;89
cca.givet@wanadoo.fr;Centre communal d'action sociale (CCAS) - Givet;08
mairie.lemartinet@wanadoo.fr;Centre communal d'action sociale (CCAS) - Le Martinet;30
commune.muzy@orange.fr;Centre communal d'action sociale (CCAS) - Muzy;27
commune-ancretieville@orange.fr;Centre communal d'action sociale (CCAS) - Ancretiéville-Saint-Victor;76
ccas3@mairie-sarrebourg.fr;Centre communal d'action sociale (CCAS) - Sarrebourg;57
ccas@furdenheim.fr;Centre communal d'action sociale (CCAS) - Furdenheim;67
mairie@letriadou.fr;Centre communal d'action sociale (CCAS) - Le Triadou;34
accueil@vezenobres.fr;Centre communal d'action sociale (CCAS) - Vézénobres;30
mairie.bousse@wanadoo.fr;Centre communal d'action sociale (CCAS) - Bousse Sarthe;72
ccas@mairie-cadaujac.fr;Centre communal d'action sociale (CCAS) - Cadaujac;33
mairie@oulchylechateau.fr;Centre communal d'action sociale (CCAS) - Oulchy-le-Château;02
accueil@cysoing.fr;Centre communal d'action sociale (CCAS) - Cysoing;59
mairie-de-frocourt@wanadoo.fr;Centre communal d'action sociale (CCAS) - Frocourt;60
mairie@orly-sur-morin.fr;Centre communal d'action sociale (CCAS) - Orly-sur-Morin;77
mairie-saint.antonin.noble.val@info82.com;Centre communal d'action sociale (CCAS) - Saint-Antonin-Noble-Val;82
mairieislessursuippe@wanadoo.fr;Centre communal d'action sociale (CCAS) - Isles-sur-Suippe;51
mairie.dorgan@orange.fr;Centre communal d'action sociale (CCAS) - Organ;65
mairie.montmarault@wanadoo.fr;Centre communal d'action sociale (CCAS) - Montmarault;03
issanlas.mairie@orange.fr;Centre communal d'action sociale (CCAS) - Issanlas;07
social@machecoul.fr;Centre communal d'action sociale (CCAS) - Machecoul-Saint-Même;44
contact@mairie-bretigny91.fr;Centre communal d'action sociale (CCAS) - Brétigny-sur-Orge;91
ccas@landevant.bzh;Centre communal d'action sociale (CCAS) - Landévant;56
mairie@ville-locon.fr;Centre communal d'action sociale (CCAS) - Locon;62
mairie.islebouzon@wanadoo.fr;Centre communal d'action sociale (CCAS) - L'Isle-Bouzon;32
mairie-helesmes@orange.fr;Centre communal d'action sociale (CCAS) - Hélesmes;59
mairie.marlygomont@wanadoo.fr;Centre communal d'action sociale (CCAS) - Marly-Gomont;02
affairesgeneralesmairie@donzy.fr;Centre communal d'action sociale (CCAS) - Donzy;58
ccas@besseges.fr;Centre communal d'action sociale (CCAS) - Bessèges;30
mairie.chateauneuf@wanadoo.fr;Centre communal d'action sociale (CCAS) - Châteauneuf-de-Randon;48
communecrouttessurmarne@orange.fr;Centre communal d'action sociale (CCAS) - Crouttes-sur-Marne;02
contact@mairie-borgo.fr;Centre communal d'action sociale (CCAS) - Borgo;2B
mairie@lepechereau.fr;Centre communal d'action sociale (CCAS) - Le Pêchereau;36
mairie@vineuilsaintfirmin.fr;Centre communal d'action sociale (CCAS) - Vineuil-Saint-Firmin;60
cias@ccdourdannais.com;Centre intercommunal d'action sociale (CIAS) du Dourdannais en Hurepoix;91
mairie@ville-malicorne.fr;Centre communal d'action sociale (CCAS) - Malicorne-sur-Sarthe;72
ccas@saintcezairesursiagne.fr;Centre communal d'action sociale (CCAS) - Saint-Cézaire-sur-Siagne;06
ande.mairie@wanadoo.fr;Centre communal d'action sociale (CCAS) - Andé;27
mairie@lisleendodon.com;Centre communal d'action sociale (CCAS) - L'Isle-en-Dodon;31
mairie@leguilvinec.com;Centre communal d'action sociale (CCAS) - Guilvinec;29
mairie@ville-labassee.fr;Centre communal d'action sociale (CCAS) - La Bassée;59
guitres.mairie@orange.fr;Centre communal d'action sociale (CCAS) - Guîtres;33
mairie.st.jean.dasse.72@orange.fr;Centre communal d'action sociale (CCAS) - Saint-Jean-d'Assé;72
mairie.de.cadeilhan@wanadoo.fr;Centre communal d'action sociale (CCAS) - Cadeilhan;32
contact@ccas-lecendre.fr;Centre communal d'action sociale (CCAS) - Le Cendre;63
mairie.meillac@orange.fr;Centre communal d'action sociale (CCAS) - Meillac;35
st.sauveur.de.carrouges@wanadoo.fr;Centre communal d'action sociale (CCAS) - Saint-Sauveur-de-Carrouges;61
ccas-solidarites@ville-sevran.fr;Centre communal d'action sociale (CCAS) - Sevran;93
ccas@ville-villiers-le-bel.fr;Centre communal d'action sociale (CCAS) - Villiers-le-Bel;95
mairie@neulise.fr;Centre communal d'action sociale (CCAS) - Neulise;42
mairie@chasseybeaupre.fr;Centre communal d'action sociale (CCAS) - Chassey-Beaupré;55
mairie@ville-ploumagoar.fr;Centre communal d'action sociale (CCAS) - Ploumagoar;22
mairie@rodilhan.fr;Centre communal d'action sociale (CCAS) - Rodilhan;30
cias@valsdesaintonge.fr;Centre communal d'action sociale (CCAS) - Saint-Jean-d'Angély;17
wittelsheim@mairie-wittelsheim.fr;Centre communal d'action sociale (CCAS) - Wittelsheim;68
info@landiras.lo;Centre communal d'action sociale (CCAS) - Landiras;33
mairie-cheroy2@orange.fr;Centre communal d'action sociale (CCAS) - Chéroy;89
ccas@ville-vailhauques.fr;Centre communal d'action sociale (CCAS) - Vailhauquès;34
mairie@chapellebassemer.fr;Centre communal d'action sociale (CCAS) - Divatte-sur-Loire;44
mairie@lemesnilsaintdenis.fr;Centre communal d'action sociale (CCAS) - Le Mesnil-Saint-Denis;78
secretariat@fleuryenbiere.fr;Centre communal d'action sociale (CCAS) - Fleury-en-Bière;77
ccas.etatcivil@ville-larichardais.fr;Centre communal d'action sociale (CCAS) - La Richardais;35
mairie.valderoulans@gmail.com;Centre communal d'action sociale (CCAS) - Val-de-Roulans;25
mairie@irigny.fr;Centre communal d'action sociale (CCAS) - Irigny;69
ccas@mairie-vitry94.fr;Centre communal d'action sociale (CCAS) - Vitry-sur-Seine;94
mairie@ville-dreuil-les-amiens.fr;Centre communal d'action sociale (CCAS) - Dreuil-lès-Amiens;80
mairie@lens-lestang.fr;Centre communal d'action sociale (CCAS) - Lens-Lestang;26
accueil-ccas@ville-dreux.fr;Centre communal d'action sociale (CCAS) - Dreux;28
mairie@lavilleneuveauchene.fr;Centre communal d'action sociale (CCAS) - La Villeneuve-au-Chêne;10
mairie.staignansurry@wanadoo.fr;Centre communal d'action sociale (CCAS) - Saint-Aignan-sur-Ry;76
mairielevernet.31@wanadoo.fr;Centre communal d'action sociale (CCAS) - Vernet;31
mairiedepassins@orange.fr;Centre communal d'action sociale (CCAS) - Arandon-Passins;38
mairie@treffiagat.bzh;Centre communal d'action sociale (CCAS) - Treffiagat;29
mairie.gazaupouy@wanadoo.fr;Centre communal d'action sociale (CCAS) - Gazaupouy;32
accueil@chauve.fr;Centre communal d'action sociale (CCAS) - Chauve;44
contact@villeneuvedelaraho.fr;Centre communal d'action sociale (CCAS) - Villeneuve-de-la-Raho;66
jussy.mairie@wanadoo.fr;Centre communal d'action sociale (CCAS) - Jussy (Aisne);02
mairie@breuillet-17.fr;Centre communal d'action sociale (CCAS) - Breuillet  Charente-maritime;17
contact@mairie-lachatre.fr;Centre communal d'action sociale (CCAS) - La Châtre;36
mairiedemontlevon@wanadoo.fr;Centre communal d'action sociale (CCAS) - Montlevon;02
ccas@portenbessin-huppain.fr;Centre communal d'action sociale (CCAS) - Port-en-Bessin-Huppain;14
mairie@villeneuvelecomte.fr;Centre communal d'action sociale (CCAS) - Villeneuve-le-Comte;77
mairie.garennes.eure@orange.fr;Centre communal d'action sociale (CCAS) - Garennes-sur-Eure;27
mairie@ville-guingamp.com;Centre communal d'action sociale (CCAS) - Guingamp;22
mairie@oberschaeffolsheim.fr;Centre communal d'action sociale (CCAS) - Oberschaeffolsheim;67
mairie@lanarvily.bzh;Centre communal d'action sociale (CCAS) - Lanarvily;29
mairie@bonningueslescalais.fr;Centre communal d'action sociale (CCAS) - Bonningues-lès-Calais;62
mairie@mairie-petiterosselle.fr;Centre communal d'action sociale (CCAS) - Petite-Rosselle;57
aide.sociale@ville-castres.fr;Centre communal d'action sociale (CCAS) - Castres;81
ccas@autrans-meaudre.fr;Centre communal d'action sociale (CCAS) - Autrans-Méaudre en Vercors;38
ccas@argentan.fr;Centre communal d'action sociale (CCAS) - Argentan;61
mairiedebeautor@mairie-beautor.fr;Centre communal d'action sociale (CCAS) - Beautor;02
accueil@lagrandcroix.fr;Centre communal d'action sociale (CCAS) - La Grand-Croix;42
ccas@braspanon.re;Centre communal d'action sociale (CCAS) - Bras-Panon;974
mairie.avezan@wanadoo.fr;Centre communal d'action sociale (CCAS) - Avezan;32
mairiesaintechristie@wanadoo.fr;Centre communal d'action sociale (CCAS) - Sainte-Christie;32
secretariat@mairie-morez.fr;Centre communal d'action sociale (CCAS) - Hauts de Bienne;39
mairie@landivy.fr;Centre communal d'action sociale (CCAS) - Landivy;53
mairie.aillant.sur.tholon@wanadoo.fr;Centre communal d'action sociale (CCAS) - Montholon;89
accueil@ccas.mairie-cahors.fr;Centre communal d'action sociale (CCAS) - Cahors;46
ese.accueil@is-sur-tille.fr;Centre communal d'action sociale (CCAS) - Is-sur-Tille;21
mairie@portedespierresdorees.fr;Centre communal d'action sociale (CCAS) - Porte des Pierres Dorées;69
stgonlay.mairie@orange.fr;Centre communal d'action sociale (CCAS) - Saint-Gonlay;35
veslesetcaumont@paysdelaserre.fr;Centre communal d'action sociale (CCAS) - Vesles-et-Caumont;02
ccas@stcyraumontdor.fr;Centre communal d'action sociale (CCAS) - Saint-Cyr-au-Mont-d'Or;69
accueil@cnvilledieu.fr;Centre communal d'action sociale (CCAS) - Villedieu-les-Poêles-Rouffigny;50
coordinationccas-saintbrieuc@saintbrieuc.fr;Centre communal d'action sociale (CCAS) - Saint-Brieuc;22
mairie@villenauxelagrande.fr;Centre communal d'action sociale (CCAS) - Villenauxe-la-Grande;10
mairie@cornillonconfoux.fr;Centre communal d'action sociale (CCAS) - Cornillon-Confoux;13
ccas@margnylescompiegne.fr;Centre communal d'action sociale (CCAS) - Margny-lès-Compiègne;60
accueil@ville-bosc-roger-en-roumois.fr;Centre communal d'action sociale (CCAS) - Les Monts du Roumois;27
synd.mixte.cbh@wanadoo.fr;Centre communal d'action sociale (CCAS) - Cesny-les-Sources;14
ccasaccueil@ville-pontoise.fr;Centre communal d'action sociale (CCAS) - Pontoise;95
ccas@bedarrides.eu;Centre communal d'action sociale (CCAS) - Bédarrides;84
accueil.mairie@brettelespins.fr;Centre communal d'action sociale (CCAS) - Brette-les-Pins;72
accueil@charvieu-chavagneux.fr;Centre communal d'action sociale (CCAS) - Charvieu-Chavagneux;38
mairie.stvictordebuthon@orange.fr;Centre communal d'action sociale (CCAS) - Saint-Victor-de-Buthon;28
ccas@ville-ensisheim.fr;Centre communal d'action sociale (CCAS) - Ensisheim;68
mairie@ville-cancale.fr;Centre communal d'action sociale (CCAS) - Cancale;35
ccas@montbeliard.com;Centre communal d'action sociale (CCAS) - Montbéliard;25
ccas@ville-goussainville.fr;Centre communal d'action sociale (CCAS) - Goussainville;95
mairie@mairie-aime.fr;Centre communal d'action sociale (CCAS) - Aime-la-Plagne;73
accueil@villemeux.fr;Centre communal d'action sociale (CCAS) - Villemeux-sur-Eure;28
mairie@rdg30650.fr;Centre communal d'action sociale (CCAS) - Rochefort-du-Gard;30
social@lamballe-armor.bzh;Centre communal d'action sociale (CCAS) - Lamballe-Armor;22
mairieaubrives@wanadoo.fr;Centre communal d'action sociale (CCAS) - Aubrives;08
ccas@ville-marck.fr;Centre communal d'action sociale (CCAS) - Marck;62
mairie.autels.villevillon@wanadoo.fr;Centre communal d'action sociale (CCAS) - Les Autels-Villevillon;28
mairie.moraches@wanadoo.fr;Centre communal d'action sociale (CCAS) - Moraches;58
ccas@saintandredecorcy.fr;Centre communal d'action sociale (CCAS) - Saint-André-de-Corcy;01
ccas@mairie-esbly.fr;Centre communal d'action sociale (CCAS) - Esbly;77
ccas@chazelles-sur-lyon.fr;Centre communal d'action sociale (CCAS) - Chazelles-sur-Lyon;42
mairie-meuilley@wanadoo.fr;Centre communal d'action sociale (CCAS) - Meuilley;21
mairie.villemoiron@wanadoo.fr;Centre communal d'action sociale (CCAS) - Villemoiron-en-Othe;10
accueil@brindas.fr;Centre communal d'action sociale (CCAS) - Brindas;69
mairie-saintsevercalvados@wanadoo.fr;Centre communal d'action sociale (CCAS) - Noues de Sienne;14
mairie.chereng@wanadoo.fr;Centre communal d'action sociale (CCAS) - Chéreng;59
mairie.jonchery@orange.fr;Centre communal d'action sociale (CCAS) - Jonchery;52
contact@ville-moyenmoutier.fr;Centre communal d'action sociale (CCAS) - Moyenmoutier;88
mairie@condette.fr;Centre communal d'action sociale (CCAS) - Condette;62
ccas@mairie-narbonne.fr;Centre communal d'action sociale (CCAS) - Narbonne;11
mairie.insming@libertysurf.fr;Centre communal d'action sociale (CCAS) - Insming;57
contact@mairiesurvilliers.fr;Centre communal d'action sociale (CCAS) - Survilliers;95
mairie-severac@orange.fr;Centre communal d'action sociale (CCAS) - Sévérac;44
mairie@corcellesenbeaujolais.com;Centre communal d'action sociale (CCAS) - Corcelles-en-Beaujolais;69
secretariat@ccas-beziers.fr;Centre communal d'action sociale (CCAS) - Béziers;34
secretariat@saintefeyre.fr;Centre communal d'action sociale (CCAS) - Sainte-Feyre;23
ccas@mairiequestembert.bzh;Centre communal d'action sociale (CCAS) - Questembert;56
mairie-de-saint-soulan@alsatis.net;Centre communal d'action sociale (CCAS) - Saint-Soulan;32
mairie@ecourtsaintquentin.fr;Centre communal d'action sociale (CCAS) - Écourt-Saint-Quentin;62
mairie.51marolles@wanadoo.fr;Centre communal d'action sociale (CCAS) - Marolles;51
mairie@bienvillers.org;Centre communal d'action sociale (CCAS) - Bienvillers-au-Bois;62
mairie.prechacsuradour@wanadoo.fr;Centre communal d'action sociale (CCAS) - Préchac-sur-Adour;32
accueil_guichet@mairie-bornel.fr;Centre communal d'action sociale (CCAS) - Bornel;60
accueil@plouegat-guerrand.bzh;Centre communal d'action sociale (CCAS) - Plouégat-Guérand;29
info@ville-de-santenay.fr;Centre communal d'action sociale (CCAS) - Santenay;21
ccas@ville-cilaos.fr;Centre communal d'action sociale (CCAS) - Cilaos;974
mairie-saint-angel03@wanadoo.fr;Centre communal d'action sociale (CCAS) - Saint-Angel;03
secretariat@mairie-seurre.fr;Centre communal d'action sociale (CCAS) - Seurre;21
accueil@croissy.com;Centre communal d'action sociale (CCAS) - Croissy-sur-Seine;78
secretariat@mairie-giat.fr;Centre communal d'action sociale (CCAS) - Giat;63
ccas@artigues-pres-bordeaux.fr;Centre communal d'action sociale (CCAS) - Artigues-près-Bordeaux;33
secretariat@saint-pierreville.fr;Centre communal d'action sociale (CCAS) - Saint-Pierreville;07
mairie@saintgermaindubois.fr;Centre communal d'action sociale (CCAS) - Saint-Germain-du-Bois;71
accueil@mairie-brece.fr;Centre communal d'action sociale (CCAS) - Brécé;35
mairie@ottrott.fr;Centre communal d'action sociale (CCAS) - Ottrott;67
mairie@brandivy.fr;Centre communal d'action sociale (CCAS) - Brandivy;56
le.fugeret.mairie@wanadoo.fr;Centre communal d'action sociale (CCAS) - Le Fugeret;04
mairie.aumenancourt@wanadoo.fr;Centre communal d'action sociale (CCAS) - Auménancourt;51
mairie.chateauponsac@orange.fr;Centre communal d'action sociale (CCAS) - Châteauponsac;87
accueil-montbeugny@orange.fr;Centre communal d'action sociale (CCAS) - Montbeugny;03
secretariat@pierrefontaine-les-varans.com;Centre communal d'action sociale (CCAS) - Pierrefontaine-les-Varans;25
mairie-de-les-etangs@wanadoo.fr;Centre communal d'action sociale (CCAS) - Les Étangs;57
accueilmairie@bouxieresauxdames.fr;Centre communal d'action sociale (CCAS) - Bouxières-aux-Dames;54
mairie@montgenevre.com;Centre communal d'action sociale (CCAS) - Montgenèvre;05
st-germain-lherm.mairie@wanadoo.fr;Centre communal d'action sociale (CCAS) - Saint-Germain-l'Herm;63
mairie.recoules.aubrac@orange.fr;Centre communal d'action sociale (CCAS) - Recoules-d'Aubrac;48
accueilccas@ville-limay.fr;Centre communal d'action sociale (CCAS) - Limay;78
cravant-mairie@orange.fr;Centre communal d'action sociale (CCAS) - Cravant-les-Côteaux;37
mairie.lieurey27@gmail.com;Centre communal d'action sociale (CCAS) - Lieurey;27
social.ccas@la-ferte-gaucher.org;Centre communal d'action sociale (CCAS) - La Ferté-Gaucher;77
mairie@marcille-robert.bzh;Centre communal d'action sociale (CCAS) - Marcillé-Robert;35
secretariat@sgmo.org;Centre communal d'action sociale (CCAS) - Saint Germain Au Mont D'Or;69
secretariat@rohrwiller.fr;Centre communal d'action sociale (CCAS) - Rohrwiller;67
accueil@landunvez.fr;Centre communal d'action sociale (CCAS) - Landunvez;29
mairie@montlignon.fr;Centre communal d'action sociale (CCAS) - Montlignon;95
accueil@csclassigny.fr;Centre communal d'action sociale (CCAS) - Lassigny;60
service.ccas@plouzane.fr;Centre communal d'action sociale (CCAS) - Plouzané;29
social@labruguiere.fr;Centre communal d'action sociale (CCAS) - Labruguière;81
mairie@mairiedecroisysurandelle.fr;Centre communal d'action sociale (CCAS) - Croisy-sur-Andelle;76
mairie.boursies@orange.fr;Centre communal d'action sociale (CCAS) - Boursies;59
mairie.joncourt@wanadoo.fr;Centre communal d'action sociale (CCAS) - Joncourt;02
mairie.neuhaeusel@wanadoo.fr;Centre communal d'action sociale (CCAS) - Neuhaeusel;67
commune-de-bezaumont@wanadoo.fr;Centre communal d'action sociale (CCAS) - Bezaumont;54
ccas@mairie-creil.fr;CCAS - Creil;60
ccas@deuillabarre.fr;Centre communal d'action sociale (CCAS) - Deuil-la-Barre;95
mairie.vincey@wanadoo.fr;Centre communal d'action sociale (CCAS) - Vincey;88
mairie.cheminot@wanadoo.fr;Centre communal d'action sociale (CCAS) - Cheminot;57
contact@ville-haisnes.fr;Centre communal d'action sociale (CCAS) - Haisnes;62
contact@mairie-gleize.fr;Centre communal d'action sociale (CCAS) - Gleizé;69
le-glaizil.mairie@orange.fr;Centre communal d'action sociale (CCAS) - Le Glaizil;05
mairiesedc@orange.fr;Centre communal d'action sociale (CCAS) - Saint-Étienne-de-Chigny;37
contact@fismes.fr;Centre communal d'action sociale (CCAS) - Fismes;51
mairie@saintjeandeliversay.fr;Centre communal d'action sociale (CCAS) - Saint-Jean-de-Liversay;17
catigny@paysnoyonnais.fr;Centre communal d'action sociale (CCAS) - Catigny;60
mairiedestglen@orange.fr;Centre communal d'action sociale (CCAS) - Saint-Glen;22
mairie.ormes-s-voulzie@wanadoo.fr;Centre communal d'action sociale (CCAS) - Les Ormes-sur-Voulzie;77
mairie@gambais.fr;Centre communal d'action sociale (CCAS) - Gambais;78
mairie.stcaprais@valdelivenne.fr;Centre communal d'action sociale (CCAS) - Val-de-Livenne;33
mairie.piney@orange.fr;Centre communal d'action sociale (CCAS) - Piney;10
mairie@steene.fr;Centre communal d'action sociale (CCAS) - Steene;59
mairie@moneteau.fr;Centre communal d'action sociale (CCAS) - Monéteau;89
labalme.mairie@wanadoo.fr;Centre communal d'action sociale (CCAS) - La Balme;73
mairie.laveraet@wanadoo.fr;Centre communal d'action sociale (CCAS) - Laveraët;32
mairie-renty@wanadoo.fr;Centre communal d'action sociale (CCAS) - Renty;62
contactmairie@paray-vieille-poste.fr;Centre communal d'action sociale (CCAS) - Paray-Vieille-Poste;91
ccas@ville-chantepie.fr;Centre communal d'action sociale (CCAS) - Chantepie;35
ccas@cheptainville.fr;Centre communal d'action sociale (CCAS) - Cheptainville;91
mad@rosnysousbois.fr;Centre communal d'action sociale (CCAS) - Rosny-sous-Bois;93
mairie-saulxures@mairie-saulxures-les-nancy.fr;Centre communal d'action sociale (CCAS) - Saulxures-lès-Nancy;54
accueil@mairie-pannes.fr;Centre communal d'action sociale (CCAS) - Pannes;45
moulesetbaucels@free.fr;Centre communal d'action sociale (CCAS) - Moulès-et-Baucels;34
commune.dambach@wanadoo.fr;Centre communal d'action sociale (CCAS) - Dambach;67
mairie@stjustdavray.fr;Centre communal d'action sociale (CCAS) - Saint-Just-d'Avray;69
lespouey.mairie@wanadoo.fr;Centre communal d'action sociale (CCAS) - Lespouey;65
ses@rixheim.fr;Centre communal d'action sociale (CCAS) - Rixheim;68
mairie.moulins@wanadoo.fr;Centre communal d'action sociale (CCAS) - Moulins Ille-et-Vilaine;35
mairie-saintaugustin@wanadoo.fr;Centre communal d'action sociale (CCAS) - Saint-Augustin;77
mairie@boisleroy27.fr;Centre communal d'action sociale (CCAS) - Bois-le-Roi Eure;27
mairie.aubermesnilauxerables@wanadoo.fr;Centre communal d'action sociale (CCAS) - Aubermesnil-aux-Érables;76
dgs.chirongui@gmail.com;Centre communal d'action sociale (CCAS) - Chirongui;976
social.mairie@bouraysurjuine.fr;Centre communal d'action sociale (CCAS) - Bouray-sur-Juine;91
ccas@solliespont.fr;Centre communal d'action sociale (CCAS) - Solliès-Pont;83
beure.mairie@wanadoo.fr;Centre communal d'action sociale (CCAS) - Beure;25
mairie.delettes@wanadoo.fr;Centre communal d'action sociale (CCAS) - Delettes;62
accueil@mairie-bonne.fr;Centre communal d'action sociale (CCAS) - Bonne;74
ccas@mairie-villeneuvesurlot.fr;Centre communal d'action sociale (CCAS) - Villeneuve-sur-Lot;47
contact@ville-sarralbe.fr;Centre communal d'action sociale (CCAS) - Sarralbe;57
mairiedefosse-41@fosse41.fr;Centre communal d'action sociale (CCAS) - Fossé;41
ccas@lechateaudoleron.fr;Centre communal d'action sociale (CCAS) - Le Château-d'Oléron;17
ville@mairie-conflans.fr;Centre communal d'action sociale (CCAS) - Conflans-Sainte-Honorine;78
mairie@saintlaurentsursevre.fr;Centre communal d'action sociale (CCAS) - Saint-Laurent-sur-Sèvre;85
ccas@mairie-viviers.fr;Centre communal d'action sociale (CCAS) - Viviers;07
mairie-conques@wanadoo.fr;Centre communal d'action sociale (CCAS) - Conques-en-Rouergue;12
ccas@ville-ales.fr;Centre communal d'action sociale (CCAS) - Alès;30
aussos.mairie@orange.fr;Centre communal d'action sociale (CCAS) - Aussos;32
mairie@chasseneuil.fr;Centre communal d'action sociale (CCAS) - Chasseneuil-sur-Bonnieure;16
mairie.maisoncelles-en-brie@laposte.net;Centre communal d'action sociale (CCAS) - Maisoncelles-en-Brie;77
mairie-lrb@wanadoo.fr;Centre communal d'action sociale (CCAS) - La Roche-Bernard;56
mairie-auneau@wanadoo.fr;Centre communal d'action sociale (CCAS) - Auneau-Bleury-Saint-Symphorien;28
mairie@valdaigoual.fr;Centre communal d'action sociale (CCAS) - Val-d'Aigoual;30
ccas@mairie-tournefeuille.fr;Centre communal d'action sociale (CCAS) - Tournefeuille;31
ccas@nanteuil-les-meaux.fr;Centre communal d'action sociale (CCAS) - Nanteuil-lès-Meaux;77
mairie@donnery.fr;Centre communal d'action sociale (CCAS) - Donnery;45
mairie@stgermainencogles.com;Centre communal d'action sociale (CCAS) - Saint-Germain-en-Coglès;35
mairielacapellelesboulogne@orange.fr;Centre communal d'action sociale (CCAS) - La Capelle-Les-Boulogne;62
contact@saint-gildas-de-rhuys.fr;Centre communal d'action sociale (CCAS) - Saint-Gildas-de-Rhuys;56
mairie.secretariat@cernaylaville.net;Centre communal d'action sociale (CCAS) - Cernay-la-Ville;78
affaires-sociales@montrond-les-bains.fr;Centre communal d'action sociale (CCAS) - Montrond-les-Bains;42
contact@mairie-bagneux.fr;Centre communal d'action sociale (CCAS) - Bagneux;92
mairieneuvechapelle@orange.fr;Centre communal d'action sociale (CCAS) - Neuve-Chapelle;62
contact@ccas-aixenprovence.org;Centre communal d'action sociale (CCAS) - Aix-en-Provence;13
mairie.croix-caluyau@wanadoo.fr;Centre communal d'action sociale (CCAS) - Croix-Caluyau;59
secretariat.ccas@mairie-saintleu.fr;Centre communal d'action sociale (CCAS) - Saint-Leu;974
ccas@gond-pontouvre.fr;Centre communal d'action sociale (CCAS) - Gond-Pontouvre;16
communication@sartene.corsica;Centre communal d'action sociale (CCAS) - Sartène;2A
ccas-amd@orange.fr;Centre communal d'action sociale (CCAS) - Néris-les-Bains;03
cias.fruges@cchpm.fr;Centre intercommunal d'action sociale (CIAS) du Haut-Pays du Montreuillois;62
mairie.lespinthieres@9business.fr;Centre communal d'action sociale (CCAS) - Les Pinthières;28
mairie.ruedesvignes@wanadoo.fr;Centre communal d'action sociale (CCAS) - Les Rues-des-Vignes;59
mairie-accueil@beaumontdelomagne.fr;Centre communal d'action sociale (CCAS) - Beaumont-de-Lomagne;82
accueil@saintalban.fr;Centre communal d'action sociale (CCAS) - Saint-Alban;22
mairie.lechatelet@orange.fr;Centre communal d'action sociale (CCAS) - Le Châtelet;18
mairieorbais-labbaye@wanadoo.fr;Centre communal d'action sociale (CCAS) - Orbais-l'Abbaye;51
contact@les-vans.fr;Centre communal d'action sociale (CCAS) - Les Vans;07
mairie.ebersviller@orange.fr;Centre communal d'action sociale (CCAS) - Ébersviller;57
mairie.choisies@orange.fr;Centre communal d'action sociale (CCAS) - Choisies;59
mairie.chivres-val@wanadoo.fr;Centre communal d'action sociale (CCAS) - Chivres-Val;02
contact@mairiedommartin.fr;Centre communal d'action sociale (CCAS) - Dommartin;69
mairie@gunstett.fr;Centre communal d'action sociale (CCAS) - Gunstett;67
ccas@montarnaud.fr;Centre communal d'action sociale (CCAS) - Montarnaud;34
mairie@grandfortphilippe.fr;Centre communal d'action sociale (CCAS) - Grand-Fort-Philippe;59
ccas@peaule.fr;Centre communal d'action sociale (CCAS) - Péaule;56
ccas.auriol@wanadoo.fr;Centre communal d'action sociale (CCAS) - Auriol;13
mairie-de-marquerie@orange.fr;Centre communal d'action sociale (CCAS) - Marquerie;65
mairie@abergement-la-ronce.fr;Centre communal d'action sociale (CCAS) - Abergement-la-Ronce;39
mairie@stmartindecrau.fr;Centre communal d'action sociale (CCAS) - Saint-Martin-de-Crau;13
mairiederots@rots.fr;Centre communal d'action sociale (CCAS) - Rots;14
mairie@pfastatt.fr;Centre communal d'action sociale (CCAS) - Pfastatt;68
ccas@ville-migennes.fr;Centre communal d'action sociale (CCAS) - Migennes;89
mairie@ville-de-jarnac.fr;Centre communal d'action sociale (CCAS) - Jarnac;16
mairiedefrechendets@protonmail.com;Centre communal d'action sociale (CCAS) - Fréchendets;65
mairie@rilhac-rancon.fr;Centre communal d'action sociale (CCAS) - Rilhac-Rancon;87
mairie@vauthiermont.fr;Centre communal d'action sociale (CCAS) - Vauthiermont;90
mairie-sains-35@orange.fr;Centre communal d'action sociale (CCAS) - Saint-Père-en-Retz;44
jegun.mairie@wanadoo.fr;Centre communal d'action sociale (CCAS) - Jegun;32
ccas04@dignelesbains.fr;Centre communal d'action sociale (CCAS) - Digne-les-Bains;04
accueil@mairiedecoutiches.fr;Centre communal d'action sociale (CCAS) - Coutiches;59
mairie@mairie-villargondran.fr;Centre communal d'action sociale (CCAS) - Villargondran;73
mairie.schwerdorff@orange.fr;Centre communal d'action sociale (CCAS) - Schwerdorff;57
secretariat@ville-avize.fr;Centre communal d'action sociale (CCAS) - Avize;51
mairie.dercy@wanadoo.fr;Centre communal d'action sociale (CCAS) - Dercy;02
accueil@saintmartindecastillon.fr;Centre communal d'action sociale (CCAS) - Saint-Martin-de-Castillon;84
contact@gazeran.fr;Centre communal d'action sociale (CCAS) - Gazeran;78
mairie@ville-doussard.fr;Centre communal d'action sociale (CCAS) - Doussard;74
mairie-g-fayt@wanadoo.fr;Centre communal d'action sociale (CCAS) - Grand-Fayt;59
camplong.mairie@wanadoo.fr;Centre communal d'action sociale (CCAS) - Camplong;34
info@rothau.fr;Centre communal d'action sociale (CCAS) - Rothau;67
info@ccas-villeneuve-loubet.com;Centre communal d'action sociale (CCAS) - Villeneuve-Loubet;06
mairie-de-neuville@wanadoo.fr;Centre communal d'action sociale (CCAS) - Neuville-Saint-Vaast;62
contact@morhange.fr;Centre communal d'action sociale (CCAS) - Morhange;57
contact@lamotte-beuvron.fr;Centre communal d'action sociale (CCAS) - Lamotte-Beuvron;41
accueil.pluvigner@orange.fr;Centre communal d'action sociale (CCAS) - Pluvigner;56
mairielaizelaville@wanadoo.fr;Centre communal d'action sociale (CCAS) - Laize-Clinchamps;14
mairie@saint-desert.fr;Centre communal d'action sociale (CCAS) - Saint-Désert;71
mairiedestbres@orange.fr;Centre communal d'action sociale (CCAS) - Saint-Brès;32
ccas@lormont.fr;Centre communal d'action sociale (CCAS) - Lormont;33
ccas@ville-melle.fr;Centre communal d'action sociale (CCAS) - Melle;79
mairie.banyuls.dels.aspres@wanadoo.fr;Centre communal d'action sociale (CCAS) - Banyuls-dels-Aspres;66
crouy-sur-ourcq@paysdelourcq.fr;Centre communal d'action sociale (CCAS) - Crouy;02
mairie@petitmars.fr;Centre communal d'action sociale (CCAS) - Petit-Mars;44
mairie@mairiedevenizel.fr;Centre communal d'action sociale (CCAS) - Venizel;02
contact@ville-beaufort.fr;Centre communal d'action sociale (CCAS) - Beaufort Savoie;73
accueil@arzal.bzh;Centre communal d'action sociale (CCAS) - Arzal;56
courrier@mairie-ducos.fr;Centre communal d'action sociale (CCAS) - Ducos;972
mairie.montjay05@gmail.com;Centre communal d'action sociale (CCAS) - Montjay;05
contact@mairie-le-verger.fr;Centre communal d'action sociale (CCAS) - Le Verger;35
mairie-saint-germain@orange.fr;Centre communal d'action sociale (CCAS) - Saint-Germain-du-Bel-Air;46
ccas@ville-bouillante.fr;Centre communal d'action sociale (CCAS) - Bouillante;971
communejuvigny-andaine@wanadoo.fr;Centre communal d'action sociale (CCAS) - Juvigny Val d'Andaine;61
mairie.annequin@wanadoo.fr;Centre communal d'action sociale (CCAS) - Annequin;62
fontaines-ozillac@yahoo.fr;Centre communal d'action sociale (CCAS) - Fontaines-d'Ozillac;17
mairie.de.st.folquin@wanadoo.fr;Centre communal d'action sociale (CCAS) - Saint-Folquin;62
ccas@mairie-clarensac.fr;Centre communal d'action sociale (CCAS) - Clarensac;30
mairie@laclusaz.fr;Centre communal d'action sociale (CCAS) - La Clusaz;74
contact@ccas-pamandzi.fr;Centre communal d'action sociale (CCAS) - Pamandzi;976
contact@carling.fr;Centre communal d'action sociale (CCAS) - Carling;57
mairie.barbuise@wanadoo.fr;Centre communal d'action sociale (CCAS) - Barbuise;10
communemun@orange.fr;Centre communal d'action sociale (CCAS) - Mun;65
mairiegrandfontaine@wanadoo.fr;Centre communal d'action sociale (CCAS) - Grandfontaine;25
contact@chanceauxsurchoisille.fr;Centre communal d'action sociale (CCAS) - Chanceaux-sur-Choisille;37
ccas@mairie-eguilles.fr;Centre communal d'action sociale (CCAS) - Éguilles;13
commune@mairie-le-sen.fr;Centre communal d'action sociale (CCAS) - Le Sen;40
ccasdesens@grand-senonais.fr;Centre communal d'action sociale (CCAS) - Sens;89
mairie@villedenouzonville.fr;Centre communal d'action sociale (CCAS) - Nouzonville;08
communication@mareil-marly.fr;Centre communal d'action sociale (CCAS) - Mareil-Marly;78
ccas@montvalsurloir.fr;Centre communal d'action sociale (CCAS) - Montval-sur-Loir;72
mairie.mennetou@wanadoo.fr;Centre communal d'action sociale (CCAS) - Mennetou-sur-Cher;41
mairie@lherbergement.fr;Centre communal d'action sociale (CCAS) - L'Herbergement;85
mairie.cheveuges@orange.fr;Centre communal d'action sociale (CCAS) - Cheveuges;08
ccas@bernis.fr;Centre communal d'action sociale (CCAS) - Bernis;30
service-aide.sociale@lesulis.fr;Centre communal d'action sociale (CCAS) - Les Ulis;91
mairie-albestroff@wanadoo.fr;Centre communal d'action sociale (CCAS) - Albestroff;57
vpr@ville-stbarth.fr;Centre communal d'action sociale (CCAS) - Saint-Barthélemy-d'Anjou;49
direction@ccas-clermont-ferrand.fr;Centre communal d'action sociale (CCAS) - Clermont-Ferrand;63
mairie1@beaumont-le-roger.fr;Centre communal d'action sociale (CCAS) - Beaumont-le-Roger;27
mairie@ville-capestang.fr;Centre communal d'action sociale (CCAS) - Capestang;34
ccas@ville-saint-juery.fr;Centre communal d'action sociale (CCAS) - Saint-Juéry;81
mairie@romaneche-thorins.fr;Centre communal d'action sociale (CCAS) - Romanèche-Thorins;71
accueilccas@ville-ecquevilly.fr;Centre communal d'action sociale (CCAS) - Ecquevilly;78
mairieceilhesetrocozels@orange.fr;Centre communal d'action sociale (CCAS) - Ceilhes-et-Rocozels;34
mairie@stjeansurmayenne.com;Centre communal d'action sociale (CCAS) - Saint-Jean-sur-Mayenne;53
mairie.de.clety@wanadoo.fr;Centre communal d'action sociale (CCAS) - Cléty;62
contact@molac.bzh;Centre communal d'action sociale (CCAS) - Molac;56
accueil@villehoudan.fr;Centre communal d'action sociale (CCAS) - Houdan;78
mairie@epinouze.fr;Centre communal d'action sociale (CCAS) - Épinouze;26
mairie.cezy.accueil@wanadoo.fr;Centre communal d'action sociale (CCAS) - Cézy;89
ccas@sainte-luce-loire.com;Centre communal d'action sociale (CCAS) - Sainte-Luce-sur-Loire;44
contact@caderousse.fr;Centre communal d'action sociale (CCAS) - Caderousse;84
ccas@jouques.fr;Centre communal d'action sociale (CCAS) - Jouques;13
ccas@royat.fr;Centre communal d'action sociale (CCAS) - Royat;63
contact@neunkirchenlesbouzonville.fr;Centre communal d'action sociale (CCAS) - Neunkirchen-lès-Bouzonville;57
mairie@pontpean.bzh;Centre communal d'action sociale (CCAS) - Pont-Péan;35
mairie.licques@wanadoo.fr;Centre communal d'action sociale (CCAS) - Licques;62
accueil@varennes-jarcy.fr;Centre communal d'action sociale (CCAS) - Varennes-Jarcy;91
contact@montgeroult.fr;Centre communal d'action sociale (CCAS) - Montgeroult;95
freteval.mairie@wanadoo.fr;Centre communal d'action sociale (CCAS) - Fréteval;41
ccas@ville-lunelviel.fr;Centre communal d'action sociale (CCAS) - Lunel-Viel;34
ccas@saintpairsurmer.fr;Centre communal d'action sociale (CCAS) - Saint-Pair-sur-Mer;50
mairie@ville-seltz.fr;Centre communal d'action sociale (CCAS) - Seltz;67
mairie@lanmeur.fr;Centre communal d'action sociale (CCAS) - Lanmeur;29
mairie.odars@orange.fr;Centre communal d'action sociale (CCAS) - Odars;31
mairie.logonnadaoulas@orange.fr;Centre communal d'action sociale (CCAS) - Logonna-Daoulas;29
mairie@nuitsstgeorges.com;Centre communal d'action sociale (CCAS) - Nuits-Saint-Georges;21
secretariat@communedelery.fr;Centre communal d'action sociale (CCAS) - Léry;27
mairiedegrigny62140@wanadoo.fr;Centre communal d'action sociale (CCAS) - Grigny Pas-de-calais;62
mairie@plouvien.fr;Centre communal d'action sociale (CCAS) - Plouvien;29
accueil@ccas-revel.fr;Centre communal d'action sociale (CCAS) - Revel;31
mairie.baronsurodon@wanadoo.fr;Centre communal d'action sociale (CCAS) - Baron-sur-Odon;14
accueil@mairie-laseguiniere.fr;Centre communal d'action sociale (CCAS) - La Séguinière;49
mairie@rohrbach.fr;Centre communal d'action sociale (CCAS) - Rohrbach-lès-Bitche;57
ccas@ville-saint-louis.fr;Centre communal d'action sociale (CCAS) - Saint-Louis Haut-Rhin;68
asas@ville-eze.fr;Centre communal d'action sociale (CCAS) - Èze;06
mairie.chateausurepte.27@wanadoo.fr;Centre communal d'action sociale (CCAS) - Château-sur-Epte;27
scc@mairie-boulogne-billancourt.fr;Centre communal d'action sociale (CCAS) - Boulogne-Billancourt;92
sociale@ville-neuvilleauxbois.fr;Centre communal d'action sociale (CCAS) - Neuville-aux-Bois;45
boisset.prevanches@wanadoo.fr;Centre communal d'action sociale (CCAS) - Boisset-les-Prévanches;27
mairie.auboue@wanadoo.fr;Centre communal d'action sociale (CCAS) - Auboué;54
mairie@fresneslesmontauban.fr;Centre communal d'action sociale (CCAS) - Fresnes-lès-Montauban;62
cias@cc-mimizan.fr;Centre intercommunal d'action sociale (CIAS) de Mimizan;40
mairie.allemant02@wanadoo.fr;Centre communal d'action sociale (CCAS) - Allemant Aisne;02
mairie.montignysurcrecy@orange.fr;Centre communal d'action sociale (CCAS) - Montigny-sur-Crécy;02
ccas@mairie-piolenc.fr;Centre communal d'action sociale (CCAS) - Piolenc;84
mairie.celles.sur.ource@wanadoo.fr;Centre communal d'action sociale (CCAS) - Celles-sur-Ource;10
mairie@dinan.fr;Centre communal d'action sociale (CCAS) - Dinan;22
ccas@mairie-auribeau.fr;Centre communal d'action sociale (CCAS) - Auribeau-sur-Siagne;06
communedezonza@orange.fr;Centre communal d'action sociale (CCAS) - Zonza;2A
commune-de-chelle-debat@orange.fr;Centre communal d'action sociale (CCAS) - Chelle-Debat;65
mairie.pontgibaud@orange.fr;Centre communal d'action sociale (CCAS) - Pontgibaud;63
communedemarques@nordnet.fr;Centre communal d'action sociale (CCAS) - Marques;76
commune-de-noiron-sur-beze@orange.fr;Centre communal d'action sociale (CCAS) - Noiron-sur-Bèze;21
ccas@mva14.fr;Centre communal d'action sociale (CCAS) - Mézidon Vallée d'Auge;14
mairie@campbon.fr;Centre communal d'action sociale (CCAS) - Campbon;44
pole.social@ccas-millau.fr;Centre communal d'action sociale (CCAS) - Millau;12
ccas@ville-dinard.fr;Centre communal d'action sociale (CCAS) - Dinard;35
ccas@ploneour-lanvern.fr;Centre communal d'action sociale (CCAS) - Plonéour-Lanvern;29
mairie@wingensurmoder.fr;Centre communal d'action sociale (CCAS) - Wingen-sur-Moder;67
mairie@saintgervais-vendee.fr;Centre communal d'action sociale (CCAS) - Saint-Gervais Vendée;85
contact@mairie-diamant.fr;Centre communal d'action sociale (CCAS) - Le Diamant;972
mairie@ribemont.fr;Centre communal d'action sociale (CCAS) - Ribemont;02
solidarite@villeneuve-tolosane.fr;Centre communal d'action sociale (CCAS) - Villeneuve-Tolosane;31
mairie.st.vincent@wanadoo.fr;Centre communal d'action sociale (CCAS) - Saint-Vincent-de-Barbeyrargues;34
mairie@deveze.fr;Centre communal d'action sociale (CCAS) - Devèze;65
mairie@lachapellethouarault.fr;Centre communal d'action sociale (CCAS) - La Chapelle-Thouarault;35
mairie@blodelsheim.fr;Centre communal d'action sociale (CCAS) - Blodelsheim;68
freistroff.mairie@orange.fr;Centre communal d'action sociale (CCAS) - Freistroff;57
mairie.palis@aix-villemaur-palis.fr;Centre communal d'action sociale (CCAS) - Aix-Villemaur-Pâlis;10
accueil@ville-eleuditleauwette.fr;Centre communal d'action sociale (CCAS) - Éleu-dit-Leauwette;62
mairie@andoins.fr;Centre communal d'action sociale (CCAS) - Andoins;64
accueil@plobsheim.fr;Centre communal d'action sociale (CCAS) - Plobsheim;67
accueil@mairie-mieussy.com;Centre communal d'action sociale (CCAS) - Mieussy;74
treflez.mairie@wanadoo.fr;Centre communal d'action sociale (CCAS) - Tréflez;29
mairie-de-laifour@wanadoo.fr;Centre communal d'action sociale (CCAS) - Laifour;08
ccas@ville-gaillac.fr;Centre communal d'action sociale (CCAS) - Gaillac;81
mairie@ville-chatenois88.fr;Centre communal d'action sociale (CCAS) - Châtenois Vosges;88
ccas@orbec.fr;Centre communal d'action sociale (CCAS) - Orbec;14
accueil@mairie-laigneville.fr;Centre communal d'action sociale (CCAS) - Laigneville;60
st-gaultier.mairie@wanadoo.fr;Centre communal d'action sociale (CCAS) - Saint-Gaultier;36
mairie-cuisery@wanadoo.fr;Centre communal d'action sociale (CCAS) - Cuisery;71
contact@saint-quentin-de-baron.fr;Centre communal d'action sociale (CCAS) - Saint-Quentin-de-Baron;33
meras@orange.fr;Centre communal d'action sociale (CCAS) - Méras;09
ccas@saintbriac.fr;Centre communal d'action sociale (CCAS) - Saint-Briac-sur-Mer;35
ccas@oreedanjou.fr;Centre communal d'action sociale (CCAS) - Orée d'Anjou;49
accueil.ccas@monistrol.fr;Centre communal d'action sociale (CCAS) - Monistrol-sur-Loire;43
mairiedeverin@wanadoo.fr;Centre communal d'action sociale (CCAS) - Vérin;42
mairie@touquin.fr;Centre communal d'action sociale (CCAS) - Touquin;77
accueil@ccasrcm.fr;Centre communal d'action sociale (CCAS) - Roquebrune-Cap-Martin;06
mairie.laguenne@wanadoo.fr;Centre communal d'action sociale (CCAS) - Laguenne-sur-Avalouze;19
mairie.saintvincentbragny@wanadoo.fr;Centre communal d'action sociale (CCAS) - Saint-Vincent-Bragny;71
ccas@ceyrat.fr;Centre communal d'action sociale (CCAS) - Ceyrat;63
accueil@choisyaubac.fr;Centre communal d'action sociale (CCAS) - Choisy-Au-Bac;60
ccas@ville-bedee.bzh;Centre communal d'action sociale (CCAS) - Bédée;35
mairie.saint-aoustrille@wanadoo.fr;Centre communal d'action sociale (CCAS) - Saint-Aoustrille;36
mairie.taybosc@gmail.com;Centre communal d'action sociale (CCAS) - Taybosc;32
mercylebas.mairie1@wanadoo.fr;Centre communal d'action sociale (CCAS) - Mercy-le-Bas;54
mairiecharmontois@orange.fr;Centre communal d'action sociale (CCAS) - Les Charmontois;51
contact@buxerolles.fr;Centre communal d'action sociale (CCAS) - Buxerolles;86
mairie.thouarssurarize@orange.fr;Centre communal d'action sociale (CCAS) - Thouars-sur-Arize;09
mairie@chateau-thebaud.fr;Centre communal d'action sociale (CCAS) - Château-Thébaud;44
mairie.keskastel@free.fr;Centre communal d'action sociale (CCAS) - Keskastel;67
mairie@stemariedecuines.com;Centre communal d'action sociale (CCAS) - Sainte-Marie-de-Cuines;73
ccas2@la-jarrie.fr;Centre communal d'action sociale (CCAS) - La Jarrie;17
mairie@rottelsheim.fr;Centre communal d'action sociale (CCAS) - Rottelsheim;67
accueil@berreletang.fr;Centre communal d'action sociale (CCAS) - Berre-l'Étang;13
villesaintvarent@wanadoo.fr;Centre communal d'action sociale (CCAS) - Saint-Varent;79
affaires.generales@mairie-smu.fr;Centre communal d'action sociale (CCAS) - Saint-Martin-d'Uriage;38
ccas@wissembourg.fr;Centre communal d'action sociale (CCAS) - Wissembourg;67
ccas@bagnolssurceze.fr;Centre communal d'action sociale (CCAS) - Bagnols-sur-Cèze;30
ccas@ville-morsang.fr;Centre communal d'action sociale (CCAS) - Morsang-sur-Orge;91
ccas@lebarsurloup.fr;Centre communal d'action sociale (CCAS) - Le Bar-sur-Loup;06
mairieauzat-lacombelle@orange.fr;Centre communal d'action sociale (CCAS) - Auzat-la-Combelle;63
mairie@lafarlede.fr;Centre communal d'action sociale (CCAS) - La Farlède;83
moineville.mairie@orange.fr;Centre communal d'action sociale (CCAS) - Moineville;54
mairie@ghisonaccia.corsica;Centre communal d'action sociale (CCAS) - Ghisonaccia;2B
mairie@tulette.fr;Centre communal d'action sociale (CCAS) - Tulette;26
contact@mairielozanne.fr;Centre communal d'action sociale (CCAS) - Lozanne;69
mairie.saulcy@wanadoo.fr;Centre communal d'action sociale (CCAS) - Saulcy-sur-Meurthe;88
mairiemansigne@wanadoo.fr;Centre communal d'action sociale (CCAS) - Mansigné;72
ccas@soisysurseine.fr;Centre communal d'action sociale (CCAS) - Soisy-sur-Seine;91
mairie.genissieux@orange.fr;Centre communal d'action sociale (CCAS) - Génissieux;26
accueil.mairie@sille-le-philippe.fr;Centre communal d'action sociale (CCAS) - Sillé-le-Philippe;72
mairie.ougney.douvot@gmail.com;Centre communal d'action sociale (CCAS) - Ougney-Douvot;25
mairie.bouilly@wanadoo.fr;Centre communal d'action sociale (CCAS) - Bouilly;10
mairie.guenroc@wanadoo.fr;Centre communal d'action sociale (CCAS) - Guenroc;22
mairie@sillingy.fr;Centre communal d'action sociale (CCAS) - Sillingy;74
contact@ville-angervilliers.fr;Centre communal d'action sociale (CCAS) - Angervilliers;91
accueil@ville-lecheylard.fr;Centre communal d'action sociale (CCAS) - Le Cheylard;07
mairie-de-puylausic@wanadoo.fr;Centre communal d'action sociale (CCAS) - Puylausic;32
mairie.marseillebvs@gmail.com;Centre communal d'action sociale (CCAS) - Marseille-en-Beauvaisis;60
ccas@cappelle-en-pevele.fr;Centre communal d'action sociale (CCAS) - Cappelle-en-Pévèle;59
mairie-laromagne49@wanadoo.fr;Centre communal d'action sociale (CCAS) - La Romagne;49
secretariat.cabinet.vsm@gmail.com;Centre communal d'action sociale (CCAS) - Sainte-Marie Martinique;972
ccas@ustaritz.fr;Centre communal d'action sociale (CCAS) - Ustaritz;64
mairie.le.buret@wanadoo.fr;Centre communal d'action sociale (CCAS) - Le Buret;53
contact@mairie-latrinite.fr;Centre communal d'action sociale (CCAS) - La Trinité Martinique;972
mairiedepontstvincent@wanadoo.fr;Centre communal d'action sociale (CCAS) - Pont-Saint-Vincent;54
ccas@bandol.fr;Centre communal d'action sociale (CCAS) - Bandol;83
ccas@ville-sainteanne.fr;Centre communal d'action sociale (CCAS) - Sainte-Anne Guadeloupe;971
mairie.scieuracetfloures@nordnet.fr;Centre communal d'action sociale (CCAS) - Scieurac-et-Flourès;32
mairie@faverges.fr;Centre communal d'action sociale (CCAS) - Faverges-Seythenex;74
ccas@val-erdre-auxence.fr;Centre communal d'action sociale (CCAS) - Val d'Erdre-Auxence;49
mairie@sauveterre-de-guyenne.fr;Centre communal d'action sociale (CCAS) - Sauveterre-de-Guyenne;33
contact.mairie@saintsenoux.fr;Centre communal d'action sociale (CCAS) - Saint-Senoux;35
mairie@drachenbronn-birlenbach.eu;Centre communal d'action sociale (CCAS) - Drachenbronn-Birlenbach;67
celles.mairie@orange.fr;Centre communal d'action sociale (CCAS) - Celles-sur-Durolle;63
accueil.mairie@beaumontlesvalence.fr;Centre communal d'action sociale (CCAS) - Beaumont-lès-Valence;26
contact@plourivo.fr;Centre communal d'action sociale (CCAS) - Plourivo;22
contact@mairie-rodez.fr;Centre communal d'action sociale (CCAS) - Rodez;12
mairie@ville-sarre-union.fr;Centre communal d'action sociale (CCAS) - Sarre-Union;67
contact@sadlr.fr;Centre communal d'action sociale (CCAS) - Saint-André-de-la-Roche;06
c.eclaircy@mairie-montlucon.fr;Centre communal d'action sociale (CCAS) - Lavault-Sainte-Anne;03
mairie@samois-sur-seine.fr;Centre communal d'action sociale (CCAS) - Samois-sur-Seine;77
mairie@labarthesurleze.com;Centre communal d'action sociale (CCAS) - Labarthe-sur-Lèze;31
ccas@ville-drap.fr;Centre communal d'action sociale (CCAS) - Drap;06
mairie@ville-behren.fr;Centre communal d'action sociale (CCAS) - Behren-lès-Forbach;57
mairie-etreux@orange.fr;Centre communal d'action sociale (CCAS) - Étreux;02
contact@ville-vif.fr;Centre communal d'action sociale (CCAS) - Vif;38
ccas.igoville@gmail.com;Centre communal d'action sociale (CCAS) - Igoville;27
mairie@ville-st-andre-eure.fr;Centre communal d'action sociale (CCAS) - Saint-André-de-l'Eure;27
contact@ville-saintemarieauxmines.fr;Centre communal d'action sociale (CCAS) - Sainte-Marie-aux-Mines;68
mairie.velu@wanadoo.fr;Centre communal d'action sociale (CCAS) - Vélu;62
mairie@marzan.fr;Centre communal d'action sociale (CCAS) - Marzan;56
ccas@thomery.fr;Centre communal d'action sociale (CCAS) - Thomery;77
ccas@mesquerquimiac.fr;Centre communal d'action sociale (CCAS) - Mesquer;44
contact@ccasruffec.fr;Centre communal d'action sociale (CCAS) - Ruffec;16
mairie.ccas@dinge.fr;Centre communal d'action sociale (CCAS) - Dingé;35
mairie.blaisy@orange.fr;Centre communal d'action sociale (CCAS) - Blaisy;52
mairie@goxwiller.fr;Centre communal d'action sociale (CCAS) - Goxwiller;67
mairie.lederzeele@wanadoo.fr;Centre communal d'action sociale (CCAS) - Lederzeele;59
mairie@prefailles.fr;Centre communal d'action sociale (CCAS) - Préfailles;44
ccas@mairie-rians.fr;Centre communal d'action sociale (CCAS) - Rians;83
mezieres-issoire@wanadoo.fr;Centre communal d'action sociale (CCAS) - Val d'Issoire;87
mairie-mornaysurallier@orange.fr;Centre communal d'action sociale (CCAS) - Mornay-sur-Allier;18
mairie@septfonds.fr;Centre communal d'action sociale (CCAS) - Septfonds;82
ccas@ville-lafleche.fr;Centre communal d'action sociale (CCAS) - La Flèche;72
mairie.elbeuf.andelle@sfr.fr;Centre communal d'action sociale (CCAS) - Elbeuf-sur-Andelle;76
mairie.eurvillebienville@wanadoo.fr;Centre communal d'action sociale (CCAS) - Eurville-Bienville;52
mairie-du-monastier-sur-gazeille@orange.fr;Centre communal d'action sociale (CCAS) - Le Monastier-sur-Gazeille;43
commune-de-noyers@wanadoo.fr;Centre communal d'action sociale (CCAS) - Noyers;27
mairie-tour-en-jarez@wanadoo.fr;Centre communal d'action sociale (CCAS) - La Tour-en-Jarez;42
info.ccas@salon-de-provence.org;Centre communal d'action sociale (CCAS) - Salon-de-Provence;13
mairie@saintarnoultdesbois.fr;Centre communal d'action sociale (CCAS) - Saint-Arnoult-des-Bois;28
commune-estree-blanche@orange.fr;Centre communal d'action sociale (CCAS) - Estrée-Blanche;62
contactccas@pontchateau.fr;Centre communal d'action sociale (CCAS) - Pontchâteau;44
mairie@ville-saint-lubin-des-joncherets.fr;Centre communal d'action sociale (CCAS) - Saint-Lubin-des-Joncherets;28
ccas@mairie-mons.com;Centre communal d'action sociale (CCAS) - Mons;17
mairie@beaumont-sur-sarthe.fr;Centre communal d'action sociale (CCAS) - Beaumont-sur-Sarthe;72
ccas.meolansrevel@orange.fr;Centre communal d'action sociale (CCAS) - Le Lauzet-Ubaye;04
mairie@jasseron.com;Centre communal d'action sociale (CCAS) - Jasseron;01
mairie.puimoisson@gmail.com;Centre communal d'action sociale (CCAS) - Puimoisson;04
contact@ville-champagne.fr;Centre communal d'action sociale (CCAS) - Champagné;72
accueil.mairie@jans.fr;Centre communal d'action sociale (CCAS) - Jans;44
accueil@ccas-caussade.com;Centre communal d'action sociale (CCAS) - Caussade;82
ste.christie.ac@wanadoo.fr;Centre communal d'action sociale (CCAS) - Sainte-Christie-d'Armagnac;32
mairie@weitbruch.fr;Centre communal d'action sociale (CCAS) - Weitbruch;67
administration@vallees-antraigues-asperjoc.fr;Centre communal d'action sociale (CCAS) - Vallées-d'Antraigues-Asperjoc;07
mairie@stotzheim.fr;Centre communal d'action sociale (CCAS) - Stotzheim;67
mairie-de-liniez@wanadoo.fr;Centre communal d'action sociale (CCAS) - Liniez;36
accueil@mairie-allex.fr;Centre communal d'action sociale (CCAS) - Allex;26
mairie@mairie-jarrie.fr;Centre communal d'action sociale (CCAS) - Jarrie;38
mairie@masevaux.fr;Centre communal d'action sociale (CCAS) - Masevaux-Niederbruck;68
ccas-far@farebersviller.com;Centre communal d'action sociale (CCAS) - Farébersviller;57
ccas@mairie-barbezieux.fr;Centre communal d'action sociale (CCAS) - Barbezieux-Saint-Hilaire;16
mairie.stberainsurdheune@orange.fr;Centre communal d'action sociale (CCAS) - Saint-Bérain-sur-Dheune;71
commune.halinghen@orange.fr;Centre communal d'action sociale (CCAS) - Halinghen;62
mairiestmartindablois@wanadoo.fr;Centre communal d'action sociale (CCAS) - Saint-Martin-d'Ablois;51
accueil@mairie-prouvy.fr;Centre communal d'action sociale (CCAS) - Prouvy;59
mairie@montriond.fr;Centre communal d'action sociale (CCAS) - Montriond;74
urbanisme@saintgildasdesbois.fr;Centre communal d'action sociale (CCAS) - Saint-Gildas-des-Bois;44
commune.magnan@wanadoo.fr;Centre communal d'action sociale (CCAS) - Magnan;32
mairie.diges89@wanadoo.fr;Centre communal d'action sociale (CCAS) - Diges;89
contact@puymoyen.fr;Centre communal d'action sociale (CCAS) - Puymoyen;16
mairievathimenil@orange.fr;Centre communal d'action sociale (CCAS) - Vathiménil;54
cuinchy@orange.fr;Centre communal d'action sociale (CCAS) - Cuinchy;62
mairiemauvieres@orange.fr;Centre communal d'action sociale (CCAS) - Mauvières;36
service-accueil@mulhouse-alsace.fr;Centre communal d'action sociale (CCAS) - Mulhouse;68
mairie@bournezeau.fr;Centre communal d'action sociale (CCAS) - Bournezeau;85
mairie@compertrix.fr;Centre communal d'action sociale (CCAS) - Compertrix;51
ccas@lapalud.net;Centre communal d'action sociale (CCAS) - Lapalud;84
mairievosnon@wanadoo.fr;Centre communal d'action sociale (CCAS) - Vosnon;10
ccas@ville-st-donat.fr;Centre communal d'action sociale (CCAS) - Saint-Donat-sur-l'Herbasse;26
mairie-adelange@wanadoo.fr;Centre communal d'action sociale (CCAS) - Adelange;57
mairie.meslan@yahoo.fr;Centre communal d'action sociale (CCAS) - Meslan;56
lannesoubiran@laposte.net;Centre communal d'action sociale (CCAS) - Lanne-Soubiran;32
com@la-chapelle-st-luc.eu;Centre communal d'action sociale (CCAS) - La Chapelle-Saint-Luc;10
mairie-ormes@ovh.fr;Centre communal d'action sociale (CCAS) - Ormes;71
mairie.arcizans-dessus@wanadoo.fr;Centre communal d'action sociale (CCAS) - Arcizans-Dessus;65
mairie@tressange.fr;Centre communal d'action sociale (CCAS) - Tressange;57
accueil.mairie@louverne.fr;Centre communal d'action sociale (CCAS) - Louverné;53
mairie.besme@wanadoo.fr;Centre communal d'action sociale (CCAS) - Besmé;02
ccas@ville-amboise.fr;Centre communal d'action sociale (CCAS) - Amboise;37
ccas@lechesnay-rocquencourt.fr;Centre communal d'action sociale (CCAS) - Le Chesnay-Rocquencourt;78
contact@fleury-sur-andelle.fr;Centre communal d'action sociale (CCAS) - Fleury-sur-Andelle;27
contact@mairie-rugles.fr;Centre communal d'action sociale (CCAS) - Rugles;27
mairie@plouigneau.fr;Centre communal d'action sociale (CCAS) - Plouigneau;29
secretariatgeneral@ville-revin.fr;Centre communal d'action sociale (CCAS) - Revin;08
courrier@ville-bormes.fr;Centre communal d'action sociale (CCAS) - Bormes-les-Mimosas;83
mairie.st-ganton@wanadoo.fr;Centre communal d'action sociale (CCAS) - Saint-Ganton;35
mairielaferriereauxetangs@orange.fr;Centre communal d'action sociale (CCAS) - La Ferrière-aux-Étangs;61
contact@remilly.fr;Centre communal d'action sociale (CCAS) - Rémilly Moselle;57
contact@saintvaastencambresis.fr;Centre communal d'action sociale (CCAS) - Saint-Vaast-en-Cambrésis;59
contact@loiron-ruille.fr;Centre communal d'action sociale (CCAS) - Loiron-Ruillé;53
mairie@neauphle-le-chateau.com;Centre communal d'action sociale (CCAS) - Neauphle-le-Château;78
mairie@mont-dol.fr;Centre communal d'action sociale (CCAS) - Mont-Dol;35
dsej_social@ville-bouchemaine.fr;Centre communal d'action sociale (CCAS) - Bouchemaine;49
mairie@authezat.fr;Centre communal d'action sociale (CCAS) - Authezat;63
attin.mairie@orange.fr;Centre communal d'action sociale (CCAS) - Attin;62
ccas@ville-bellerive.com;Centre communal d'action sociale (CCAS) - Bellerive-sur-Allier;03
mairie-betpouy@wanadoo.fr;Centre communal d'action sociale (CCAS) - Betpouy;65
mairie.caraman@wanadoo.fr;Centre communal d'action sociale (CCAS) - Caraman;31
ccas@ville-tain.com;Centre communal d'action sociale (CCAS) - Tain-l'Hermitage;26
mairie@commune-fursac.fr;Centre communal d'action sociale (CCAS) - Fursac;23
ccas@ville-breuillet.fr;Centre communal d'action sociale (CCAS) - Breuillet Essonne;91
mairie.nuitsarmancon@wanadoo.fr;Centre communal d'action sociale (CCAS) - Nuits;89
social@souffelweyersheim.fr;Centre communal d'action sociale (CCAS) - Souffelweyersheim;67
mairie.sollacaro@wanadoo.fr;Centre communal d'action sociale (CCAS) - Sollacaro;2A
mairie@montbron.fr;Centre communal d'action sociale (CCAS) - Montbron;16
contact@mairie-forcalquier.fr;Centre communal d'action sociale (CCAS) - Forcalquier;04
gerde.mairie@wanadoo.fr;Centre communal d'action sociale (CCAS) - Gerde;65
mairie@commune-taule.fr;Centre communal d'action sociale (CCAS) - Taulé;29
mairie@pleumeleuc.bzh;Centre communal d'action sociale (CCAS) - Pleumeleuc;35
mairie@abbaretz.fr;Centre communal d'action sociale (CCAS) - Abbaretz;44
mairie.stjust18@wanadoo.fr;Centre communal d'action sociale (CCAS) - Saint-Just Cher;18
ccas@saintmanvieunorrey.fr;Centre communal d'action sociale (CCAS) - Saint-Manvieu-Norrey;14
mairie.caissargues@wanadoo.fr;Centre communal d'action sociale (CCAS) - Caissargues;30
ccas@rombas.com;Centre communal d'action sociale (CCAS) - Rombas;57
ccas@migne-auxances.fr;Centre communal d'action sociale (CCAS) - Migné-Auxances;86
mairie-accueil@lelhabit.fr;Centre communal d'action sociale (CCAS) - L'Habit;27
secretariat@replonges.fr;Centre communal d'action sociale (CCAS) - Replonges;01
mairie@pouilly-les-nonains.fr;Centre communal d'action sociale (CCAS) - Pouilly-les-Nonains;42
mairie.de.cherisey@wanadoo.fr;Centre communal d'action sociale (CCAS) - Chérisey;57
mairie@saint-andre66.fr;Centre communal d'action sociale (CCAS) - Saint-André Pyrénées-orientales;66
ccas@mairielepin.fr;Centre communal d'action sociale (CCAS) - Le Pin;77
ccas@ville-quimperle.fr;Centre communal d'action sociale (CCAS) - Quimperlé;29
mairie.veslud@wanadoo.fr;Centre communal d'action sociale (CCAS) - Samoussy;02
mairieardelu@orange.fr;Centre communal d'action sociale (CCAS) - Ardelu;28
ccas@ville-lespontsdece.fr;Centre communal d'action sociale (CCAS) - Les Ponts-de-Cé;49
mairie-blousson-serian@orange.fr;Centre communal d'action sociale (CCAS) - Blousson-Sérian;32
actionsociale@ville-martignas.fr;Centre communal d'action sociale (CCAS) - Martignas-sur-Jalle;33
accueilsolidarite@ville-auverssuroise.fr;Centre communal d'action sociale (CCAS) - Auvers-sur-Oise;95
ccas@ville-lunel.fr;Centre communal d'action sociale (CCAS) - Lunel;34
ccas@villedemutzig.fr;Centre communal d'action sociale (CCAS) - Mutzig;67
accueil.ccas@ville-montmorillon.fr;Centre communal d'action sociale (CCAS) - Montmorillon;86
mairie@ville-pennedagenais.fr;Centre communal d'action sociale (CCAS) - Penne-d'Agenais;47
service-administres@ville-saint-omer.fr;Centre communal d'action sociale (CCAS) - Saint-Omer;62
mairie.myennes@wanadoo.fr;Centre communal d'action sociale (CCAS) - Myennes;58
contact@mairie-saint-memmie.fr;Centre communal d'action sociale (CCAS) - Saint-Memmie;51
mairie@clohars-fouesnant.bzh;Centre communal d'action sociale (CCAS) - Clohars-Fouesnant;29
accueil@plounevez-lochrist.fr;Centre communal d'action sociale (CCAS) - Plounévez-Lochrist;29
ccas1@saintdenis.re;Centre communal d'action sociale (CCAS) - Saint-Denis;974
ccas@laudunlardoise.fr;Centre communal d'action sociale (CCAS) - Laudun-l'Ardoise;30
accueil@laillyenval.fr;Centre communal d'action sociale (CCAS) - Lailly-en-Val;45
mairiedeprasville@wanadoo.fr;Centre communal d'action sociale (CCAS) - Prasville;28
mairie@vorey.fr;Centre communal d'action sociale (CCAS) - Vorey;43
ccas1@mairie-volx.fr;Centre communal d'action sociale (CCAS) - Volx;04
mairie@longnes.fr;Centre communal d'action sociale (CCAS) - Longnes;78
ccas@guermantes.fr;Centre communal d'action sociale (CCAS) - Guermantes;77
mairie.neufmanil@wanadoo.fr;Centre communal d'action sociale (CCAS) - Neufmanil;08
ccas@saintjustdardeche.fr;Centre communal d'action sociale (CCAS) - Saint-Just-d'Ardèche;07
mairie-de-chocques@wanadoo.fr;Centre communal d'action sociale (CCAS) - Chocques;62
secretariat@commune-verjux.fr;Centre communal d'action sociale (CCAS) - Verjux;71
mairie.vennes@wanadoo.fr;Centre communal d'action sociale (CCAS) - Vennes;25
mairie@st-marcel-d-urfe.fr;Centre communal d'action sociale (CCAS) - Saint-Marcel-d'Urfé;42
accueil@montcynotredame.com;Centre communal d'action sociale (CCAS) - Montcy-Notre-Dame;08
mairie.montcuq@wanadoo.fr;Centre communal d'action sociale (CCAS) - Montcuq-en-Quercy-Blanc;46
christine.leroy@annoeullin.fr;Centre communal d'action sociale (CCAS) - Annœullin;59
mairie.saintmartindupuy@wanadoo.fr;Centre communal d'action sociale (CCAS) - Saint-Martin-du-Puy;58
mairieruminghem@orange.fr;Centre communal d'action sociale (CCAS) - Ruminghem;62
mairie.montigny-sur-vesle@wanadoo.fr;Centre communal d'action sociale (CCAS) - Montigny-sur-Vesle;51
contact@harskirchen.com;Centre communal d'action sociale (CCAS) - Harskirchen;67
commune.peyrusse-vieille@wanadoo.fr;Centre communal d'action sociale (CCAS) - Peyrusse-Vieille;32
c.c.a.s.bar-sur-aube@wanadoo.fr;Centre communal d'action sociale (CCAS) - Bar-sur-Aube;10
mairie.chaudeney@wanadoo.fr;Centre communal d'action sociale (CCAS) - Chaudeney-Sur-Moselle;54
accueil@communelecailar.fr;Centre communal d'action sociale (CCAS) - Le Cailar;30
mairie.schwindratzheim@payszorn.com;Centre communal d'action sociale (CCAS) - Schwindratzheim;67
accueil@mairie-monnieres.fr;Centre communal d'action sociale (CCAS) - Monnières;44
ccas@mairiedetouques.fr;Centre communal d'action sociale (CCAS) - Touques;14
mairie.fontenaysousfouronnes@orange.fr;Centre communal d'action sociale (CCAS) - Fontenay-sous-Fouronnes;89
social@lepouzin.fr;Centre communal d'action sociale (CCAS) - Le Pouzin;07
mairie@communedecande.fr;Centre communal d'action sociale (CCAS) - Candé;49
mairie.gorcy@wanadoo.fr;Centre communal d'action sociale (CCAS) - Gorcy;54
st-antheme-mairie@orange.fr;Centre communal d'action sociale (CCAS) - Saint-Anthème;63
mairie@etagnac.fr;Centre communal d'action sociale (CCAS) - Étagnac;16
mairiepleugueneuc@wanadoo.fr;Centre communal d'action sociale (CCAS) - Pleugueneuc;35
accueil@labazoge72.fr;Centre communal d'action sociale (CCAS) - La Bazoge;72
ccas@ville-baillif.fr;Centre communal d'action sociale (CCAS) - Baillif;971
auros@wanadoo.fr;Centre communal d'action sociale (CCAS) - Auros;33
ccas@pont-sainte-marie.fr;Centre communal d'action sociale (CCAS) - Pont-Sainte-Marie;10
mairie@glamondans.fr;Centre communal d'action sociale (CCAS) - Glamondans;25
s.social@mairie-lempdes.fr;Centre communal d'action sociale (CCAS) - Lempdes;63
ccas@mireval34.fr;Centre communal d'action sociale (CCAS) - Mireval;34
mairie.aspet@wanadoo.fr;Centre communal d'action sociale (CCAS) - Aspet;31
mairie@muel.bzh;Centre communal d'action sociale (CCAS) - Muel;35
info-bourgdoisans@oisans.com;Centre communal d'action sociale (CCAS) - Le Bourg-d'Oisans;38
bourguebus.dgs@outlook.fr;Centre communal d'action sociale (CCAS) - Bourguébus;14
ccas.montry@mairie-montry.fr;Centre communal d'action sociale (CCAS) - Montry;77
mairie@berstett.fr;Centre communal d'action sociale (CCAS) - Berstett;67
mairie-stambroixcher@wanadoo.fr;Centre communal d'action sociale (CCAS) - Saint-Ambroix;18
ccas@sassenage.fr;Centre communal d'action sociale (CCAS) - Sassenage;38
mairie.maurensscopont@gmail.com;Centre communal d'action sociale (CCAS) - Maurens-Scopont;81
mairie@noiretable.fr;Centre communal d'action sociale (CCAS) - Noirétable;42
mairie.guerstling@wanadoo.fr;Centre communal d'action sociale (CCAS) - Guerstling;57
secretariat@graimbouville.fr;Centre communal d'action sociale (CCAS) - Graimbouville;76
mairie@lalbenque.fr;Centre communal d'action sociale (CCAS) - Lalbenque;46
lmaggiore@grandannecy.fr;CIAS DU GRAND ANNECY;74
service.social@mairie-vic-le-comte.fr;Centre communal d'action sociale (CCAS) - Vic-le-Comte;63
ccas@pontault-combault.fr;Centre communal d'action sociale (CCAS) - Pontault-Combault;77
ccas.messigny.vantoux@gmail.com;Centre communal d'action sociale (CCAS) - Messigny-et-Vantoux;21
mairie-chefboutonne@paysmellois.org;Centre communal d'action sociale (CCAS) - Chef-Boutonne;79
mairie.dangolsheim@wanadoo.fr;Centre communal d'action sociale (CCAS) - Dangolsheim;67
ccas@saintlaurentduvar.fr;Centre communal d'action sociale (CCAS) - Saint-Laurent-du-Var;06
mairie@davezieux.fr;Centre communal d'action sociale (CCAS) - Davézieux;07
mairie.bengy@orange.fr;Centre communal d'action sociale (CCAS) - Bengy-sur-Craon;18
mairie.lezat@orange.fr;Centre communal d'action sociale (CCAS) - Lézat-sur-Lèze;09
mairiedecuzion@orange.fr;Centre communal d'action sociale (CCAS) - Cuzion;36
info@chateaulavalliere.com;Centre communal d'action sociale (CCAS) - Château-la-Vallière;37
ccas@louhans-chateaurenaud.fr;Centre communal d'action sociale (CCAS) - Louhans;71
accueil@conches-sur-gondoire.fr;Centre communal d'action sociale (CCAS) - Conches-sur-Gondoire;77
accueil@baix.fr;Centre communal d'action sociale (CCAS) - Baix;07
mairie.bertren@orange.fr;Centre communal d'action sociale (CCAS) - Bertren;65
ccas@saintmartinboulogne.com;Centre communal d'action sociale (CCAS) - Saint-Martin-Boulogne;62
accueil@mairie-lagnieu.fr;Centre communal d'action sociale (CCAS) - Lagnieu;01
mairie.colmen@orange.fr;Centre communal d'action sociale (CCAS) - Colmen;57
mairie.olmiccia@wanadoo.fr;Centre communal d'action sociale (CCAS) - Olmiccia;2A
social.pennautier@orange.fr;Centre communal d'action sociale (CCAS) - Pennautier;11
mairie@villedebriare.fr;Centre communal d'action sociale (CCAS) - Briare;45
population@ville-noyalsurvilaine.fr;Centre communal d'action sociale (CCAS) - Noyal-sur-Vilaine;35
contact@beaumont63.fr;Centre communal d'action sociale (CCAS) - Beaumont;63
contact@lacotesaintandre.fr;Centre communal d'action sociale (CCAS) - La Côte-Saint-André;38
mairie.buthiers@wanadoo.fr;Centre communal d'action sociale (CCAS) - Buthiers;77
contact@agny.fr;Centre communal d'action sociale (CCAS) - Agny;62
ccas@lagarennecolombes.fr;Centre communal d'action sociale (CCAS) - La Garenne-Colombes;92
mairie.fayelavineuse@wanadoo.fr;Centre communal d'action sociale (CCAS) - Faye-la-Vineuse;37
byanssurdoubs@wanadoo.fr;Centre communal d'action sociale (CCAS) - Byans-sur-Doubs;25
mairie-de-poullaouen@wanadoo.fr;Centre communal d'action sociale (CCAS) - Poullaouen;29
secretariat@kaltenhouse.fr;Centre communal d'action sociale (CCAS) - Kaltenhouse;67
ccas@locmariaquer.fr;Centre communal d'action sociale (CCAS) - Locmariaquer;56
contact@mairiemesanger.fr;Centre communal d'action sociale (CCAS) - Mésanger;44
derce@departement86.fr;Centre communal d'action sociale (CCAS) - Dercé;86
mairiebeheville@wanadoo.fr;Centre communal d'action sociale (CCAS) - Bréhéville;55
mairie.cdc@wanadoo.fr;Centre communal d'action sociale (CCAS) - Chaux-des-Crotenay;39
mairie@auxilechateau.fr;Centre communal d'action sociale (CCAS) - Auxi-le-Château;62
ccas@pontaudemer.fr;Centre communal d'action sociale (CCAS) - Pont-Audemer;27
contact@mairielamalou.fr;Centre communal d'action sociale (CCAS) - Lamalou-les-Bains;34
accueil@ville-lanton.fr;Centre communal d'action sociale (CCAS) - Lanton;33
ccas.digoin@orange.fr;Centre communal d'action sociale (CCAS) - Digoin;71
le.breilsurmerize.mairie@wanadoo.fr;Centre communal d'action sociale (CCAS) - Le Breil-sur-Mérize;72
ccas@mairie-vayres.fr;Centre communal d'action sociale (CCAS) - Vayres;33
ccas@mairie-ballainvilliers.fr;Centre communal d'action sociale (CCAS) - Ballainvilliers;91
mairie-de-cures@orange.fr;Centre communal d'action sociale (CCAS) - Cures;72
ccas@ezanville.fr;Centre communal d'action sociale (CCAS) - Ézanville;95
mairie-du-chambon@wanadoo.fr;Centre communal d'action sociale (CCAS) - Chambon;30
contact-ccas@arleux.com;Centre communal d'action sociale (CCAS) - Arleux;59
secretariat@mairievernoil.fr;Centre communal d'action sociale (CCAS) - Vernoil-le-Fourrier;49
mairie-monlezun@wanadoo.fr;Centre communal d'action sociale (CCAS) - Monlezun;32
mairie.bezenet@wanadoo.fr;Centre communal d'action sociale (CCAS) - Montvicq;03
mairie@cavillargues.fr;Centre communal d'action sociale (CCAS) - Cavillargues;30
ccas@mairie-lescontamines.com;Centre communal d'action sociale (CCAS) - Les Contamines-Montjoie;74
communeavezacpratlahitte@wanadoo.fr;Centre communal d'action sociale (CCAS) - Avezac-Prat-Lahitte;65
mairie.villedieulesbailleul@wanadoo.fr;Centre communal d'action sociale (CCAS) - Villedieu-lès-Bailleul;61
mairie@saulnieres35.fr;Centre communal d'action sociale (CCAS) - Saulnières;35
contact-mairie@epron.fr;Centre communal d'action sociale (CCAS) - Épron;14
accueil@mezeriat.fr;Centre communal d'action sociale (CCAS) - Mézériat;01
mairie.bourghelles@wanadoo.fr;Centre communal d'action sociale (CCAS) - Bourghelles;59
ccas.mairie@aubigny-sur-nere.fr;Centre communal d'action sociale (CCAS) - Aubigny-sur-Nère;18
ccas@ccas-charlevillemezieres.fr;Centre communal d'action sociale (CCAS) - Bogny-sur-Meuse;08
dgs@auchylesmines.fr;Centre communal d'action sociale (CCAS) - Auchy-les-Mines;62
ccas@mairie-entraigues.fr;Centre communal d'action sociale (CCAS) - Entraigues-sur-la-Sorgue;84
mairie@niederhergheim.fr;Centre communal d'action sociale (CCAS) - Oberhergheim;68
mairie-montreux-chateau@wanadoo.fr;Centre communal d'action sociale (CCAS) - Montreux-Château;90
mairie@vrigne-aux-bois.fr;Centre communal d'action sociale (CCAS) - Vrigne aux Bois;08
thuy.mairie@gmail.com;Centre communal d'action sociale (CCAS) - Thuy;65
ccas@mairie-etel.fr;Centre communal d'action sociale (CCAS) - Étel;56
mairie@mezieres-en-brenne.fr;Centre communal d'action sociale (CCAS) - Mézières-en-Brenne;36
accueil.ccas@ville-liverdun.fr;Centre communal d'action sociale (CCAS) - Liverdun;54
mairie-marzy@orange.fr;Centre communal d'action sociale (CCAS) - Marzy;58
mairie.haut-lieu@wanadoo.fr;Centre communal d'action sociale (CCAS) - Haut-Lieu;59
mairie@ville-smdl.fr;Centre communal d'action sociale (CCAS) - Saint-Martin-de-Londres;34
ccascozes@orange.fr;Centre communal d'action sociale (CCAS) - Cozes;17
mairie.buriville@wanadoo.fr;Centre communal d'action sociale (CCAS) - Buriville;54
contact@marcoussis.fr;Centre communal d'action sociale (CCAS) - Marcoussis;91
ccas@noyal-pontivy.fr;Centre communal d'action sociale (CCAS) - Noyal-Pontivy;56
ccas@mairie-saintdizier.fr;Centre communal d'action sociale (CCAS) - Saint-Dizier;52
social@cias-fronsadais.com;Centre intercommunal d'action sociale (CIAS) - Saint-Germain-de-la-Rivière;33
contact@portel-des-corbieres.com;Centre communal d'action sociale (CCAS) - Portel-des-Corbières;11
pole-social@mairie-ozoir-la-ferriere.fr;Centre communal d'action sociale (CCAS) - Ozoir-la-Ferrière;77
mairie.oleac@orange.fr;Centre communal d'action sociale (CCAS) - Oléac-Dessus;65
contact@ville-montreuil-sur-mer.fr;Centre communal d'action sociale (CCAS) - Montreuil Pas-de-calais;62
ccas@cappellelagrande.fr;Centre communal d'action sociale (CCAS) - Cappelle-la-Grande;59
marielle.decanter@villedelumbres.fr;Centre communal d'action sociale (CCAS) - Lumbres;62
accueil@mairie-corcieux.fr;Centre communal d'action sociale (CCAS) - Corcieux;88
accueil@mairie-plourin.fr;Centre communal d'action sociale (CCAS) - Plourin;29
mairie@chaillyenbiere.fr;Centre communal d'action sociale (CCAS) - Chailly-en-Bière;77
mairie@pargnysursaulx.fr;Centre communal d'action sociale (CCAS) - Pargny-sur-Saulx;51
servicesocial@mairie-stgenislesollieres.fr;Centre communal d'action sociale (CCAS) - Saint-Genis-Les-Ollieres;69
social@saint-clement-de-riviere.fr;Centre communal d'action sociale (CCAS) - Saint-Clément-de-Rivière;34
mairie@bruillesaintamand.fr;Centre communal d'action sociale (CCAS) - Bruille-Saint-Amand;59
mairie.chenoise@wanadoo.fr;Centre communal d'action sociale (CCAS) - Chenoise-Cucharmoy;77
mairie@lachapelledesfougeretz.fr;Centre communal d'action sociale (CCAS) - La Chapelle-des-Fougeretz;35
ccas@grand-bourgtheroulde.fr;Centre communal d'action sociale (CCAS) - Grand Bourgtheroulde;27
info@mairie-stvincentdeslandes.fr;Centre communal d'action sociale (CCAS) - Saint-Vincent-des-Landes;44
mairie@ville-osny.fr;Centre communal d'action sociale (CCAS) - Parmain;95
luppe.violles.mairie@wanadoo.fr;Centre communal d'action sociale (CCAS) - Luppé-Violles;32
mairie.jussy57@posteo.net;Centre communal d'action sociale (CCAS) - Jussy Moselle;57
ccas@segreenanjoubleu.fr;Centre communal d'action sociale (CCAS) - Segré-en-Anjou Bleu;49
mairie.bun@wanadoo.fr;Centre communal d'action sociale (CCAS) - Bun;65
mairie.samaran@wanadoo.fr;Centre communal d'action sociale (CCAS) - Samaran;32
contact@mairie-denee.fr;Centre communal d'action sociale (CCAS) - Denée;49
mairie.tilleuldameagnes@wanadoo.fr;Centre communal d'action sociale (CCAS) - Tilleul-Dame-Agnès;27
contact@vimoutiers.fr;Centre communal d'action sociale (CCAS) - Vimoutiers;61
mairie.estoublon@orange.fr;Centre communal d'action sociale (CCAS) - Estoublon;04
accueil@terresdehautecharente.fr;Centre communal d'action sociale (CCAS) - Terres-de-Haute-Charente;16
ccas@bruaysurescaut.fr;Centre communal d'action sociale (CCAS) - Bruay-sur-l'Escaut;59
ccaslogement@bruyereslechatel.fr;Centre communal d'action sociale (CCAS) - Bruyères-le-Châtel;91
contact@lesportesenre.fr;Centre communal d'action sociale (CCAS) - Les Portes-en-Ré;17
accueil@cne-soufflenheim.fr;Centre communal d'action sociale (CCAS) - Soufflenheim;67
ccas@sainteloylesmines.fr;Centre communal d'action sociale (CCAS) - Saint-Éloy-les-Mines;63
mairie.lithaire@orange.fr;Centre communal d'action sociale (CCAS) - Montsenelle;50
elus@mairie-nanslespins.fr;Centre communal d'action sociale (CCAS) - Nans-les-Pins;83
mairie-dalluyes@outlook.fr;Centre communal d'action sociale (CCAS) - Alluyes;28
contact@mairie-lavau.fr;Centre communal d'action sociale (CCAS) - Lavau;10
ccas@mandreslesroses.fr;Centre communal d'action sociale (CCAS) - Mandres-les-Roses;94
mairie.neuville@wanadoo.fr;Centre communal d'action sociale (CCAS) - La Neuville-Chant-d'Oisel;76
contact@brignoles.fr;Centre communal d'action sociale (CCAS) - Brignoles;83
mairie.domlemesnil@wanadoo.fr;Centre communal d'action sociale (CCAS) - Dom-le-Mesnil;08
mairie@marconnelle.fr;Centre communal d'action sociale (CCAS) - Marconnelle;62
ccas@vitry-le-francois.net;Centre communal d'action sociale (CCAS) - Vitry-le-François;51
mairie@mairie-reiningue.fr;Centre communal d'action sociale (CCAS) - Reiningue;68
mairie.latour-bas-elne@wanadoo.fr;Centre communal d'action sociale (CCAS) - Latour-Bas-Elne;66
ccas@clouange.fr;Centre communal d'action sociale (CCAS) - Clouange;57
ccas@st-xandre.fr;Centre communal d'action sociale (CCAS) - Saint-Xandre;17
ccas@obernai.fr;Centre communal d'action sociale (CCAS) - Obernai;67
mairie@villersbocage14.fr;Centre communal d'action sociale (CCAS) - Villers-Bocage Calvados;14
mairie-sougeal@wanadoo.fr;Centre communal d'action sociale (CCAS) - Sougéal;35
mairie@papaichton.fr;Centre communal d'action sociale (CCAS) - Papaichton;973
contact@lacroixsaintouen.fr;Centre communal d'action sociale (CCAS) - Lacroix-Saint-Ouen;60
mairie.st.jean.st.maurice.42@wanadoo.fr;Centre communal d'action sociale (CCAS) - Saint-Jean-Saint-Maurice-sur-Loire;42
mairie.abbenans489@orange.fr;Centre communal d'action sociale (CCAS) - Abbenans;25
mairiedeluri@wanadoo.fr;Centre communal d'action sociale (CCAS) - Luri;2B
accueil.ccas@mairie-cugnaux.fr;Centre communal d'action sociale (CCAS) - Cugnaux;31
mairie@lalandepatry.fr;Centre communal d'action sociale (CCAS) - La Lande-Patry;61
secretaire.generale@vitry-aux-loges.fr;Centre communal d'action sociale (CCAS) - Vitry-aux-Loges;45
commune-baigts-de-bearn@wanadoo.fr;Centre communal d'action sociale (CCAS) - Baigts-de-Béarn;64
mairie.saint-sauveur@laposte.net;Centre communal d'action sociale (CCAS) - Saint-Sauveur;80
contact@saintgermain86.fr;Centre communal d'action sociale (CCAS) - Saint-Germain Vienne;86
commune.de.bessines@gmail.com;Centre communal d'action sociale (CCAS) - Bessines-sur-Gartempe;87
secretariat@ranville.fr;Centre communal d'action sociale (CCAS) - Ranville;14
mairie.de.vailly@orange.fr;Centre communal d'action sociale (CCAS) - Vailly-sur-Aisne;02
mairie@secheras.fr;Centre communal d'action sociale (CCAS) - Sécheras;07
ccas@boutignysuressonne.fr;Centre communal d'action sociale (CCAS) - Boutigny-sur-Essonne;91
contact@saintjustlemartel.fr;Centre communal d'action sociale (CCAS) - Saint-Just-le-Martel;87
accueilccas@ville-rouvroy62.fr;Centre communal d'action sociale (CCAS) - Rouvroy;62
mairie.tugnyetpont@orange.fr;Centre communal d'action sociale (CCAS) - Tugny-et-Pont;02
mairie@ville-nohanent.fr;Centre communal d'action sociale (CCAS) - Nohanent;63
mairie@veurey.fr;Centre communal d'action sociale (CCAS) - Veurey-Voroize;38
mairie.thevetsaintjulien.36@wanadoo.fr;Centre communal d'action sociale (CCAS) - Thevet-Saint-Julien;36
secretaire@bonneuil83.fr;Centre communal d'action sociale (CCAS) - Bonneuil-en-Valois;60
mairie@munchhausen.fr;Centre communal d'action sociale (CCAS) - Munchhausen;67
ccas@saint-fargeau-ponthierry.fr;Centre communal d'action sociale (CCAS) - Saint-Fargeau-Ponthierry;77
mairie@plouarzel.bzh;Centre communal d'action sociale (CCAS) - Plouarzel;29
coordinatrice.saadbm@gmail.com;Centre communal d'action sociale (CCAS) - Baguer-Morvan;35
ccas@mairie-montigny.fr;Centre communal d'action sociale (CCAS) - Montigny-en-Gohelle;62
mairiecoupellevieille@orange.fr;Centre communal d'action sociale (CCAS) - Coupelle-Vieille;62
mairie.delecussan@sfr.fr;Centre communal d'action sociale (CCAS) - Lécussan;31
ccas.mairiebm@orange.fr;Centre communal d'action sociale (CCAS) - Bourron-Marlotte;77
ccas@ville-chateaubriant.fr;Centre communal d'action sociale (CCAS) - Châteaubriant;44
mairie@maillat.fr;Centre communal d'action sociale (CCAS) - Maillat;01
mairie@bourogne.fr;Centre communal d'action sociale (CCAS) - Bourogne;90
accueil@mairie-laboissieredudore.fr;Centre communal d'action sociale (CCAS) - La Boissière-du-Doré;44
commune-de-feillens@wanadoo.fr;Centre communal d'action sociale (CCAS) - Feillens;01
commune.pruniers@wanadoo.fr;Centre communal d'action sociale (CCAS) - Pruniers;36
c.scheidecker@ville-kaysersberg.vignoble.fr;Centre communal d'action sociale (CCAS) - Kaysersberg Vignoble;68
mairie-dequillebeuf@wanadoo.fr;Centre communal d'action sociale (CCAS) - Quillebeuf-sur-Seine;27
chambon@sancy.com;Centre communal d'action sociale (CCAS) - Chambon-sur-Lac;63
mairie.pietrosella@wanadoo.fr;Centre communal d'action sociale (CCAS) - Pietrosella;2A
mairie.stlumierenchampagne@orange.fr;Centre communal d'action sociale (CCAS) - Saint-Lumier-en-Champagne;51
mairie-de-louargat@wanadoo.fr;Centre communal d'action sociale (CCAS) - Louargat;22
ccas@villefranche.net;Centre communal d'action sociale (CCAS) - Villefranche-sur-Saône;69
ccasdouvrin.accueil@outlook.fr;Centre communal d'action sociale (CCAS) - Douvrin;62
mairie@mouthiers-sur-boeme.fr;Centre communal d'action sociale (CCAS) - Mouthiers-sur-Boëme;16
mairie@vocance.fr;Centre communal d'action sociale (CCAS) - Vocance;07
mairie@sundhouse.fr;Centre communal d'action sociale (CCAS) - Sundhouse;67
commune@mairie-valencay.fr;Centre communal d'action sociale (CCAS) - Valençay;36
ccas@mairie-magnanville.fr;Centre communal d'action sociale (CCAS) - Magnanville;78
social@ducey.fr;Centre communal d'action sociale (CCAS) - Ducey-Les Chéris;50
mairie@mairie-aurec.fr;Centre communal d'action sociale (CCAS) - Aurec-sur-Loire;43
mairie@alenya.fr;Centre communal d'action sociale (CCAS) - Alénya;66
mairie.ayguesvives31@wanadoo.fr;Centre communal d'action sociale (CCAS) - Ayguesvives;31
ccas@epone.fr;Centre communal d'action sociale (CCAS) - Épône;78
ccas-pointreapitre@laposte.fr;Centre communal d'action sociale (CCAS) - Pointe-à-Pitre;971
montreuilauxlions@orange.fr;Centre communal d'action sociale (CCAS) - Montreuil-aux-Lions;02
contact@ingrandes-sur-vienne.fr;Centre communal d'action sociale (CCAS) - Ingrandes;86
mairie.legault-soigny@orange.fr;Centre communal d'action sociale (CCAS) - Le Gault-Soigny;51
ccas@ccas-chatenoyleroyal.fr;Centre communal d'action sociale (CCAS) - Châtenoy-le-Royal;71
accueil@pulversheim.fr;Centre communal d'action sociale (CCAS) - Pulversheim;68
mairie.trielaville@orange.fr;Centre communal d'action sociale (CCAS) - Trie-Château;60
mairie.fere@wanadoo.fr;Centre communal d'action sociale (CCAS) - Fère-en-Tardenois;02
ccas@latessoualle.com;Centre communal d'action sociale (CCAS) - La Tessoualle;49
service.social@sannois.org;Centre communal d'action sociale (CCAS) - Sannois;95
mairie@mairie-toussieu.fr;Centre communal d'action sociale (CCAS) - Toussieu;69
contact@mairie-saclas.fr;Centre communal d'action sociale (CCAS) - Saclas;91
mairie@breux-jouy.fr;Centre communal d'action sociale (CCAS) - Breux-Jouy;91
mairie-brouckerque@orange.fr;Centre communal d'action sociale (CCAS) - Brouckerque;59
ccas@larmor-plage.com;Centre communal d'action sociale (CCAS) - Larmor-Plage;56
mairie.saintlothain@orange.fr;Centre communal d'action sociale (CCAS) - Saint-Lothain;39
ccas@villers-saint-paul.fr;Centre communal d'action sociale (CCAS) - Villers-Saint-Paul;60
contact@poitiers.fr;Centre communal d'action sociale (CCAS) - Poitiers;86
mairie.megange@wanadoo.fr;Centre communal d'action sociale (CCAS) - Mégange;57
mairie@landelles.fr;Centre communal d'action sociale (CCAS) - Landelles;28
cabinetdumaire@bourbourg.fr;Centre communal d'action sociale (CCAS) - Bourbourg;59
mairie.nogaret@orange.fr;Centre communal d'action sociale (CCAS) - Nogaret;31
ccas@saint-pauldevence.fr;Centre communal d'action sociale (CCAS) - Saint-Paul-de-Vence;06
mairie.chemillesurdeme@wanadoo.fr;Centre communal d'action sociale (CCAS) - Chemillé-sur-Dême;37
mairie@roeschwoog.eu;Centre communal d'action sociale (CCAS) - Rœschwoog;67
accueil@magnet03.fr;Centre communal d'action sociale (CCAS) - Magnet;03
mairie@letanglaville.fr;Centre communal d'action sociale (CCAS) - L'Étang-la-Ville;78
mairie.le.menil.brout@wanadoo.fr;Centre communal d'action sociale (CCAS) - Le Ménil-Broût;61
mairie@pons-ville.fr;Centre communal d'action sociale (CCAS) - Pons;17
ccas@vay.fr;Centre communal d'action sociale (CCAS) - Vay;44
mairie-de-tonnoy@wanadoo.fr;Centre communal d'action sociale (CCAS) - Tonnoy;54
commune-de-boisme@orange.fr;Centre communal d'action sociale (CCAS) - Boismé;79
contact@ville-luisant.fr;Centre communal d'action sociale (CCAS) - Luisant;28
mairie.vlm@orange.fr;Centre communal d'action sociale (CCAS) - Villers-la-Montagne;54
ccas.desvres@wanadoo.fr;Centre communal d'action sociale (CCAS) - Desvres;62
mairie@bulgneville.fr;Centre communal d'action sociale (CCAS) - Bulgnéville;88
contact@ville-divion.fr;Centre communal d'action sociale (CCAS) - Divion;62
mairie@campan.fr;Centre communal d'action sociale (CCAS) - Campan;65
accueil.mairie@ville-malesherbes.fr;Centre communal d'action sociale (CCAS) - Le Malesherbois;45
ville.bouloire@wanadoo.fr;Centre communal d'action sociale (CCAS) - Bouloire;72
mairie@mitry-mory.fr;Centre communal d'action sociale (CCAS) - Mitry-Mory;77
contact@vendinlevieil.fr;Centre communal d'action sociale (CCAS) - Vendin-le-Vieil;62
social@gratentour.fr;Centre communal d'action sociale (CCAS) - Gratentour;31
contact@hantay.fr;Centre communal d'action sociale (CCAS) - Hantay;59
mairie@puget-theniers.fr;Centre communal d'action sociale (CCAS) - Puget-Théniers;06
cias@ploermelcommunaute.bzh;Centre Intercommunal d’Action Sociale (CIAS) Ploërmel Communauté;56
mairie-treverien@orange.fr;Centre communal d'action sociale (CCAS) - Trévérien;35
mairie.saintdidier35@wanadoo.fr;Centre communal d'action sociale (CCAS) - Avignon;84
mairie.vineuil@vineuil41.fr;Centre communal d'action sociale (CCAS) - Vineuil Loir-et-cher;41
mairie.secheval08@wanadoo.fr;Centre communal d'action sociale (CCAS) - Sécheval;08
mairieversigny02800@orange.fr;Centre communal d'action sociale (CCAS) - Versigny;02
accueil@mairiedejougne.fr;Centre communal d'action sociale (CCAS) - Jougne;25
st.sulpice.les.feuilles@wanadoo.fr;Centre communal d'action sociale (CCAS) - Saint-Sulpice-les-Feuilles;87
contact@mairie-mericourt.fr;Centre communal d'action sociale (CCAS) - Méricourt;62
social@mairie-leognan.fr;Centre communal d'action sociale (CCAS) - Léognan;33
mairie-dunes@info82.com;Centre communal d'action sociale (CCAS) - Dunes;82
ccas@thorignefouillard.fr;Centre communal d'action sociale (CCAS) - Thorigné-Fouillard;35
mairie@daix.fr;Centre communal d'action sociale (CCAS) - Daix;21
ccas@saintemarieauxchenes.fr;Centre communal d'action sociale (CCAS) - Sainte-Marie-aux-Chênes;57
ccas@guewenheim.fr;Centre communal d'action sociale (CCAS) - Guewenheim;68
mairie@groisy.org;Centre communal d'action sociale (CCAS) - Groisy;74
info@mairie-alpedhuez.fr;Centre communal d'action sociale (CCAS) - Huez;38
accueil@ville-allouagne.fr;Centre communal d'action sociale (CCAS) - Allouagne;62
mairie@chambourcy.fr;Centre communal d'action sociale (CCAS) - Chambourcy;78
mairie.stmartindeschamps.18@wanadoo.fr;Centre communal d'action sociale (CCAS) - Saint-Martin-des-Champs;18
renneville.mairie@wanadoo.fr;Centre communal d'action sociale (CCAS) - Renneville;27
contact@bethisysaintpierre.fr;Centre communal d'action sociale (CCAS) - Béthisy-Saint-Pierre;60
mairie-de-cuy@mairiedecuy.fr;Centre communal d'action sociale (CCAS) - Cuy;89
accueil.mairie@menucourt.fr;Centre communal d'action sociale (CCAS) - Menucourt;95
contact@angoulins.fr;Centre communal d'action sociale (CCAS) - Angoulins;17
mairie62860@orange.fr;Centre communal d'action sociale (CCAS) - Sains-lès-Marquion;62
contact@pleumartin.fr;Centre communal d'action sociale (CCAS) - Pleumartin;86
mairie@lemesnilamelot.fr;Centre communal d'action sociale (CCAS) - Le Mesnil-Amelot;77
accueil@montussan.fr;Centre communal d'action sociale (CCAS) - Montussan;33
secretariat.mairie@schirrhoffen.fr;Centre communal d'action sociale (CCAS) - Schirrhoffen;67
ccas@grand-bourg.fr;Centre communal d'action sociale (CCAS) - Grand-Bourg;971
secretariat@saint-abraham.fr;Centre communal d'action sociale (CCAS) - Saint-Abraham;56
mairie@mairienailloux31.com;Centre communal d'action sociale (CCAS) - Nailloux;31
contact@ville-montauban.fr;Centre communal d'action sociale (CCAS) - Montauban;82
mairie.verneville@orange.fr;Centre communal d'action sociale (CCAS) - Vernéville;57
ccas@ergue-gaberic.bzh;Centre communal d'action sociale (CCAS) - Ergué-Gabéric;29
ville-billy-montigny@wanadoo.fr;Centre communal d'action sociale (CCAS) - Billy-Montigny;62
mairie@reichstett.fr;Centre communal d'action sociale (CCAS) - Reichstett;67
maire@nesle-normandeuse.fr;Centre communal d'action sociale (CCAS) - Nesle-Normandeuse;76
mairie-trans-la-foret@wanadoo.fr;Centre communal d'action sociale (CCAS) - Trans-la-Forêt;35
mairie-charmes@wanadoo.fr;Centre communal d'action sociale (CCAS) - Charmes Aisne;02
mairie.belgentier@wanadoo.fr;Centre communal d'action sociale (CCAS) - Belgentier;83
mairiedesilhac@orange.fr;Centre communal d'action sociale (CCAS) - Silhac;07
kvieira@bagneauxsurloing.fr;Centre communal d'action sociale (CCAS) - Bagneaux-sur-Loing;77
secretaire-general@ville-la-motte.com;Centre communal d'action sociale (CCAS) - La Motte Var;83
mairie.de.pontcarre@orange.fr;Centre communal d'action sociale (CCAS) - Pontcarré;77
contact@saintgervaislestroisclochers.fr;Centre communal d'action sociale (CCAS) - Saint-Gervais-les-Trois-Clochers;86
accueil@villedechampagne.fr;Centre communal d'action sociale (CCAS) - Champagne-sur-Oise;95
mairie.stavit28@orange.fr;Centre communal d'action sociale (CCAS) - Saint-Avit-les-Guespières;28
info@ville-saulxures-mtte.fr;Centre communal d'action sociale (CCAS) - Saulxures-sur-Moselotte;88
mairie.menars@wanadoo.fr;Centre communal d'action sociale (CCAS) - Menars;41
chateau.leveque@libertysurf.fr;Centre communal d'action sociale (CCAS) - Château-l'Évêque;24
accueilccas@loonplage.org;Centre communal d'action sociale (CCAS) - Loon-Plage;59
accueil@mairiedeniherne.fr;Centre communal d'action sociale (CCAS) - Niherne;36
mairie.brillac278@orange.fr;Centre communal d'action sociale (CCAS) - Brillac;16
ccas@vauvert.com;Centre communal d'action sociale (CCAS) - Vauvert;30
ccas.glomel@orange.fr;Centre communal d'action sociale (CCAS) - Glomel;22
mairie.forfry@wanadoo.fr;Centre communal d'action sociale (CCAS) - Forfry;77
commune.espaon@wanadoo.fr;Centre communal d'action sociale (CCAS) - Espaon;32
communication@cugeslespins.fr;Centre communal d'action sociale (CCAS) - Cuges-les-Pins;13
mairie.neronde@orange.fr;Centre communal d'action sociale (CCAS) - Néronde;42
mairie-diou2@wanadoo.fr;Centre communal d'action sociale (CCAS) - Diou;36
secretariat-general@lagny-sur-marne.fr;Centre communal d'action sociale (CCAS) - Lagny-sur-Marne;77
ccas@lancon-provence.fr;Centre communal d'action sociale (CCAS) - Lançon-Provence;13
ccas@houdain.fr;Centre communal d'action sociale (CCAS) - Houdain;62
ccas@saintvincentsurjard.fr;Centre communal d'action sociale (CCAS) - Saint-Vincent-sur-Jard;85
ccas@mairie-plv.fr;Centre communal d'action sociale (CCAS) - Portes-lès-Valence;26
info@irvillac.fr;Centre communal d'action sociale (CCAS) - Irvillac;29
internet@mairie-leucate.fr;Centre communal d'action sociale (CCAS) - Leucate;11
ccas.veneux@moretloingetorvanne.fr;Centre communal d'action sociale (CCAS) - Moret-Loing-et-Orvanne;77
mairie@rouvres77.fr;Centre communal d'action sociale (CCAS) - Rouvres;77
contact@ccas-marseille.fr;Centre communal d'action sociale (CCAS) - Marseille;13
mairie.saintsuliac@orange.fr;Centre communal d'action sociale (CCAS) - Saint-Suliac;35
accueil.mairie@bruyeres.fr;Centre communal d'action sociale (CCAS) - Bruyères;88
action-sociale@mairie-rueilmalmaison.fr;Centre communal d'action sociale (CCAS) - Rueil-Malmaison;92
ccas@mairiecorcoue.fr;Centre communal d'action sociale (CCAS) - Corcoué-sur-Logne;44
mairie@certines.fr;Centre communal d'action sociale (CCAS) - Certines;01
mairie.nanteuilnd02@orange.fr;Centre communal d'action sociale (CCAS) - Nanteuil-Notre-Dame;02
mairie@saintphilbertdebouaine.fr;Centre communal d'action sociale (CCAS) - Saint-Philbert-de-Bouaine;85
ccas@ville-erstein.fr;Centre communal d'action sociale (CCAS) - Erstein;67
ccas@villepointenoire.fr;Centre communal d'action sociale (CCAS) - Pointe-Noire;971
accueil.ccas@monteux.fr;Centre communal d'action sociale (CCAS) - Monteux;84
contact@mairieallons.fr;Centre communal d'action sociale (CCAS) - Allons;04
mairie@bons-en-chablais.fr;Centre communal d'action sociale (CCAS) - Bons-en-Chablais;74
mairie@barberey-saint-sulpice.fr;Centre communal d'action sociale (CCAS) - Barberey-Saint-Sulpice;10
mairie@sarras.fr;Centre communal d'action sociale (CCAS) - Sarras;07
mairieduchautay@wanadoo.fr;Centre communal d'action sociale (CCAS) - Le Chautay;18
ccas@ville-lourdes.fr;Centre communal d'action sociale (CCAS) - Lourdes;65
mairie.larouillies@orange.fr;Centre communal d'action sociale (CCAS) - Larouillies;59
mairie@berchereslespierres.fr;Centre communal d'action sociale (CCAS) - Berchères-les-Pierres;28
mairie@beaufortenvallee.fr;Centre communal d'action sociale (CCAS) - Beaufort-en-Anjou;49
accueil@mairiedebozel.fr;Centre communal d'action sociale (CCAS) - Bozel;73
actionsociale@ville-de-vimy.fr;Centre communal d'action sociale (CCAS) - Vimy;62
mairie.de.belfonds@wanadoo.fr;Centre communal d'action sociale (CCAS) - Belfonds;61
ccas@ville-macon.fr;Centre communal d'action sociale (CCAS) - Mâcon;71
ccas@combourg.com;Centre communal d'action sociale (CCAS) - Combourg;35
ccas.spm@saintpierredumont.fr;Centre communal d'action sociale (CCAS) - Saint-Pierre-du-Mont;40
mairie-de-fruges@wanadoo.fr;Centre communal d'action sociale (CCAS) - Fruges;62
mairie@vllerslescagnicourt.fr;Centre communal d'action sociale (CCAS) - Villers-lès-Cagnicourt;62
contact@angrie.fr;Centre communal d'action sociale (CCAS) - Angrie;49
ccas@dammartin-en-goele.fr;Centre communal d'action sociale (CCAS) - Dammartin-en-Goële;77
ccas@mairie-panazol.fr;Centre communal d'action sociale (CCAS) - Panazol;87
mairieverneuil@verneuil27.fr;Centre communal d'action sociale (CCAS) - Verneuil D'Avre Et D'Iton;27
ccas@mairie-cestas.fr;Centre communal d'action sociale (CCAS) - Cestas;33
accueil-ccas@ville-arcachon.fr;Centre communal d'action sociale (CCAS) - Arcachon;33
secretariatmairie.douzy@orange.fr;Centre communal d'action sociale (CCAS) - Douzy;08
mairie.accueil@quebriac.fr;Centre communal d'action sociale (CCAS) - Québriac;35
mairie@haillicourt.fr;Centre communal d'action sociale (CCAS) - Haillicourt;62
mairie.stegenevievre12@wanadoo.fr;Centre communal d'action sociale (CCAS) - Argences en Aubrac;12
ccas.vaas@wanadoo.fr;Centre communal d'action sociale (CCAS) - Vaas;72
mairie@grandris.net;Centre communal d'action sociale (CCAS) - Grandris;69
communication@vairessurmarne.fr;Centre communal d'action sociale (CCAS) - Vaires-sur-Marne;77
mairie@vaugneray.com;Centre communal d'action sociale (CCAS) - Vaugneray;69
mairie.caillouel@wanadoo.fr;Centre communal d'action sociale (CCAS) - Caillouël-Crépigny;02
mairie@troissy-bouquigny.fr;Centre communal d'action sociale (CCAS) - Troissy;51
mairie.de.civieres@wanadoo.fr;Centre communal d'action sociale (CCAS) - Vexin-sur-Epte;27
secretariat@saugues.fr;Centre communal d'action sociale (CCAS) - Saugues;43
accueil@mairieambialet.fr;Centre communal d'action sociale (CCAS) - Ambialet;81
mairie@lompret.fr;Centre communal d'action sociale (CCAS) - Lompret;59
nort-sur-erdre@france-services.gouv.fr;Centre communal d'action sociale (CCAS) - Nort-sur-Erdre;44
mairie.ravenel@orange.fr;Centre communal d'action sociale (CCAS) - Ravenel;60
mairie.passysurmarne@wanadoo.fr;Centre communal d'action sociale (CCAS) - Passy-sur-Marne;02
accueil.ccas@ccasrennes.fr;Centre communal d'action sociale (CCAS) - Rennes;35
mairie.attichy@wanadoo.fr;Centre communal d'action sociale (CCAS) - Attichy;60
mairie-montreuil-sur-lozon@wanadoo.fr;Centre communal d'action sociale (CCAS) - Montreuil-sur-Lozon;50
mairie.meys@cc-mdl.fr;Centre communal d'action sociale (CCAS) - Meys;69
info@niederbronn-les-bains.fr;Centre communal d'action sociale (CCAS) - Niederbronn-les-Bains;67
population@mairie-chateauneuf.fr;Centre communal d'action sociale (CCAS) - Châteauneuf-Grasse;06
mairie.allemant@wanadoo.fr;Centre communal d'action sociale (CCAS) - Allemant Marne;51
mairie-herlies@orange.fr;Centre communal d'action sociale (CCAS) - Herlies;59
mairie.de.vergoignan@wanadoo.fr;Centre communal d'action sociale (CCAS) - Vergoignan;32
mairiebazordan@hotmail.fr;Centre communal d'action sociale (CCAS) - Bazordan;65
mairie@nesleslamontagne.fr;Centre communal d'action sociale (CCAS) - Nesles-la-Montagne;02
contact@ville-verdon.org;Centre communal d'action sociale (CCAS) - Le Verdon-sur-Mer;33
ccas@mairie-guipavas.fr;Centre communal d'action sociale (CCAS) - Guipavas;29
villelingo@lingolsheim.fr;Centre communal d'action sociale (CCAS) - Lingolsheim;67
secretariat@mairie-gueux.fr;Centre communal d'action sociale (CCAS) - Gueux;51
mairie@stgervais41.fr;Centre communal d'action sociale (CCAS) - Saint-Gervais-la-Forêt;41
accueil@ccas.caudry.fr;Centre communal d'action sociale (CCAS) - Caudry;59
ccas@carpentras.fr;Centre communal d'action sociale (CCAS) - Carpentras;84
accueil@clery-saint-andre.com;Centre communal d'action sociale (CCAS) - Cléry-Saint-André;45
mairie-ambleteuse@orange.fr;Centre communal d'action sociale (CCAS) - Ambleteuse;62
ccas@pluneret.fr;Centre communal d'action sociale (CCAS) - Pluneret;56
social@mairie-miniac-morvan.fr;Centre communal d'action sociale (CCAS) - Miniac-Morvan;35
mairie-esquerdes@hotmail.fr;Centre communal d'action sociale (CCAS) - Esquerdes;62
wadelincourt@wanadoo.fr;Centre communal d'action sociale (CCAS) - Wadelincourt;08
commune-de-clermont@orange.fr;Centre communal d'action sociale (CCAS) - Clermont Ariège;09
mairie@montreal11.fr;Centre communal d'action sociale (CCAS) - Montréal;11
secretariat@cias-cauvaldor.fr;Centre intercommunal d'action sociale (CIAS) Cau Val D'or;46
mairie@chanac.fr;Centre communal d'action sociale (CCAS) - Chanac;48
mairie.de.lepine@wanadoo.fr;Centre communal d'action sociale (CCAS) - L'Épine Hautes-alpes;05
commune-eulmont@wanadoo.fr;Centre communal d'action sociale (CCAS) - Eulmont;54
mairie@port-saint-pere.fr;Centre communal d'action sociale (CCAS) - Port-Saint-Père;44
mairie@biachesaintvaast.fr;Centre communal d'action sociale (CCAS) - Biache-Saint-Vaast;62
mairie@breaute.net;Centre communal d'action sociale (CCAS) - Bréauté;76
contact@cctdm.fr;Centre intercommunal d'action sociale (CIAS) de Thiers Dore et Montagne;63
mairie@bezannes.fr;Centre communal d'action sociale (CCAS) - Bezannes;51
mairiedesagy@wanadoo.fr;Centre communal d'action sociale (CCAS) - Sagy;71
solidarite@mairie-vaucresson.fr;Centre communal d'action sociale (CCAS) - Vaucresson;92
mairie@genilac.fr;Centre communal d'action sociale (CCAS) - Genilac;42
stleger71520.mairie@orange.fr;Centre communal d'action sociale (CCAS) - Saint-Léger-sous-la-Bussière;71
contact@mairie-montevrain.fr;Centre communal d'action sociale (CCAS) - Montévrain;77
etatcivil@mairiemontdore63.fr;Centre communal d'action sociale (CCAS) - Mont-Dore;63
communication@ville-saintfrancois.fr;Centre communal d'action sociale (CCAS) - Saint-François;971
mairie@lameziere.fr;Centre communal d'action sociale (CCAS) - La Mézière;35
ccas.perignat@gmail.com;Centre communal d'action sociale (CCAS) - Pérignat-sur-Allier;63
mairie.panassac@orange.fr;Centre communal d'action sociale (CCAS) - Panassac;32
commune-fremicourt@wanadoo.fr;Centre communal d'action sociale (CCAS) - Frémicourt;62
mairie-breteuil@breteuil27.fr;Centre communal d'action sociale (CCAS) - Breteuil Eure;27
accueil@mairie-saint-contest.fr;Centre communal d'action sociale (CCAS) - Saint-Contest;14
commune.ogneville@orange.fr;Centre communal d'action sociale (CCAS) - Ognéville;54
contactccas@sautron.fr;Centre communal d'action sociale (CCAS) - Sautron;44
contact@ville-woerth.eu;Centre communal d'action sociale (CCAS) - Wœrth;67
ccas@verrieres-le-buisson.fr;Centre communal d'action sociale (CCAS) - Verrières-le-Buisson;91
mairie@massangis.fr;Centre communal d'action sociale (CCAS) - Massangis;89
mairiebourgvilain@orange.fr;Centre communal d'action sociale (CCAS) - Bourgvilain;71
contact@le-subdray.fr;Centre communal d'action sociale (CCAS) - Le Subdray;18
ccas@ville-salindres.fr;Centre communal d'action sociale (CCAS) - Salindres;30
mairie@cauvillesurmer.fr;Centre communal d'action sociale (CCAS) - Cauville-sur-Mer;76
mairie@stlaurentnouan.fr;Centre communal d'action sociale (CCAS) - Saint-Laurent-Nouan;41
mairie.saint.marcan@wanadoo.fr;Centre communal d'action sociale (CCAS) - Saint-Marcan;35
accueil@saintalbanleseaux.fr;Centre communal d'action sociale (CCAS) - Saint-Alban-les-Eaux;42
communesaintsauveur@wanadoo.fr;Centre communal d'action sociale (CCAS) - Saint-Sauveur-des-Landes;35
mairie@dammarie28.fr;Centre communal d'action sociale (CCAS) - Dammarie;28
mairie@hericy.fr;Centre communal d'action sociale (CCAS) - Héricy;77
mairie@beauficel.fr;Centre communal d'action sociale (CCAS) - Beauficel;50
mairie@lunery.fr;Centre communal d'action sociale (CCAS) - Lunery;18
ccas@marlyleroi.fr;Centre communal d'action sociale (CCAS) - Marly-le-Roi;78
mairie.tpt@wanadoo.fr;Centre communal d'action sociale (CCAS) - Taponnat-Fleurignac;16
perjea@gmail.com;Centre communal d'action sociale (CCAS) - Caharet;65
ccas.beauvoisin@gmail.com;Centre communal d'action sociale (CCAS) - Beauvoisin;30
ccas.latour@salvagny.org;Centre communal d'action sociale (CCAS) - La Tour-de-Salvagny;69
mairie.torchamp@wanadoo.fr;Centre communal d'action sociale (CCAS) - Torchamp;61
service.ccas@avon77.com;Centre communal d'action sociale (CCAS) - Avon;77
mairie-ervy-le-chatel@wanadoo.fr;Centre communal d'action sociale (CCAS) - Ervy-le-Châtel;10
accueil@st-zacharie.fr;Centre communal d'action sociale (CCAS) - Saint-Zacharie;83
gondreville-mairie@orange.fr;Centre communal d'action sociale (CCAS) - Gondreville;54
mairie@montreuil-le-gast.fr;Centre communal d'action sociale (CCAS) - Montreuil-le-Gast;35
mairie@oberhoffen.eu;Centre communal d'action sociale (CCAS) - Oberhoffen-sur-Moder;67
social@lesmartresdeveyre.fr;Centre communal d'action sociale (CCAS) - Les Martres-de-Veyre;63
contact@mairie-orvault.fr;Centre communal d'action sociale (CCAS) - Orvault;44
mairie.avessac@wanadoo.fr;Centre communal d'action sociale (CCAS) - Avessac;44
mairie@mortagnesursevre.fr;Centre communal d'action sociale (CCAS) - Mortagne-sur-Sèvre;85
ccas@perneslesfontaines.fr;Centre communal d'action sociale (CCAS) - Pernes-les-Fontaines;84
mairie@grignols.fr;Centre communal d'action sociale (CCAS) - Grignols;33
condesurhuisne@wanadoo.fr;Centre communal d'action sociale (CCAS) - Sablons sur Huisne;61
mairie.minihic@wanadoo.fr;Centre communal d'action sociale (CCAS) - Le Minihic-sur-Rance;35
contact@ville-haspres.fr;Centre communal d'action sociale (CCAS) - Haspres;59
mairie.meolansrevel@wanadoo.fr;Centre communal d'action sociale (CCAS) - Méolans-Revel;04
ccas@linas.fr;Centre communal d'action sociale (CCAS) - Linas;91
mairie@turckheim.fr;Centre communal d'action sociale (CCAS) - Turckheim;68
infoboe@ville-boe.fr;Centre communal d'action sociale (CCAS) - Boé;47
mairie@ville-horme.fr;Centre communal d'action sociale (CCAS) - L'Horme;42
mairie.montsainteloi@orange.fr;Centre communal d'action sociale (CCAS) - Mont-Saint-Éloi;62
service.social@mairie-quint-fonsegrives.fr;Centre communal d'action sociale (CCAS) - Quint-Fonsegrives;31
mairie.pezenes@wanadoo.fr;Centre communal d'action sociale (CCAS) - Pézènes-les-Mines;34
mairie-hauteville@wanadoo.fr;Centre communal d'action sociale (CCAS) - Hauteville-lès-Dijon;21
mairie.de.bourbonne@orange.fr;Centre communal d'action sociale (CCAS) - Bourbonne-les-Bains;52
mairie-de-st-baudel@wanadoo.fr;Centre communal d'action sociale (CCAS) - Saint-Baudel;18
ville.gerbepal@wanadoo.fr;Centre communal d'action sociale (CCAS) - Gerbépal;88
mairie-lamarche@wanadoo.fr;Centre communal d'action sociale (CCAS) - Lamarche;88
ccas@mairie-beauzelle.fr;Centre communal d'action sociale (CCAS) - Beauzelle;31
pauline.boquet@bethunebruay.fr;Centre intercommunal d'action sociale (CIAS) - Bethune-Bruay;62
mairie.leguerno@wanadoo.fr;Centre communal d'action sociale (CCAS) - Le Guerno;56
hoteldeville@libercourt.fr;Centre communal d'action sociale (CCAS) - Libercourt;62
mairie@mairie-chaponnay.fr;Centre communal d'action sociale (CCAS) - Chaponnay;69
mairie-noailhac@orange.fr;Centre communal d'action sociale (CCAS) - Noailhac;81
accueil@mairie-archamps.fr;Centre communal d'action sociale (CCAS) - Archamps;74
mairie@allegre-les-fumades.fr;Centre communal d'action sociale (CCAS) - Allègre-les-Fumades;30
ccas@rochefortsurloire.fr;Centre communal d'action sociale (CCAS) - Rochefort-sur-Loire;49
mairiedelevet@gmail.com;Centre communal d'action sociale (CCAS) - Levet;18
ccas@brehal.fr;Centre communal d'action sociale (CCAS) - Bréhal;50
mairie.sylvains-les-moulins@wanadoo.fr;Centre communal d'action sociale (CCAS) - Sylvains-Lès-Moulins;27
mairie.sury-es-bois@wanadoo.fr;Centre communal d'action sociale (CCAS) - Sury-ès-Bois;18
ccas@lavilledubois.fr;Centre communal d'action sociale (CCAS) - La Ville-du-Bois;91
mairie.stmarssurcolmont@orange.fr;Centre communal d'action sociale (CCAS) - Saint-Mars-sur-Colmont;53
accueil@villeneuve-yonne.fr;Centre communal d'action sociale (CCAS) - Villeneuve-sur-Yonne;89
ccaslasout@orange.fr;Centre communal d'action sociale (CCAS) - La Souterraine;23
cias@ccyn.fr;Centre communal d'action sociale (CCAS) - Pont-Sur-Yonne;89
contact@mairie-bousse.fr;Centre communal d'action sociale (CCAS) - Bousse Moselle;57
contact@mairie-distroff.fr;Centre communal d'action sociale (CCAS) - Distroff;57
mairie@boisvillelasaintpere.fr;Centre communal d'action sociale (CCAS) - Boisville-la-Saint-Père;28
mairie.dohem@orange.fr;Centre communal d'action sociale (CCAS) - Dohem;62
accueil@ventiseri.fr;Centre communal d'action sociale (CCAS) - Ventiseri;2B
accueil@ccasbeaulieusurmer.fr;Centre communal d'action sociale (CCAS) - Beaulieu-sur-Mer;06
mairie@ottmarsheim.fr;Centre communal d'action sociale (CCAS) - Ottmarsheim;68
ccas@mairie-chateaudun.fr;Centre communal d'action sociale (CCAS) - Châteaudun;28
commune-de-bareilles@orange.fr;Centre communal d'action sociale (CCAS) - Bareilles;65
contact@mairie-wimille.fr;Centre communal d'action sociale (CCAS) - Wimille;62
mairie@ville67.fr;Centre communal d'action sociale (CCAS) - Villé;67
ccas@petite-ile.re;Centre communal d'action sociale (CCAS) - Petite-Île;974
accueil@vieillevigne44.com;Centre communal d'action sociale (CCAS) - Vieillevigne;44
accueil@saint-mammes.com;Centre communal d'action sociale (CCAS) - Saint-Mammès;77
mairie@lallaing.fr;Centre communal d'action sociale (CCAS) - Lallaing;59
mairie@plombieres.fr;Centre communal d'action sociale (CCAS) - Plombières-les-Bains;88
ccas@ury.fr;Centre communal d'action sociale (CCAS) - Ury;77
mairie@cordessurciel.fr;Centre communal d'action sociale (CCAS) - Cordes-sur-Ciel;81
ccas@locoal-mendon.fr;Centre communal d'action sociale (CCAS) - Locoal-Mendon;56
contact.ccas@saint-marcellin.fr;Centre communal d'action sociale (CCAS) - Saint-Marcellin;38
mairie@pontdesalars.fr;Centre communal d'action sociale (CCAS) - Pont-de-Salars;12
actionsociale@saint-gregoire.fr;Centre communal d'action sociale (CCAS) - Saint-Grégoire;35
ccas@treillieres.fr;Centre communal d'action sociale (CCAS) - Treillières;44
ccas@aramon.fr;Centre communal d'action sociale (CCAS) - Aramon;30
ccas@polminhac.fr;Centre communal d'action sociale (CCAS) - Polminhac;15
mairie@valdize.fr;Centre communal d'action sociale (CCAS) - Val-d'Izé;35
cias.animations@orange.fr;Centre intercommunal d'action sociale (CIAS) de Buëch Devoluy;05
mairie@camiers.fr;Centre communal d'action sociale (CCAS) - Camiers;62
mairie@creissan.com;Centre communal d'action sociale (CCAS) - Creissan;34
courrier@ccas97410.re;Centre communal d'action sociale (CCAS) - Saint-Pierre La Réunion;974
mairie@ville-tarnos.fr;Centre communal d'action sociale (CCAS) - Tarnos;40
mairiefolschviller57730@gmail.com;Centre communal d'action sociale (CCAS) - Folschviller;57
mairie.sarrant@wanadoo.fr;Centre communal d'action sociale (CCAS) - Sarrant;32
mairie.cauroir@wanadoo.fr;Centre communal d'action sociale (CCAS) - Cauroir;59
s.vanneron@ville-meyreuil.fr;Centre communal d'action sociale (CCAS) - Meyreuil;13
ccas@mairie-villeparisis.fr;Centre communal d'action sociale (CCAS) - Villeparisis;77
secretariat@mairie-sjlc.fr;Centre communal d'action sociale (CCAS) - Saint-Jean-le-Centenier;07
communedetrimer@orange.fr;Centre communal d'action sociale (CCAS) - Trimer;35
secret.maire@ville-hersin-coupigny.fr;Centre communal d'action sociale (CCAS) - Hersin-Coupigny;62
contact@ville-florensac.fr;Centre communal d'action sociale (CCAS) - Florensac;34
ccas@latourdupin.fr;Centre communal d'action sociale (CCAS) - La Tour-du-Pin;38
centre-social.montbard@wanadoo.fr;Centre communal d'action sociale (CCAS) - Montbard;21
mairie@letablier.fr;Centre communal d'action sociale (CCAS) - Le Tablier;85
secretariat@mairie-riviere-pilote.fr;Centre communal d'action sociale (CCAS) - Rivière-Pilote;972
mairie@trun.fr;Centre communal d'action sociale (CCAS) - Trun;61
ccas@ville-nimes.fr;Centre communal d'action sociale (CCAS) - Nîmes;30
mairie-clere-37@orange.fr;Centre communal d'action sociale (CCAS) - Cléré-les-Pins;37
mairiebessay03@wanadoo.fr;Centre communal d'action sociale (CCAS) - Bessay-sur-Allier;03
mairie.acquin-westbecourt@orange.fr;Centre communal d'action sociale (CCAS) - Acquin-Westbécourt;62
accueil@hochfelden.fr;Centre communal d'action sociale (CCAS) - Hochfelden;67
ccas@ville-manosque.fr;Centre communal d'action sociale (CCAS) - Manosque;04
mairie.murat81@orange.fr;Centre communal d'action sociale (CCAS) - Murat-sur-Vèbre;81
action-sociale@mairie-arcueil.fr;Centre communal d'action sociale (CCAS) - Arcueil;94
mairie@assat.fr;Centre communal d'action sociale (CCAS) - Assat;64
ville@mairie-breteuil.fr;Centre communal d'action sociale (CCAS) - Breteuil Oise;60
ccas@mairie-raimbeaucourt.fr;Centre communal d'action sociale (CCAS) - Raimbeaucourt;59
mairie.villiers.sous.praslin@wanadoo.fr;Centre communal d'action sociale (CCAS) - Villiers-sous-Praslin;10
accueil@fontenay-les-briis.fr;Centre communal d'action sociale (CCAS) - Fontenay-lès-Briis;91
etigny.mairie@wanadoo.fr;Centre communal d'action sociale (CCAS) - Étigny;89
ccas@andresy.com;Centre communal d'action sociale (CCAS) - Andrésy;78
mairie@soliers.fr;Centre communal d'action sociale (CCAS) - Soliers;14
mairie.arleuf@wanadoo.fr;Centre communal d'action sociale (CCAS) - Arleuf;58
mairie.labroye@wanadoo.fr;Centre communal d'action sociale (CCAS) - Labroye;62
contact@mairieauthie.fr;Centre communal d'action sociale (CCAS) - Authie;14
croixduperche@orange.fr;Centre communal d'action sociale (CCAS) - La Croix-du-Perche;28
secretariat@mairie-iledelle.fr;Centre communal d'action sociale (CCAS) - L'Île-d'Elle;85
saint.georges.motel@wanadoo.fr;Centre communal d'action sociale (CCAS) - Saint-Georges-Motel;27
mairie.escalles@sfr.fr;Centre communal d'action sociale (CCAS) - Escalles;62
social@cdc-coteaux-bordelais.fr;Centre communal d'action sociale (CCAS) - Tresses;33
mairie@confrancon.fr;Centre communal d'action sociale (CCAS) - Confrançon;01
mairie.reillanne04@orange.fr;Centre communal d'action sociale (CCAS) - Reillanne;04
mairie-villeneuvelarcheveque@wanadoo.fr;Centre communal d'action sociale (CCAS) - Villeneuve-l'Archevêque;89
administration@mairie-reze.fr;Centre communal d'action sociale (CCAS) - Rezé;44
mairie@ferrieresenbrie.fr;Centre communal d'action sociale (CCAS) - Ferrières-en-Brie;77
contact@abondant-village.com;Centre communal d'action sociale (CCAS) - Abondant;28
mairie.bucquoy@orange.fr;Centre communal d'action sociale (CCAS) - Bucquoy;62
mairiegaillagos@wanadoo.fr;Centre communal d'action sociale (CCAS) - Gaillagos;65
mairieflorac@wanadoo.fr;Centre communal d'action sociale (CCAS) - Florac Trois Rivières;48
ccas@ville-lavaur.fr;Centre communal d'action sociale (CCAS) - Lavaur;81
ccas@bischwiller.com;Centre communal d'action sociale (CCAS) - Bischwiller;67
mairie-betbeze@wanadoo.fr;Centre communal d'action sociale (CCAS) - Betbèze;65
mairie.remaucourt08@wanadoo.fr;Centre communal d'action sociale (CCAS) - Remaucourt;08
solidarite@lachapellelaunay.fr;Centre communal d'action sociale (CCAS) - La Chapelle-Launay;44
mairie.gognies@wanadoo.fr;Centre communal d'action sociale (CCAS) - Gognies-Chaussée;59
mairie.condom@condom.org;Centre communal d'action sociale (CCAS) - Condom;32
contact@ville-erquinghem-lys.fr;Centre communal d'action sociale (CCAS) - Erquinghem-Lys;59
contact@laille.fr;Centre communal d'action sociale (CCAS) - Laillé;35
secretariat@mairie-laroquedolmes.fr;Centre communal d'action sociale (CCAS) - Laroque-d'Olmes;09
mairie.vions@orange.fr;Centre communal d'action sociale (CCAS) - Vions;73
mairie.ouville.la.riviere@wanadoo.fr;Centre communal d'action sociale (CCAS) - Ouville-la-Rivière;76
secretariat@jeandelaincourt.fr;Centre communal d'action sociale (CCAS) - Jeandelaincourt;54
mairie@saintbaldoph.fr;Centre communal d'action sociale (CCAS) - Saint-Baldoph;73
ccas@ville-voreppe.fr;Centre communal d'action sociale (CCAS) - Voreppe;38
mairie@bonnevaux.fr;Centre communal d'action sociale (CCAS) - Bonnevaux;30
troslyloire@gmail.com;Centre communal d'action sociale (CCAS) - Saint-Paul-aux-Bois;02
ccas@valdahon.com;Centre communal d'action sociale (CCAS) - Valdahon;25
mairie.primelin@wanadoo.fr;Centre communal d'action sociale (CCAS) - Primelin;29
etat-civil@mairie-cambronnelesribecourt.com;Centre communal d'action sociale (CCAS) - Cambronne-lès-Ribécourt;60
mairie.courchelettes@wanadoo.fr;Centre communal d'action sociale (CCAS) - Courchelettes;59
therouanne.mairie@wanadoo.fr;Centre communal d'action sociale (CCAS) - Thérouanne;62
mairie@leudeville.fr;Centre communal d'action sociale (CCAS) - Leudeville;91
mairie.brehand@orange.fr;Centre communal d'action sociale (CCAS) - Bréhand;22
mairie@sainte-foy-largentiere.fr;Centre communal d'action sociale (CCAS) - Sainte-Foy-l'Argentière;69
accueil@mairiedemesnilenthelle.fr;Centre communal d'action sociale (CCAS) - Le Mesnil-en-Thelle;60
mairie.sancergues@wanadoo.fr;Centre communal d'action sociale (CCAS) - Sancergues;18
ccas.basseterre@orange.fr;Centre communal d'action sociale (CCAS) - Basse-Terre;971
mairie.louslitges@wanadoo.fr;Centre communal d'action sociale (CCAS) - Louslitges;32
wavignies-mairie@orange.fr;Centre communal d'action sociale (CCAS) - Wavignies;60
mairie.d-estissac@wanadoo.fr;Centre communal d'action sociale (CCAS) - Estissac;10
mairie.crouyenthelle@free.fr;Centre communal d'action sociale (CCAS) - Crouy-en-Thelle;60
mairie@ville-longvic.fr;Centre communal d'action sociale (CCAS) - Longvic;21
mairie@gasville-oiseme.fr;Centre communal d'action sociale (CCAS) - Gasville-Oisème;28
contact@colayrac-saint-cirq.fr;Centre communal d'action sociale (CCAS) - Colayrac-Saint-Cirq;47
mairie@ouvillelabbaye.fr;Centre communal d'action sociale (CCAS) - Ouville-l'Abbaye;76
ccas@saint-medard-en-jalles.fr;Centre communal d'action sociale (CCAS) - Saint-Médard-en-Jalles;33
mairie.dhl@wanadoo.fr;Centre communal d'action sociale (CCAS) - D'Huison-Longueville;91
mairie@sceautres.fr;Centre communal d'action sociale (CCAS) - Sceautres;07
administratif@pire-sur-seiche.fr;Centre communal d'action sociale (CCAS) - Piré-Chancé;35
mairie.st-jean@wanadoo.fr;Centre communal d'action sociale (CCAS) - Saint-Jean-du-Castillonnais;09
contact@leplessistrevise.fr;Centre communal d'action sociale (CCAS) - Le Plessis-Trévise;94
mairie.champagnat@wanadoo.fr;Centre communal d'action sociale (CCAS) - Champagnat;71
ccas@ville-aubiere.fr;Centre communal d'action sociale (CCAS) - Aubière;63
mairie@miribel.fr;Centre communal d'action sociale (CCAS) - Miribel;01
contact@mairie-ranguevaux.fr;Centre communal d'action sociale (CCAS) - Ranguevaux;57
commune-villequier-aumont@orange.fr;Centre communal d'action sociale (CCAS) - Villequier-Aumont;02
contact@mairie-renaze.fr;Centre communal d'action sociale (CCAS) - Renazé;53
ccas-aidesociale.stphilippe@laposte.net;Centre communal d'action sociale (CCAS) - Saint-Philippe;974
mairie@nougaroulet.fr;Centre communal d'action sociale (CCAS) - Nougaroulet;32
mairie@sainte-honorine-du-fay.fr;Centre communal d'action sociale (CCAS) - Sainte-Honorine-du-Fay;14
mairie.mazeres@wanadoo.fr;Centre communal d'action sociale (CCAS) - Mazères;09
mairie.enveitg@wanadoo.fr;Centre communal d'action sociale (CCAS) - Enveitg;66
mairie.stgbh@orange.fr;Centre communal d'action sociale (CCAS) - Saint-Germain-la-Blanche-Herbe;14
accueil@mairie-angerville.fr;Centre communal d'action sociale (CCAS) - Angerville;91
contact@parce.fr;Centre communal d'action sociale (CCAS) - Parcé;35
mairie@lauwin-planque.com;Centre communal d'action sociale (CCAS) - Lauwin-Planque;59
mairie.fourneaux@copler.fr;Centre communal d'action sociale (CCAS) - Fourneaux;42
actionsociale@ccas-versailles.fr;Centre communal d'action sociale (CCAS) - Versailles;78
mairiestfraimbaultdeprieres@wanadoo.fr;Centre communal d'action sociale (CCAS) - Saint-Fraimbault-de-Prières;53
ccas@mairie-livron.fr;Centre communal d'action sociale (CCAS) - Livron-sur-Drôme;26
mairie-du-bonhomme@orange.fr;Centre communal d'action sociale (CCAS) - Le Bonhomme;68
mairiebreuilpont@wanadoo.fr;Centre communal d'action sociale (CCAS) - Breuilpont;27
mairiecourties@orange.fr;Centre communal d'action sociale (CCAS) - Courties;32
mairie.arrou@wanadoo.fr;Centre communal d'action sociale (CCAS) - Vald'Yerre;28
lachapellecraonnaise@orange.fr;Centre communal d'action sociale (CCAS) - La Chapelle-Craonnaise;53
mairie.urepel@orange.fr;Centre communal d'action sociale (CCAS) - Urepel;64
accueil@mairie-ilebouchard.fr;Centre communal d'action sociale (CCAS) - L'Île-Bouchard;37
cias@villes-soeurs.fr;Centre Intercommunal d’Action Sociale (CIAS) - Eu;76
mairie@beauvezer.fr;Centre communal d'action sociale (CCAS) - Beauvezer;04
service.etat.civil@ville-flers-en-escrebieux.fr;Centre communal d'action sociale (CCAS) - Flers-en-Escrebieux;59
secretariat@saint-remy77.fr;Centre communal d'action sociale (CCAS) - Saint-Rémy-la-Vanne;77
social@mairietierce.fr;Centre communal d'action sociale (CCAS) - Tiercé;49
ccasdediors@gmail.com;Centre communal d'action sociale (CCAS) - Diors;36
menil-de-senones@orange.fr;Centre communal d'action sociale (CCAS) - Ménil-de-Senones;88
info@mairie-masseube.fr;Centre communal d'action sociale (CCAS) - Masseube;32
contact@saintsaens.fr;Centre communal d'action sociale (CCAS) - Saint-Saëns;76
mairie@saint-lye.fr;Centre communal d'action sociale (CCAS) - Saint-Lyé;10
contact@mairie-thouare.fr;Centre communal d'action sociale (CCAS) - Thouaré-sur-Loire;44
social@mairie-vaux-le-penil.fr;Centre communal d'action sociale (CCAS) - Vaux-le-Pénil;77
ccas@loire-sur-rhone.fr;Centre communal d'action sociale (CCAS) - Loire-sur-Rhône;69
mairie.masdelondres@gmail.com;Centre communal d'action sociale (CCAS) - Mas-de-Londres;34
mairiedufresneporet@gmail.com;Centre communal d'action sociale (CCAS) - Le Fresne-Poret;50
mairie@mousseaux-neuville.fr;Centre communal d'action sociale (CCAS) - Mousseaux-Neuville;27
ccas-malestroit@orange.fr;Centre communal d'action sociale (CCAS) - Malestroit;56
ccas@saint-lunaire.fr;Centre communal d'action sociale (CCAS) - Saint-Lunaire;35
ccas@ville-mignaloux-beauvoir.fr;Centre communal d'action sociale (CCAS) - Mignaloux-Beauvoir;86
la-comelle@wanadoo.fr;Centre communal d'action sociale (CCAS) - La Comelle;71
ccas@saint-pathus.fr;Centre communal d'action sociale (CCAS) - Saint-Pathus;77
ccas@lepuyenvelay.fr;Centre communal d'action sociale (CCAS) - Le Puy-en-Velay;43
ccas@chamagnieu.com;Centre communal d'action sociale (CCAS) - Chamagnieu;38
mairie@marlylaville.fr;Centre communal d'action sociale (CCAS) - Marly-la-Ville;95
mairie@soisy-sous-montmorency.fr;Centre communal d'action sociale (CCAS) - Soisy-sous-Montmorency;95
mairie.petites-loges@laposte.net;Centre communal d'action sociale (CCAS) - Les Petites-Loges;51
affaires-sociales@saintcloud.fr;Centre communal d'action sociale (CCAS) - Saint-Cloud;92
contact@sermaise.fr;Centre communal d'action sociale (CCAS) - Sermaise;91
service-social@ville-bondoufle.fr;Centre communal d'action sociale (CCAS) - Bondoufle;91
mairie@gandrange.fr;Centre communal d'action sociale (CCAS) - Gandrange;57
centre-social@mairie-gisors.fr;Centre communal d'action sociale (CCAS) - Gisors;27
mairie@ville-arques.fr;Centre communal d'action sociale (CCAS) - Arques;62
contact@burbure.fr;Centre communal d'action sociale (CCAS) - Burbure;62
communesaonnet@wanadoo.fr;Centre communal d'action sociale (CCAS) - Saonnet;14
mairiepouxeux@orange.fr;Centre communal d'action sociale (CCAS) - Pouxeux;88
mairie@neuilly-crimolois.fr;Centre communal d'action sociale (CCAS) - Crimolois;21
virginie.clement@ccas-nogentlerotrou.fr;Centre communal d'action sociale (CCAS) - Nogent-Le-Rotrou;28
accueil@forgesleseaux.fr;Centre communal d'action sociale (CCAS) - Forges-les-Eaux;76
mairie@sauzon.fr;Centre communal d'action sociale (CCAS) - Sauzon;56
mairie@concoules.fr;Centre communal d'action sociale (CCAS) - Concoules;30
mairie.peyret-saint-andre@wanadoo.fr;Centre communal d'action sociale (CCAS) - Peyret-Saint-André;65
ccas@malaucene.fr;Centre communal d'action sociale (CCAS) - Malaucène;84
contact@mairie-hegeney.fr;Centre communal d'action sociale (CCAS) - Hegeney;67
accueil.ccas@la-tremblade.com;Centre communal d'action sociale (CCAS) - La Tremblade;17
mairie.vesly@wanadoo.fr;Centre communal d'action sociale (CCAS) - Vesly Manche;50
mairie@labalmedesillingy.fr;Centre communal d'action sociale (CCAS) - La Balme-de-Sillingy;74
ccas@villedegourin.fr;Centre communal d'action sociale (CCAS) - Gourin;56
mairie.neaufles@yahoo.fr;Centre communal d'action sociale (CCAS) - Neaufles-Saint-Martin;27
ccasmt@orange.fr;Centre communal d'action sociale (CCAS) - Montsinéry-Tonnegrande;973
commune-de-cezan@orange.fr;Centre communal d'action sociale (CCAS) - Cézan;32
mairie.cuvillers@wanadoo.fr;Centre communal d'action sociale (CCAS) - Cuvillers;59
ccas@steenwerck.fr;Centre communal d'action sociale (CCAS) - Steenwerck;59
mairie.adaincourt@wanadoo.fr;Centre communal d'action sociale (CCAS) - Adaincourt;57
secretariat.hardricourt@orange.fr;Centre communal d'action sociale (CCAS) - Hardricourt;78
contact@ccas-antibes.fr;Centre communal d'action sociale (CCAS) - Antibes;06
ccas@dolusoleron.fr;Centre communal d'action sociale (CCAS) - Dolus-d'Oléron;17
mairie@seebach.alsace;Centre communal d'action sociale (CCAS) - Seebach;67
mairie@valmondois.fr;Centre communal d'action sociale (CCAS) - Valmondois;95
saint.sulpice.mairie@wanadoo.fr;Centre communal d'action sociale (CCAS) - Saint-Sulpice-de-Pommeray;41
ccas@jausiers.fr;Centre communal d'action sociale (CCAS) - Jausiers;04
solidarites@mairie-pontsaintmartin.fr;Centre communal d'action sociale (CCAS) - Pont-Saint-Martin;44
ccas@monflanquin.fr;Centre communal d'action sociale (CCAS) - Monflanquin;47
accueilmairie@saintchaffrey.fr;Centre communal d'action sociale (CCAS) - Saint-Chaffrey;05
accueilccas@ville-estaires.fr;Centre communal d'action sociale (CCAS) - Estaires;59
sg@ville-srlp.fr;Centre communal d'action sociale (CCAS) - Saint-Romain-le-Puy;42
mairieverreaux@wanadoo.fr;Centre communal d'action sociale (CCAS) - Vereaux;18
ccas@vinay.fr;Centre communal d'action sociale (CCAS) - Vinay;38
mairie@saint-broladre.bzh;Centre communal d'action sociale (CCAS) - Saint-Broladre;35
mairie@meylan.fr;Centre communal d'action sociale (CCAS) - Meylan;38
mairie@croissy-beaubourg.fr;Centre communal d'action sociale (CCAS) - Croissy-Beaubourg;77
ccas@ville-eu.fr;Centre communal d'action sociale (CCAS) - Eu;76
ccas@airvault.fr;Centre communal d'action sociale (CCAS) - Airvault;79
contact@mairiecastelnau.fr;Centre communal d'action sociale (CCAS) - Castelnau-d'Estrétefonds;31
contact@limas.fr;Centre communal d'action sociale (CCAS) - Limas;69
mairie@visseiche.fr;Centre communal d'action sociale (CCAS) - Visseiche;35
service.social@saint-genis-pouilly.fr;Centre communal d'action sociale (CCAS) - Saint-Genis-Pouilly;01
mairie-de-baigneaux@orange.fr;Centre communal d'action sociale (CCAS) - Baigneaux;28
mairie.febvinpalfart@orange.fr;Centre communal d'action sociale (CCAS) - Febvin-Palfart;62
mairie@pleumeur-bodou.fr;Centre communal d'action sociale (CCAS) - Pleumeur-Bodou;22
mairiebauxsaintecroix@wanadoo.fr;Centre communal d'action sociale (CCAS) - Les Baux-Sainte-Croix;27
ccas@gorges44.fr;Centre communal d'action sociale (CCAS) - Gorges;44
mairie.seix@orange.fr;Centre communal d'action sociale (CCAS) - Seix;09
mairie@valserhone.fr;Centre communal d'action sociale (CCAS) - Valserhône;01
mairie.moulinsuryevre@wanadoo.fr;Centre communal d'action sociale (CCAS) - Moulins-sur-Yèvre;18
st.michel.en.thierache@wanadoo.fr;Centre communal d'action sociale (CCAS) - Saint-Michel Aisne;02
commune-cavronstmartin@wanadoo.fr;Centre communal d'action sociale (CCAS) - Cavron-Saint-Martin;62
bailleau.leveque@wanadoo.fr;Centre communal d'action sociale (CCAS) - Bailleau-l'Évêque;28
aideadomicile@ville-gentilly.fr;Centre communal d'action sociale (CCAS) - Gentilly;94
mairie.menetruxenjoux@wanadoo.fr;Centre communal d'action sociale (CCAS) - Menétrux-en-Joux;39
accueil@ners.fr;Centre communal d'action sociale (CCAS) - Ners;30
dgs@fouquieres.fr;Centre communal d'action sociale (CCAS) - Fouquières-lès-Lens;62
mairie-de-arblade-le-bas@wanadoo.fr;Centre communal d'action sociale (CCAS) - Arblade-le-Bas;32
sceauxinfomairie@sceaux.fr;Centre communal d'action sociale (CCAS) - Sceaux;92
contact@mairie-cintegabelle.fr;Centre communal d'action sociale (CCAS) - Cintegabelle;31
mairie.etreaupont@wanadoo.fr;Centre communal d'action sociale (CCAS) - Étréaupont;02
mairie-de-brando@wanadoo.fr;Centre communal d'action sociale (CCAS) - Brando;2B
contact@mairie-benouville.fr;Centre communal d'action sociale (CCAS) - Bénouville;14
accueilccas@villedegarges.com;Centre communal d'action sociale (CCAS) - Garges-lès-Gonesse;95
contact.mairie@tremblaylesvillages.com;Centre communal d'action sociale (CCAS) - Tremblay-les-Villages;28
mairie.many@wanadoo.fr;Centre communal d'action sociale (CCAS) - Many;57
ccas@choisyleroi.fr;Centre communal d'action sociale (CCAS) - Choisy-le-Roi;94
contact@mairienoveant.fr;Centre communal d'action sociale (CCAS) - Novéant-sur-Moselle;57
ccas.ploumilliau@wanadoo.fr;Centre communal d'action sociale (CCAS) - Ploumilliau;22
mairie@bassens-savoie.fr;Centre communal d'action sociale (CCAS) - Bassens Savoie;73
mairiedevilleneuvelescusen@wanadoo.fr;Centre communal d'action sociale (CCAS) - Villeneuve-lès-Bouloc;31
mairie@rilly-la-montagne.fr;Centre communal d'action sociale (CCAS) - Rilly-la-Montagne;51
mairie-montezic@wanadoo.fr;Centre communal d'action sociale (CCAS) - Montézic;12
mairie@saintjustmalmont.fr;Centre communal d'action sociale (CCAS) - Saint-Just-Malmont;43
mairieguemene.surscorff@wanadoo.fr;Centre communal d'action sociale (CCAS) - Guémené-sur-Scorff;56
mairiedelorleau27@orange.fr;Centre communal d'action sociale (CCAS) - Lorleau;27
accueil@locunole.fr;Centre communal d'action sociale (CCAS) - Locunolé;29
mairie.bourrouillan@orange.fr;Centre communal d'action sociale (CCAS) - Bourrouillan;32
mairie@ville-mignieres.fr;Centre communal d'action sociale (CCAS) - Mignières;28
mairie.sirac@wanadoo.fr;Centre communal d'action sociale (CCAS) - Sirac;32
mairie@castine-en-plaine.fr;Centre communal d'action sociale (CCAS) - Castine-en-Plaine;14
ccas@muntzenheim.fr;Centre communal d'action sociale (CCAS) - Muntzenheim;68
mairie@luz.org;Centre communal d'action sociale (CCAS) - Luz-Saint-Sauveur;65
ccas@commune-fitz-james.fr;Centre communal d'action sociale (CCAS) - Fitz-James;60
commune-de-cier-de-riviere@wanadoo.fr;Centre communal d'action sociale (CCAS) - Cier-de-Rivière;31
mairie.clevilliers28@gmail.com;Centre communal d'action sociale (CCAS) - Clévilliers;28
accueil@limerzel.fr;Centre communal d'action sociale (CCAS) - Limerzel;56
ccas.3@cogolin.fr;Centre communal d'action sociale (CCAS) - Cogolin;83
mairieflineslezmortagne@wanadoo.fr;Centre communal d'action sociale (CCAS) - Flines-lès-Mortagne;59
ccas@ville-courtry.fr;Centre communal d'action sociale (CCAS) - Courtry;77
mairie.montboucher@montboucher26.fr;Centre communal d'action sociale (CCAS) - Montboucher-sur-Jabron;26
accueil.mairie@bletterans.fr;Centre communal d'action sociale (CCAS) - Bletterans;39
cias@ccgvm.com;Centre communal d'action sociale (CCAS) - Aÿ-Champagne;51
fougerolles@wanadoo.fr;Centre communal d'action sociale (CCAS) - Fougerolles-Saint-Valbert;70
mairie.ore@orange.fr;Centre communal d'action sociale (CCAS) - Ore;31
info@mairie-louveciennes.fr;Centre communal d'action sociale (CCAS) - Louveciennes;78
v.moreau@ville-fenain.fr;Centre communal d'action sociale (CCAS) - Fenain;59
mairie@mairie-stpierredalbigny.fr;Centre communal d'action sociale (CCAS) - Saint-Pierre-d'Albigny;73
communeestreelles@wanadoo.fr;Centre communal d'action sociale (CCAS) - Estréelles;62
ccas@indre44.fr;Centre communal d'action sociale (CCAS) - Indre;44
contact@charly-sur-marne.fr;Centre communal d'action sociale (CCAS) - Charly-sur-Marne;02
mairie@commune-loyettes.fr;Centre communal d'action sociale (CCAS) - Loyettes;01
auzelles.mairie@orange.fr;Centre communal d'action sociale (CCAS) - Auzelles;63
mairie.chennegy@wanadoo.fr;Centre communal d'action sociale (CCAS) - Chennegy;10
mairie.de-pessoulens@wanadoo.fr;Centre communal d'action sociale (CCAS) - Pessoulens;32
commune-neuville-en-verdunois@orange.fr;Centre communal d'action sociale (CCAS) - Neuville-en-Verdunois;55
ccas@mairie-villerupt.fr;Centre communal d'action sociale (CCAS) - Villerupt;54
mairie@le-landreau.fr;Centre communal d'action sociale (CCAS) - Le Landreau;44
ccas-gray@ville-gray.fr;Centre communal d'action sociale (CCAS) - Gray;70
contact@ploumoguer.bzh;Centre communal d'action sociale (CCAS) - Ploumoguer;29
mairie@mairiecazoulslesbeziers.fr;Centre communal d'action sociale (CCAS) - Cazouls-lès-Béziers;34
mairie@orbey.fr;Centre communal d'action sociale (CCAS) - Orbey;68
ccas@villedetavaux.fr;Centre communal d'action sociale (CCAS) - Tavaux;39
mairie.de.richeville@wanadoo.fr;Centre communal d'action sociale (CCAS) - Richeville;27
ccas@jouylemoutier.fr;Centre communal d'action sociale (CCAS) - Jouy-le-Moutier;95
ccas@vauxsurseine.fr;Centre communal d'action sociale (CCAS) - Vaux-sur-Seine;78
ccas@mairie-saintdenisdepile.fr;Centre communal d'action sociale (CCAS) - Saint-Denis-de-Pile;33
population@ville-ernee.fr;Centre communal d'action sociale (CCAS) - Ernee;53
mairie@ville-montgermont.fr;Centre communal d'action sociale (CCAS) - Montgermont;35
mairie.doue@orange.fr;Centre communal d'action sociale (CCAS) - Doue;77
mairie.lahitte@wanadoo.fr;Centre communal d'action sociale (CCAS) - Lahitte;32
ccas@cormellesleroyal.fr;Centre communal d'action sociale (CCAS) - Cormelles-le-Royal;14
mairie@puceul.fr;Centre communal d'action sociale (CCAS) - Puceul;44
cias@grand-langres.fr;Centre communal d'action sociale (CCAS) - Langres;52
ville-de-fraize@wanadoo.fr;Centre communal d'action sociale (CCAS) - Fraize;88
villageslacpaladru@orange.fr;Centre communal d'action sociale (CCAS) - Villages du Lac de Paladru;38
ccas@mairiesaintvictoret.fr;Centre communal d'action sociale (CCAS) - Saint-Victoret;13
contact@saint-dionisy.fr;Centre communal d'action sociale (CCAS) - Saint-Dionisy;30
veron@wanadoo.fr;Centre communal d'action sociale (CCAS) - Véron;89
mairie-remoncourt@wanadoo.fr;Centre communal d'action sociale (CCAS) - Remoncourt Vosges;88
marie.la.meurdraquiere@wanadoo.fr;Centre communal d'action sociale (CCAS) - La Meurdraquière;50
communecastelveilh@orange.fr;Centre communal d'action sociale (CCAS) - Castelvieilh;65
mairie@givenchy-en-gohelle.fr;Centre communal d'action sociale (CCAS) - Givenchy-en-Gohelle;62
baren.mairie@hotmail.com;Centre communal d'action sociale (CCAS) - Baren;31
ccas@mondeville.fr;Centre communal d'action sociale (CCAS) - Mondeville;14
mairie.rogny@orange.fr;Centre communal d'action sociale (CCAS) - Rogny;02
mairie.urtiere@orange.fr;Centre communal d'action sociale (CCAS) - Urtière;25
sgdm61@gmail.com;Centre communal d'action sociale (CCAS) - Saint-Germain-de-Martigny;61
contact@mairie-willerwald.fr;Centre communal d'action sociale (CCAS) - Willerwald;57
goussonville.mairie@gmail.com;Centre communal d'action sociale (CCAS) - Goussonville;78
ccas@mairieselo.fr;Centre communal d'action sociale (CCAS) - Saint-Étienne-les-Orgues;04
mairie@valloire.net;Centre communal d'action sociale (CCAS) - Valloire;73
ccas@mairie-ramonville.fr;Centre communal d'action sociale (CCAS) - Ramonville-Saint-Agne;31
mairie.sains-richaumont@wanadoo.fr;Centre communal d'action sociale (CCAS) - Sains-Richaumont;02
ccas@valros.fr;Centre communal d'action sociale (CCAS) - Valros;34
contact@ville-kremlin-bicetre.fr;Centre communal d'action sociale (CCAS) - Le Kremlin-Bicêtre;94
cretsenbelledonne@mairieceb.fr;Centre communal d'action sociale (CCAS) - Crêts en Belledonne;38
secretariat-gy-en-sologne@orange.fr;Centre communal d'action sociale (CCAS) - Gy-en-Sologne;41
villeneuvesaintdenis.mairie@wanadoo.fr;Centre communal d'action sociale (CCAS) - Villeneuve-Saint-Denis;77
ccas@ville-orange.fr;Centre communal d'action sociale (CCAS) - Orange;84
ccas@plaisancedutouch.fr;Centre communal d'action sociale (CCAS) - Plaisance-du-Touch;31
villededomfront@orange.fr;Centre communal d'action sociale (CCAS) - Domfront en Poiraie;61
ccas@ville-pelissanne.fr;Centre communal d'action sociale (CCAS) - Pélissanne;13
mairie@vesseaux.fr;Centre communal d'action sociale (CCAS) - Vesseaux;07
commune.brenelle@orange.fr;Centre communal d'action sociale (CCAS) - Chassemy;02
mairie@pomeys.fr;Centre communal d'action sociale (CCAS) - Pomeys;69
ccas@champagnier.fr;Centre communal d'action sociale (CCAS) - Champagnier;38
mairie-de-courteilles@wanadoo.fr;Centre communal d'action sociale (CCAS) - Courteilles;27
mairie@leshalles69.fr;Centre communal d'action sociale (CCAS) - Les Halles;69
accueil-cias@sud-minervois.com;Centre intercommunal d’action sociale (CIAS) - Ginestas;11
solidarites@mairie-vertou.fr;Centre communal d'action sociale (CCAS) - Vertou;44
mairie-la-chapelle-andaine@wanadoo.fr;Centre communal d'action sociale (CCAS) - Rives d'Andaine;61
social@reignier-esery.com;Centre communal d'action sociale (CCAS) - Reignier-Ésery;74
commune-de-grindorff@wanadoo.fr;Centre communal d'action sociale (CCAS) - Grindorff-Bizing;57
contact.vire@virenormandie.fr;Centre communal d'action sociale (CCAS) - Vire Normandie;14
mairie@killem.fr;Centre communal d'action sociale (CCAS) - Killem;59
contact@ville-ris-orangis.fr;Centre communal d'action sociale (CCAS) - Ris-Orangis;91
mairie@mairie-chatou.fr;Centre communal d'action sociale (CCAS) - Chatou;78
mairie.anglefort@wanadoo.fr;Centre communal d'action sociale (CCAS) - Anglefort;01
ccas@lucenay-les-aix.fr;Centre communal d'action sociale (CCAS) - Lucenay-lès-Aix;58
mairie.senones@wanadoo.fr;Centre communal d'action sociale (CCAS) - Senones;88
contact-mairie@sennecey-les-dijon.fr;Centre communal d'action sociale (CCAS) - Sennecey-lès-Dijon;21
mairie.boudrac@wanadoo.fr;Centre communal d'action sociale (CCAS) - Boudrac;31
ccas@ville-hettange-grande.com;Centre communal d'action sociale (CCAS) - Hettange-Grande;57
armancon@wanadoo.fr;Centre communal d'action sociale (CCAS) - Perrigny-sur-Armançon;89
mairiedemiserey@wanadoo.fr;Centre communal d'action sociale (CCAS) - Miserey-Salines;25
mairie-esquerchin@wanadoo.fr;Centre communal d'action sociale (CCAS) - Esquerchin;59
mairie@parcay-meslay.com;Centre communal d'action sociale (CCAS) - Parçay-Meslay;37
ccas@mairie-stjeandillac.fr;Centre communal d'action sociale (CCAS) - Saint-Jean-D'Illac;33
contact@villesaintflorentsurcher.fr;Centre communal d'action sociale (CCAS) - Saint-Florent-sur-Cher;18
mairie.arrouede@orange.fr;Centre communal d'action sociale (CCAS) - Arrouède;32
contact@villedebassepointe.fr;Centre communal d'action sociale (CCAS) - Basse-Pointe;972
action-sociale@mairie-flineslesraches.com;Centre communal d'action sociale (CCAS) - Flines-lez-Raches;59
ccas@blainville-sur-orne.fr;Centre communal d'action sociale (CCAS) - Blainville-sur-Orne;14
contact@mairie-ingwiller.eu;Centre communal d'action sociale (CCAS) - Ingwiller;67
ccas@senpere64.fr;Centre communal d'action sociale (CCAS) - Saint-Pée-sur-Nivelle;64
ccas@villefranchederouergue.fr;Centre communal d'action sociale (CCAS) - Villefranche-de-Rouergue;12
s.delaveaud@ville-paimpol.fr;Centre communal d'action sociale (CCAS) - Paimpol;22
commune-de-goux@orange.fr;Centre communal d'action sociale (CCAS) - Goux;32
mairie-vieille-brioude2@orange.fr;Centre communal d'action sociale (CCAS) - Vieille-Brioude;43
mairie@chancelade.fr;Centre communal d'action sociale (CCAS) - Chancelade;24
mairie.pressagny.lorgueilleux@wanadoo.fr;Centre communal d'action sociale (CCAS) - Pressagny-l'Orgueilleux;27
mauleon-darmagnac@orange.fr;Centre communal d'action sociale (CCAS) - Mauléon-d'Armagnac;32
contact@cercylatour.fr;Centre communal d'action sociale (CCAS) - Cercy-la-Tour;58
ccas@capdenacgare.fr;Centre communal d'action sociale (CCAS) - Capdenac-Gare;12
ccas@lacanau.fr;Centre communal d'action sociale (CCAS) - Lacanau;33
ccas@pia.fr;Centre communal d'action sociale (CCAS) - Pia;66
mairie@lachapelleduloudulac.fr;Centre communal d'action sociale (CCAS) - La Chapelle du Lou du Lac;35
ccas@eyragues.fr;Centre communal d'action sociale (CCAS) - Eyragues;13
contact@fortdefrance.fr;Centre communal d'action sociale (CCAS) - Fort-de-France;972
santa.lucia.di.talla@wanadoo.fr;Centre communal d'action sociale (CCAS) - Sainte-Lucie-de-Tallano;2A
communication@telgruc-sur-mer.bzh;Centre communal d'action sociale (CCAS) - Telgruc-sur-Mer;29
mairie@neuf-brisach.fr;Centre communal d'action sociale (CCAS) - Neuf-Brisach;68
mairie@beinheim.fr;Centre communal d'action sociale (CCAS) - Beinheim;67
mairie@dioetvalquieres.org;Centre communal d'action sociale (CCAS) - Dio-et-Valquières;34
ccas@saint-nolff.fr;Centre communal d'action sociale (CCAS) - Saint-Nolff;56
contact@ccas-tours.fr;Centre communal d'action sociale (CCAS) - Tours;37
ccasplouezoch@gmail.com;Centre communal d'action sociale (CCAS) - Plouezoc'h;29
ccas@ville-andelys.fr;Centre communal d'action sociale (CCAS) - Les Andelys;27
mairie@saintlegersouscholet.fr;Centre communal d'action sociale (CCAS) - Saint-Léger-sous-Cholet;49
accueil@mairiesetques.fr;Centre communal d'action sociale (CCAS) - Setques;62
ccas@noves.fr;Centre communal d'action sociale (CCAS) - Noves;13
mairiedeguerny@orange.fr;Centre communal d'action sociale (CCAS) - Guerny;27
mairie@ville-luche-pringe.fr;Centre communal d'action sociale (CCAS) - Luché-Pringé;72
ccas@guignes.fr;Centre communal d'action sociale (CCAS) - Guignes;77
mairie.aouze@orange.fr;Centre communal d'action sociale (CCAS) - Aouze;88
mairie@thury-harcourt.fr;Centre communal d'action sociale (CCAS);14
mairie@calvisson.com;Centre communal d'action sociale (CCAS) - Calvisson;30
mairie.cotichiavari@orange.fr;Centre communal d'action sociale (CCAS) - Coti-Chiavari;2A
adjointsg@villages-voveens.fr;Centre communal d'action sociale (CCAS) - Les Villages Vovéens;28
mairie.ohnenheim@numericable.fr;Centre communal d'action sociale (CCAS) - Ohnenheim;67
cabinet@champagne-sur-seine.fr;Centre communal d'action sociale (CCAS) - Champagne-sur-Seine;77
almeneches@wanadoo.fr;Centre communal d'action sociale (CCAS) - Almenêches;61
ccas@ville-roquevaire.fr;Centre communal d'action sociale (CCAS) - Roquevaire;13
ccas@epagnymetztessy.fr;Centre communal d'action sociale (CCAS) - Epagny Metz-Tessy;74
mairie@auvernaux.fr;Centre communal d'action sociale (CCAS) - Auvernaux;91
accueil@lachapelledangillon.fr;Centre communal d'action sociale (CCAS) - La Chapelle-d'Angillon;18
chateauneuf.villevieille@wanadoo.fr;Centre communal d'action sociale (CCAS) - Châteauneuf-Villevieille;06
accueil@letourne.fr;Centre communal d'action sociale (CCAS) - Le Tourne;33
mairie@poilley.bzh;Centre communal d'action sociale (CCAS) - Poilley;35
ccas@ville-crehange.fr;Centre communal d'action sociale (CCAS) - Créhange;57
mairie.vassy@wanadoo.fr;Centre communal d'action sociale (CCAS) - Valdallière;14
mairie@paulhan.fr;Centre communal d'action sociale (CCAS) - Paulhan;34
mairie@sgdlg.fr;Centre communal d'action sociale (CCAS) - Saint-Germain-de-la-Grange;78
mairie.senonnes@wanadoo.fr;Centre communal d'action sociale (CCAS) - Senonnes;53
mairie-de-bethancourt-en-vaux@wanadoo.fr;Centre communal d'action sociale (CCAS) - Béthancourt-en-Vaux;02
ccas@montceaulesmines.fr;Centre communal d'action sociale (CCAS) - Montceau-les-Mines;71
mairie.accueil@messei-normandie.fr;Centre communal d'action sociale (CCAS) - Messei;61
ccas@mairie-cucuron.fr;Centre communal d'action sociale (CCAS) - Cucuron;84
commune-de-bayel@wanadoo.fr;Centre communal d'action sociale (CCAS) - Bayel;10
ccas@ville-lisieux.fr;Centre communal d'action sociale (CCAS) - Lisieux;14
ccas@champcueil.fr;Centre communal d'action sociale (CCAS) - Champcueil;91
mairie@fontenoy-sur-moselle.fr;Centre communal d'action sociale (CCAS) - Fontenoy-sur-Moselle;54
accueil.ccas@vernouillet28.fr;Centre communal d'action sociale (CCAS) - Vernouillet;28
mairiemuncqnieurlet@wanadoo.fr;Centre communal d'action sociale (CCAS) - Muncq-Nieurlet;62
mairiedepanjas@wanadoo.fr;Centre communal d'action sociale (CCAS) - Panjas;32
mairie@ladoix-serrigny.fr;Centre communal d'action sociale (CCAS) - Ladoix-Serrigny;21
ccas@ollioules.fr;Centre communal d'action sociale (CCAS) - Ollioules;83
ccas@mairiedejoyeuse.fr;Centre communal d'action sociale (CCAS) - Joyeuse;07
mairie@toulaud.fr;Centre communal d'action sociale (CCAS) - Toulaud;07
secretariat.blr@wanadoo.fr;Centre communal d'action sociale (CCAS) - Beaumont-Louestault;37
mairie@cruseilles.fr;Centre communal d'action sociale (CCAS) - Cruseilles;74
mairie.soumoulou@orange.fr;Centre communal d'action sociale (CCAS) - Soumoulou;64
mairie@stprivatdesvieux.com;Centre communal d'action sociale (CCAS) - Saint-Privat-des-Vieux;30
ccas@belin-beliet.fr;Centre communal d'action sociale (CCAS) - Belin-Béliet;33
mairie@cerestre.fr;Centre communal d'action sociale (CCAS) - Céreste;04
mairie.saint-pierre32290@wanadoo.fr;Centre communal d'action sociale (CCAS) - Saint-Pierre-d'Aubézies;32
fontaine-simon@wanadoo.fr;Centre communal d'action sociale (CCAS) - Fontaine-Simon;28
contact@regniedurette.com;Centre communal d'action sociale (CCAS) - Régnié-Durette;69
ccas@monetier.com;Centre communal d'action sociale (CCAS) - Le Monêtier-les-Bains;05
peyrollesinfo@mairie-peyrollesenprovence.fr;Centre communal d'action sociale (CCAS) - Peyrolles-en-Provence;13
ccas@mairie-balma.fr;Centre communal d'action sociale (CCAS) - Balma;31
ste.marie.kerque@orange.fr;Centre communal d'action sociale (CCAS) - Sainte-Marie-Kerque;62
mairie.joncherysurvesle@wanadoo.fr;Centre communal d'action sociale (CCAS) - Jonchery-sur-Vesle;51
communefaumont@wanadoo.fr;Centre communal d'action sociale (CCAS) - Faumont;59
ccas@seignosse.fr;Centre communal d'action sociale (CCAS) - Seignosse;40
ccas@cordemais.fr;Centre communal d'action sociale (CCAS) - Cordemais;44
contact@limonest.fr;Centre communal d'action sociale (CCAS) - Limonest;69
mairie@lagardefreinet.fr;Centre communal d'action sociale (CCAS) - La Garde-Freinet;83
mairie.moriers@wanadoo.fr;Centre communal d'action sociale (CCAS) - Moriers;28
mairie@gieres.fr;Centre communal d'action sociale (CCAS) - Gières;38
civraydetouraine@wanadoo.fr;Centre communal d'action sociale (CCAS) - Civray-de-Touraine;37
pae@cias-ouest-rennes.fr;Centre communal d'action sociale (CCAS) - Mordelles;35
mairie@saintmartinenbresse.fr;Centre communal d'action sociale (CCAS) - Saint-Martin-en-Bresse;71
ccas@ruaudin.com;Centre communal d'action sociale (CCAS) - Ruaudin;72
mairie.doudeauville@wanadoo.fr;Centre communal d'action sociale (CCAS) - Doudeauville;62
ccas@mairie-guilers.fr;Centre communal d'action sociale (CCAS) - Guilers;29
mairie@smdsi.fr;Centre communal d'action sociale (CCAS) - Saint-Médard-sur-Ille;35
accueilccas.noeuxlesmines@gmail.com;Centre communal d'action sociale (CCAS) - Nœux-les-Mines;62
mairie.charmeslacote@bbox.fr;Centre communal d'action sociale (CCAS) - Charmes-la-Côte;54
artemps.mairie@orange.fr;Centre communal d'action sociale (CCAS) - Artemps;02
sas.d3@eurelien.fr;Centre communal d'action sociale (CCAS) - Coulombs;28
mairie.hesingue@wanadoo.fr;Centre communal d'action sociale (CCAS) - Hésingue;68
mairie-plestin@wanadoo.fr;Centre communal d'action sociale (CCAS) - Plestin-les-Grèves;22
courrier@mairie-valreas.fr;Centre communal d'action sociale (CCAS) - Valréas;84
mairie-cendras@wanadoo.fr;Centre communal d'action sociale (CCAS) - Cendras;30
social@cias-vendenheim.fr;Centre communal d'action sociale (CCAS) - Lampertheim;67
accueil@mairie-barbazan.fr;Centre communal d'action sociale (CCAS) - Barbazan;31
mairiemonfort@orange.fr;Centre communal d'action sociale (CCAS) - Monfort;32
contact@mairie-vars.fr;Centre communal d'action sociale (CCAS) - Vars;05
contact@ciasla40.fr;Centre Intercommunal d’Action Sociale (CIAS) des Landes d'Armagnac;40
mairie@collongesaumontdor.fr;Centre communal d'action sociale (CCAS) - Collonges-au-Mont-d'Or;69
mairie@osse.fr;Centre communal d'action sociale (CCAS) - Osse;25
mairievaux@wanadoo.fr;Centre communal d'action sociale (CCAS) - Vaux-sur-Eure;27
ccas@mairielebignon.fr;Centre communal d'action sociale (CCAS) - Le Bignon;44
ccas@ville-roquefort-les-pins.fr;Centre communal d'action sociale (CCAS) - Roquefort-les-Pins;06
mairie.arzembouy@wanadoo.fr;Centre communal d'action sociale (CCAS) - Arzembouy;58
c.c.a.s@mairie-corbeil-essonnes.fr;Centre communal d'action sociale (CCAS) - Corbeil-Essonnes;91
mairie.stsulpicedeslandes@wanadoo.fr;Centre communal d'action sociale (CCAS) - Saint-Sulpice-des-Landes;35
commune.bertincourt@wanadoo.fr;Centre communal d'action sociale (CCAS) - Bertincourt;62
contact@mairie-falicon.com;Centre communal d'action sociale (CCAS) - Falicon;06
mairie.sorrus@wanadoo.fr;Centre communal d'action sociale (CCAS) - Sorrus;62
smc.mairie@wanadoo.fr;Centre communal d'action sociale (CCAS) - Saint-Maurice-Colombier;25
ccas@chatel-guyon.fr;Centre communal d'action sociale (CCAS) - Châtel-Guyon;63
mairie@commune-requeil.fr;Centre communal d'action sociale (CCAS) - Requeil;72
ville-potigny@wanadoo.fr;Centre communal d'action sociale (CCAS) - Potigny;14
ccas@mairie-yutz.fr;Centre communal d'action sociale (CCAS) - Yutz;57
mairiestbauzille@wanadoo.fr;Centre communal d'action sociale (CCAS) - Saint-Bauzille-de-la-Sylve Hérault;34
ccasaccueil@mairie-marmande.fr;Centre communal d'action sociale (CCAS) - Marmande;47
mairieguinarthe-parenties@wanadoo.fr;Centre communal d'action sociale (CCAS) - Guinarthe-Parenties;64
ccas@st-jacques.fr;Centre communal d'action sociale (CCAS) - Saint-Jacques-de-la-Lande;35
infos@mairie-ardentes.com;Centre communal d'action sociale (CCAS) - Ardentes;36
mairie@herrlisheim.fr;Centre communal d'action sociale (CCAS) - Herrlisheim;67
contact@stromain76.fr;Centre communal d'action sociale (CCAS) - Saint-Romain-de-Colbosc;76
servicesocial@servon.fr;Centre communal d'action sociale (CCAS) - Servon;77
info@mairie-solaize.fr;Centre communal d'action sociale (CCAS) - Solaize;69
ccas@stmichelchefchef.fr;Centre communal d'action sociale (CCAS) - Saint-Michel-Chef-Chef;44
montagny.mairie@wanadoo.fr;Centre communal d'action sociale (CCAS) - Montagny Loire;42
contact-mairie@frelinghien.fr;Centre communal d'action sociale (CCAS) - Frelinghien;59
accueil@poisy.fr;Centre communal d'action sociale (CCAS) - Poisy;74
mairie@trigance.fr;Centre communal d'action sociale (CCAS) - Trigance;83
mairie@luynes.fr;Centre communal d'action sociale (CCAS) - Luynes;37
mairie@saintbonnetlechateau.fr;Centre communal d'action sociale (CCAS) - Saint-Bonnet-le-Château;42
mairie@ennery.fr;Centre communal d'action sociale (CCAS) - Ennery;95
lachapelle07310@orange.fr;Centre communal d'action sociale (CCAS) - Lachapelle-sous-Chanéac;07
mairie.voncq@wanadoo.fr;Centre communal d'action sociale (CCAS) - Voncq;08
mairie@mairie-guines.fr;Centre communal d'action sociale (CCAS) - Guînes;62
social@gometzlechatel.fr;Centre communal d'action sociale (CCAS) - Gometz-le-Châtel;91
ccas@etaples-sur-mer.net;Centre communal d'action sociale (CCAS) - Étaples;62
mairiedesaintmartindhardinghem@wanadoo.fr;Centre communal d'action sociale (CCAS) - Saint-Martin-d'Hardinghem;62
mairie.epiais-rhus@wanadoo.fr;Centre communal d'action sociale (CCAS) - Épiais-Rhus;95
mairie.lonlay-labbaye@wanadoo.fr;Centre communal d'action sociale (CCAS) - Lonlay-l'Abbaye;61
ccas@ville-gardanne.fr;Centre communal d'action sociale (CCAS) - Gardanne;13
mairiestromainlavirvee@wanadoo.fr;Centre communal d'action sociale (CCAS) - Saint-Romain-la-Virvée;33
contact@mairie-ymare.fr;Centre communal d'action sociale (CCAS) - Ymare;76
accueil@ville-vacqueyras.fr;Centre communal d'action sociale (CCAS) - Vacqueyras;84
mairie.preslesetboves@wanadoo.fr;Centre communal d'action sociale (CCAS) - Presles-et-Boves;02
mairie.encausse@wanadoo.fr;Centre communal d'action sociale (CCAS) - Encausse;32
mairie@valdajol.fr;Centre communal d'action sociale (CCAS) - Le Val-d'Ajol;88
contact@villedebeuvry.fr;Centre communal d'action sociale (CCAS) - Beuvry;62
mairie-hestroff@wanadoo.fr;Centre communal d'action sociale (CCAS) - Hestroff;57
mairie.thoux@wanadoo.fr;Centre communal d'action sociale (CCAS) - Thoux;32
contact@payroux.fr;Centre communal d'action sociale (CCAS) - Payroux;86
courrier@lagaude.fr;Centre communal d'action sociale (CCAS) - La Gaude;06
ccas@mairie-tarascon13.fr;Centre communal d'action sociale (CCAS) - Tarascon;13
mairie@pouillyenauxois.fr;Centre communal d'action sociale (CCAS) - Pouilly-en-Auxois;21
ccas@missillac.fr;Centre communal d'action sociale (CCAS) - Missillac;44
mairie@ville-lhermitage.fr;Centre communal d'action sociale (CCAS) - L'Hermitage;35
secretariat@valdevirieu.fr;Centre communal d'action sociale (CCAS) - Val-de-Virieu;38
cmne-luthenay-uxeloup@orange.fr;Centre communal d'action sociale (CCAS) - Luthenay-Uxeloup;58
accueil@roussillon-en-provence.fr;Centre communal d'action sociale (CCAS) - Roussillon Vaucluse;84
communelupcourt@orange.fr;Centre communal d'action sociale (CCAS) - Lupcourt;54
contact@bourganeuf.fr;Centre communal d'action sociale (CCAS) - Bourganeuf;23
accueil@mairie-salses.fr;Centre communal d'action sociale (CCAS) - Salses-le-Château;66
mairie-marolles@wanadoo.fr;Centre communal d'action sociale (CCAS) - Marolles-sous-Lignières;10
mairie-fontenoy@orange.fr;Centre communal d'action sociale (CCAS) - Fontenoy;89
accueil.mairie@azaylerideau.fr;Centre communal d'action sociale (CCAS) - Azay-le-Rideau;37
mairiesaintremy2@wanadoo.fr;Centre communal d'action sociale (CCAS) - Saint-Rémy-sur-Avre;28
mairie@sayat.fr;Centre communal d'action sociale (CCAS) - Sayat;63
secretariat@mairie-carcans.fr;Centre communal d'action sociale (CCAS) - Carcans;33
mairie@rang-du-fliers.com;Centre communal d'action sociale (CCAS) - Rang-du-Fliers;62
mairie@ville-rinxent.fr;Centre communal d'action sociale (CCAS) - Rinxent;62
mairie@montrottier.fr;Centre communal d'action sociale (CCAS) - Montrottier;69
mairie@reuilly.fr;Centre communal d'action sociale (CCAS) - Reuilly;36
mairie.mailly-le-camp@wanadoo.fr;Centre communal d'action sociale (CCAS) - Mailly-le-Camp;10
mairie.sauve@wanadoo.fr;Centre communal d'action sociale (CCAS) - Sauve;30
mairie.leboulin@orange.fr;Centre communal d'action sociale (CCAS) - Leboulin;32
contact@angles-sur-langlin.fr;Centre communal d'action sociale (CCAS) - Angles-sur-l'Anglin;86
commune.de.conflans@wanadoo.fr;Centre communal d'action sociale (CCAS) - Conflans-en-Jarnisy;54
mairie@ville-trouy.fr;Centre communal d'action sociale (CCAS) - Trouy;18
courrier@mairie-pauillac.fr;Centre communal d'action sociale (CCAS) - Pauillac;33
accueil@villedieu-sur-indre.fr;Centre communal d'action sociale (CCAS) - Villedieu-sur-Indre;36
la.mairie@ville-lariche.fr;Centre communal d'action sociale (CCAS) - La Riche;37
mairie.mathieu@wanadoo.fr;Centre communal d'action sociale (CCAS) - Mathieu;14
mairie@pierrefitte-nestalas.fr;Centre communal d'action sociale (CCAS) - Pierrefitte-Nestalas;65
mairie.mandres.sur.vair@orange.fr;Centre communal d'action sociale (CCAS) - Mandres-sur-Vair;88
mairie.montadet@gmail.com;Centre communal d'action sociale (CCAS) - Montadet;32
lemaire@fontenay-aux-roses.fr;Centre communal d'action sociale (CCAS) - Fontenay-aux-Roses;92
maire@villedebreil.fr;Centre communal d'action sociale (CCAS) - Breil-sur-Roya;06
contact@la-merlatiere.fr;Centre communal d'action sociale (CCAS) - La Merlatière;85
mairie@brassac.fr;Centre communal d'action sociale (CCAS) - Brassac;81
ccas.clamecy@wanadoo.fr;Centre communal d'action sociale (CCAS) - Clamecy;58
mairie.biguglia@wanadoo.fr;Centre communal d'action sociale (CCAS) - Biguglia;2B
administratif@saintgeorgesdesperanche.fr;Centre communal d'action sociale (CCAS) - Saint-Ismier;38
mairie.dornas@orange.fr;Centre communal d'action sociale (CCAS) - Dornas;07
mairie@chambostallieres.fr;Centre communal d'action sociale (CCAS) - Chambost-Allières;69
accueil@mairieperon.fr;Centre communal d'action sociale (CCAS) - Péron;01
mairie@ville-change.fr;Centre communal d'action sociale (CCAS) - Changé Sarthe;72
mairie-daux@orange.fr;Centre communal d'action sociale (CCAS) - Daux;31
commune@vandieres54.fr;Centre communal d'action sociale (CCAS) - Vandières;54
communication@feucherolles.fr;Centre communal d'action sociale (CCAS) - Feucherolles;78
mairiestdenisdesmonts@wanadoo.fr;Centre communal d'action sociale (CCAS) - Saint-Denis-des-Monts;27
mairie@gencay.fr;Centre communal d'action sociale (CCAS) - Gençay;86
mairie.manas-bastanous@orange.fr;Centre communal d'action sociale (CCAS) - Manas-Bastanous;32
mairie@st-maurice.fr;Centre communal d'action sociale (CCAS) - Saint-Maurice-lès-Châteauneuf;71
ccas@colombiersaugnieu.fr;Centre communal d'action sociale (CCAS) - Colombier-Saugnieu;69
mairie@mairie-langrune.fr;Centre communal d'action sociale (CCAS) - Langrune-sur-Mer;14
mairie@plouguin.fr;Centre communal d'action sociale (CCAS) - Plouguin;29
mairie@uxegney.fr;Centre communal d'action sociale (CCAS) - Uxegney;88
mairienebian@gmail.com;Centre communal d'action sociale (CCAS) - Nébian;34
mairie.dieffenbach.les.woerth@wanadoo.fr;Centre communal d'action sociale (CCAS) - Dieffenbach-lès-Wœrth;67
mairiedebarran@wanadoo.fr;Centre communal d'action sociale (CCAS) - Barran;32
mairie@magny-en-vexin.fr;Centre communal d'action sociale (CCAS) - Magny-en-Vexin;95
mairie@taluyers.com;Centre communal d'action sociale (CCAS) - Taluyers;69
mairie.stpierredesfleurs@wanadoo.fr;Centre communal d'action sociale (CCAS) - Saint-Pierre-des-Fleurs;27
mairie.qv@wanadoo.fr;Centre communal d'action sociale (CCAS) - Quincy-Voisins;77
mairie@lasellelaforge.fr;Centre communal d'action sociale (CCAS) - La Selle-la-Forge;61
ccas@sully45.com;Centre communal d'action sociale (CCAS) - Sully-sur-Loire;45
mairie-de-st-leger-pres-troyes@wanadoo.fr;Centre communal d'action sociale (CCAS) - Saint-Léger-près-Troyes;10
mairieblemerey@orange.fr;Centre communal d'action sociale (CCAS) - Blémerey;54
saint.antonin.mairie@orange.fr;Centre communal d'action sociale (CCAS) - Saint-Antonin-du-Var;83
chauriat.sec.mairie@wanadoo.fr;Centre communal d'action sociale (CCAS) - Chauriat;63
mairie-miramontlatour@wanadoo.fr;Centre communal d'action sociale (CCAS) - Miramont-Latour;32
contact.accueil@malissard.fr;Centre communal d'action sociale (CCAS) - Malissard;26
mairie@mairie-palaja.fr;Centre communal d'action sociale (CCAS) - Palaja;11
mairie.calonne-sur-la-lys@orange.fr;Centre communal d'action sociale (CCAS) - Calonne-sur-la-Lys;62
accueil.ccas@neuillysurmarne.fr;Centre communal d'action sociale (CCAS) - Neuilly-sur-Marne;93
information@ville-montreuil-bellay.fr;Centre communal d'action sociale (CCAS) - Montreuil-Bellay;49
mairiechateleaudren@wanadoo.fr;Centre communal d'action sociale (CCAS) - Châtelaudren-Plouagat;22
mairie@saint-jean-de-muzols.fr;Centre communal d'action sociale (CCAS) - Saint-Jean-de-Muzols;07
accueil@mairie-du-paradou.fr;Centre communal d'action sociale (CCAS) - Paradou;13
ccas@mairie-villerscotterets.fr;Centre communal d'action sociale (CCAS) - Villers-Cotterêts;02
mairiesadeillan@orange.fr;Centre communal d'action sociale (CCAS) - Sadeillan;32
accueil@altorf.fr;Centre communal d'action sociale (CCAS) - Altorf;67
mairie-precy@wanadoo.fr;Centre communal d'action sociale (CCAS) - Précy-sous-Thil;21
mairie@mairie.cranves-sales.fr;Centre communal d'action sociale (CCAS) - Cranves-Sales;74
mairie.mont.65@orange.fr;Centre communal d'action sociale (CCAS) - Mont;65
mairie.blandainville@wanadoo.fr;Centre communal d'action sociale (CCAS) - Blandainville;28
contact@mattaincourt.fr;Centre communal d'action sociale (CCAS) - Mattaincourt;88
mairie.farceaux@orange.fr;Centre communal d'action sociale (CCAS) - Farceaux;27
mairie@mairiederurange.fr;Centre communal d'action sociale (CCAS) - Rurange-lès-Thionville;57
adjoint.ccas@claira.fr;Centre communal d'action sociale (CCAS) - Claira;66
mairie.burthecourtauxchenes@orange.fr;Centre communal d'action sociale (CCAS) - Burthecourt-aux-Chênes;54
ccas.accueil@cercoux.fr;Centre communal d'action sociale (CCAS) - Cercoux;17
lerelais@talant.fr;Centre communal d'action sociale (CCAS) - Talant;21
druelle.mairie@wanadoo.fr;Centre communal d'action sociale (CCAS) - Druelle Balsac;12
mimet.mairie@gmail.com;Centre communal d'action sociale (CCAS) - Mimet;13
mairie@frevincapelle.fr;Centre communal d'action sociale (CCAS) - Frévin-Capelle;62
contact@landrethun-lez-ardres.fr;Centre communal d'action sociale (CCAS) - Landrethun-lès-Ardres;62
accueil@salbris.fr;Centre communal d'action sociale (CCAS) - Salbris;41
mairie@mairie-argonay.fr;Centre communal d'action sociale (CCAS) - Argonay;74
affairessociales@camors.fr;Centre communal d'action sociale (CCAS) - Camors;56
pascale.mossot@ville-lhay94.fr;Centre communal d'action sociale (CCAS) - Thyez;74
mairie-mansonville@info82.com;Centre communal d'action sociale (CCAS) - Mansonville;82
ccas@verrieres-anjou.fr;Centre communal d'action sociale (CCAS) - Verrières-en-Anjou;49
mairieplesder@wanadoo.fr;Centre communal d'action sociale (CCAS) - Plesder;35
mairie.laferteenouche@orange.fr;Centre communal d'action sociale (CCAS) - La Ferté-en-Ouche;61
courrier@bieville-beuville.fr;Centre communal d'action sociale (CCAS) - Biéville-Beuville;14
douchy.mairie@wanadoo.fr;Centre communal d'action sociale (CCAS) - Douchy-Montcorbon;45
contact@collioure.fr;Centre communal d'action sociale (CCAS) - Collioure;66
actionsociale@baumelesdames.org;Centre communal d'action sociale (CCAS) - Baume-les-Dames;25
mairie@panissieres.fr;Centre communal d'action sociale (CCAS) - Panissières;42
contact@lormes.fr;Centre communal d'action sociale (CCAS) - Lormes;58
contact@fontaines-sur-saone.fr;Centre communal d'action sociale (CCAS) - Fontaines-sur-Saône;69
mairie-de-soulge-sur-ouette@wanadoo.fr;Centre communal d'action sociale (CCAS) - Soulgé-sur-Ouette;53
accueil@mairie-ardres.fr;Centre communal d'action sociale (CCAS) - Ardres;62
mairie.polaincourt@polaincourt.fr;Centre communal d'action sociale (CCAS) - Polaincourt-et-Clairefontaine;70
sariac-magnoac.mairie@wanadoo.fr;Centre communal d'action sociale (CCAS) - Sariac-Magnoac;65
mairie@molliensdreuil.fr;Centre communal d'action sociale (CCAS) - Molliens-Dreuil;80
ccas@donville.fr;Centre communal d'action sociale (CCAS) - Donville-les-Bains;50
mairie.legrostheil@wanadoo.fr;Centre communal d'action sociale (CCAS) - Le Bosc du Theil;27
mairie@lucsurmer.fr;Centre communal d'action sociale (CCAS) - Luc-sur-Mer;14
mairie.manent.montane@orange.fr;Centre communal d'action sociale (CCAS) - Manent-Montané;32
mairie@sillery.fr;Centre communal d'action sociale (CCAS) - Sillery;51
mairie@saintetiennedesoullieres.fr;Centre communal d'action sociale (CCAS) - Saint-Étienne-des-Oullières;69
contact@champrond-en-gatine.org;Centre communal d'action sociale (CCAS) - Champrond-en-Gâtine;28
mairie@mairie-thurins.fr;Centre communal d'action sociale (CCAS) - Thurins;69
mairienielleslescalais@orange.fr;Centre communal d'action sociale (CCAS) - Nielles-lès-Calais;62
mairie-signy-l.abbaye@wanadoo.fr;Centre communal d'action sociale (CCAS) - Signy-l'Abbaye;08
mairie.congis@wanadoo.fr;Centre communal d'action sociale (CCAS) - Congis-sur-Thérouanne;77
ccas@tyrosseville.com;Centre communal d'action sociale (CCAS) - Saint-Vincent-de-Tyrosse;40
ccassaintfortunat@outlook.fr;Centre communal d'action sociale (CCAS) - Saint-Fortunat-sur-Eyrieux;07
mairie.plenisette@wanadoo.fr;Centre communal d'action sociale (CCAS) - Plénisette;39
mairie.saint.pern@orange.fr;Centre communal d'action sociale (CCAS) - Saint-Pern;35
mairie-bonnebosq@wanadoo.fr;Centre communal d'action sociale (CCAS) - Bonnebosq;14
mairie@valravillon.fr;Centre communal d'action sociale (CCAS) - Valravillon;89
ccas@hermanville-sur-mer.fr;Centre communal d'action sociale (CCAS) - Hermanville-sur-Mer;14
accueil@www.lespignan.fr;Centre communal d'action sociale (CCAS) - Lespignan;34
mairie.bennecourt@gmail.com;Centre communal d'action sociale (CCAS) - Bennecourt;78
campagne.les.hesdin@wanadoo.fr;Centre communal d'action sociale (CCAS) - Campagne-lès-Hesdin;62
mairie-casterets@wanadoo.fr;Centre communal d'action sociale (CCAS) - Casterets;65
ccas@ville-baziege.fr;Centre communal d'action sociale (CCAS) - Baziège;31
mairiechampfleur@mairie-champfleur.fr;Centre communal d'action sociale (CCAS) - Champfleur;72
mairie@beaufort-orbagna.fr;Centre communal d'action sociale (CCAS) - Beaufort-Orbagna;39
ccas@vernsurseiche.fr;Centre communal d'action sociale (CCAS) - Vern-sur-Seiche;35
mairie@mairie-villaines-la-juhel.fr;Centre communal d'action sociale (CCAS) - Villaines-la-Juhel;53
communenonancourt@wanadoo.fr;Centre communal d'action sociale (CCAS) - Nonancourt;27
mairie-st-pierre-du-bosguerard@wanadoo.fr;Centre communal d'action sociale (CCAS) - Saint-Pierre-du-Bosguérard;27
ayguetinte.mairie@orange.fr;Centre communal d'action sociale (CCAS) - Ayguetinte;32
ccas@lesangles30.fr;Centre communal d'action sociale (CCAS) - Les Angles;30
mairie@limoux.fr;Centre communal d'action sociale (CCAS) - Limoux;11
mairie@saintaubinsurmer76.fr;Centre communal d'action sociale (CCAS) - Saint-Aubin-sur-Mer Seine-Maritime;76
secretariat1@chemire-le-gaudin.fr;Centre communal d'action sociale (CCAS) - Chemire-Le-Gaudin;72
mairie.velesmes@wanadoo.fr;Centre communal d'action sociale (CCAS) - Velesmes-Essarts;25
mairie@soultz68.fr;Centre communal d'action sociale (CCAS) - Soultz-Haut-Rhin;68
mairie@eichhoffen.fr;Centre communal d'action sociale (CCAS) - Eichhoffen;67
mairie.authonduperche@wanadoo.fr;Centre communal d'action sociale (CCAS) - Authon-du-Perche;28
ccas@ville-tullins.fr;Centre communal d'action sociale (CCAS) - Tullins;38
miremont.ccas@orange.fr;Centre communal d'action sociale (CCAS) - Miremont;31
mairie.sallesdugardon@wanadoo.fr;Centre communal d'action sociale (CCAS) - Les Salles-du-Gardon;30
mairie@tuffalun.fr;Centre communal d'action sociale (CCAS) - Tuffalun;49
mairie@lachevallerais.fr;Centre communal d'action sociale (CCAS) - La Chevallerais;44
communedebellefond@orange.fr;Centre communal d'action sociale (CCAS) - Bellefond;33
ccas@molsheim.fr;Centre communal d'action sociale (CCAS) - Molsheim;67
mairie@roche-lez-beaupre.fr;Centre communal d'action sociale (CCAS) - Roche-lez-Beaupré;25
secretariat@mairie-foix.fr;Centre communal d'action sociale (CCAS) - Foix;09
social@herblay.fr;Centre communal d'action sociale (CCAS) - Herblay;95
mairie@doncourtlesconflans.fr;Centre communal d'action sociale (CCAS) - Doncourt-lès-Conflans;54
contact@mairie-ida.com;Centre communal d'action sociale (CCAS) - L'Isle-d'Abeau;38
mairie-vacquieres@wanadoo.fr;Centre communal d'action sociale (CCAS) - Vacquières;34
mairie@villesgl.fr;Centre communal d'action sociale (CCAS) - Saint-Genest-Lerpt;42
mairie@mairiecastagniers.fr;Centre communal d'action sociale (CCAS) - Castagniers;06
mairie.cleden-cap-sizun@wanadoo.fr;Centre communal d'action sociale (CCAS) - Cléden-Cap-Sizun;29
mairie.octon@orange.fr;Centre communal d'action sociale (CCAS) - Octon;34
ccas.direction@ville.laon.fr;Centre communal d'action sociale (CCAS) - Athies-sous-Laon;02
ccas@ville-perols.fr;Centre communal d'action sociale (CCAS) - Pérols;34
aux.aussat@wanadoo.fr;Centre communal d'action sociale (CCAS) - Aux-Aussat;32
mairiedefornex@wanadoo.fr;Centre communal d'action sociale (CCAS) - Fornex;09
mairie.coucy.le.chateau@gmail.com;Centre communal d'action sociale (CCAS) - Coucy-le-Château-Auffrique;02
ccas@ville-claix.fr;Centre communal d'action sociale (CCAS) - Claix;38
direction@juvignylesvallees.fr;Centre communal d'action sociale (CCAS) - Juvigny les Vallées;50
mairie.verfeil31@wanadoo.fr;Centre communal d'action sociale (CCAS) - Verfeil;31
actionsociale@neoules.fr;Centre communal d'action sociale (CCAS) - Néoules;83
mairie@criel-sur-mer.fr;Centre communal d'action sociale (CCAS) - Criel-sur-Mer;76
service.logement@mairie-lognes.fr;Centre communal d'action sociale (CCAS) - Lognes;77
ccas@mairie-lesmees.fr;Centre communal d'action sociale (CCAS) - Les Mées;04
accueil@mairie-opio.fr;Centre communal d'action sociale (CCAS) - Opio;06
ccas@pleurtuit.com;Centre communal d'action sociale (CCAS) - Pleurtuit;35
ccas@montdemarsan.fr;Centre communal d'action sociale (CCAS) - Mont-de-Marsan;40
beaumetzlescambrai@gmail.com;Centre communal d'action sociale (CCAS) - Beaumetz-lès-Cambrai;62
accueil@marignylechatel.fr;Centre communal d'action sociale (CCAS) - Marigny-le-Châtel;10
cantaous.mairie@wanadoo.fr;Centre communal d'action sociale (CCAS) - Cantaous;65
mairie.morannes@wanadoo.fr;Centre communal d'action sociale (CCAS) - Morannes sur Sarthe-Daumeray;49
mairie@talensac.fr;Centre communal d'action sociale (CCAS) - Talensac;35
contact@le-lardin.fr;Centre communal d'action sociale (CCAS) - Le Lardin-Saint-Lazare;24
mairiedecoulommes@orange.fr;Centre communal d'action sociale (CCAS) - Coulommes;77
mairie.durtol@wanadoo.fr;Centre communal d'action sociale (CCAS) - Durtol;63
mairie-fontaines-en-sologne@wanadoo.fr;Centre communal d'action sociale (CCAS) - Fontaines-en-Sologne;41
contact@serres-castet.fr;Centre communal d'action sociale (CCAS) - Serres-Castet;64
mairie@ville-verberie.fr;Centre communal d'action sociale (CCAS) - Verberie;60
mairie@jarzevillages.fr;Centre communal d'action sociale (CCAS) - Jarzé Villages;49
contact@maire-saintebazeille.fr;Centre communal d'action sociale (CCAS) - Sainte-Bazeille;47
mairie.rejaumont32@orange.fr;Centre communal d'action sociale (CCAS) - Réjaumont;32
chaptelat.limousin@wanadoo.fr;Centre communal d'action sociale (CCAS) - Chaptelat;87
saint-seglin.mairie@wanadoo.fr;Centre communal d'action sociale (CCAS) - Saint-Séglin;35
mairiemontdemarrast@wanadoo.fr;Centre communal d'action sociale (CCAS) - Mont-de-Marrast;32
ccas@ville-lecreusot.fr;Centre communal d'action sociale (CCAS) - Le Creusot;71
rs-montignac@cias-vdh.fr;Centre Intercommunal d’Action Sociale Vallée de l’Homme (CIAS) - Montignac-Lascaux;24
sallesdarmagnac.mairie@wanadoo.fr;Centre communal d'action sociale (CCAS) - Salles-d'Armagnac;32
mairie@plelanlepetit.fr;Centre communal d'action sociale (CCAS) - Plélan-le-Petit;22
maiziereslesvic@wanadoo.fr;Centre communal d'action sociale (CCAS) - Maizières-lès-Vic;57
mairie@brain-sur-allonnes.fr;Centre communal d'action sociale (CCAS) - Brain-sur-Allonnes;49
mairie.ploubazlanec@wanadoo.fr;Centre communal d'action sociale (CCAS) - Ploubazlanec;22
contact.mairie@ville-grosmorne.fr;Centre communal d'action sociale (CCAS) - Gros-Morne;972
secretariat-rdlb@smdo35.fr;Centre communal d'action sociale (CCAS) - Saint-Méloir-des-Ondes;35
mairie@ville-echillais.fr;Centre communal d'action sociale (CCAS) - Échillais;17
ccas@longuenee-en-anjou.fr;Centre communal d'action sociale (CCAS) - Longuenée-en-Anjou;49
adamlesvercel@gmail.com;Centre communal d'action sociale (CCAS) - Adam-lès-Vercel;25
mairie@amplepuis.fr;Centre communal d'action sociale (CCAS) - Amplepuis;69
accueil@mairie-ensues.fr;Centre communal d'action sociale (CCAS) - Ensuès-la-Redonne;13
mairiedeladapeyre@laposte.net;Centre communal d'action sociale (CCAS) - Ladapeyre;23
ccas@mairie-rumilly74.fr;Centre communal d'action sociale (CCAS) - Rumilly;74
contact@maroeuil.fr;Centre communal d'action sociale (CCAS) - Marœuil;62
mairie@tende.fr;Centre communal d'action sociale (CCAS) - Tende;06
mairie@menilles.fr;Centre communal d'action sociale (CCAS) - Ménilles;27
mairie.manom@wanadoo.fr;Centre communal d'action sociale (CCAS) - Manom;57
mairie.saintgeorgesencouzan@wanadoo.fr;Centre communal d'action sociale (CCAS) - Saint-Georges-en-Couzan;42
mairie.glenic@wanadoo.fr;Centre communal d'action sociale (CCAS) - Glénic;23
secretariat@mairie-vermelles.fr;Centre communal d'action sociale (CCAS) - Vermelles;62
mairie.obermodern-zutzendorf@wanadoo.fr;Centre communal d'action sociale (CCAS) - Obermodern-Zutzendorf;67
ccasgrigny@mairie-grigny69.fr;Centre communal d'action sociale (CCAS) - Grigny Rhône;69
accueil@mairiefumel.fr;Centre communal d'action sociale (CCAS) - Fumel;47
contact@ccas-sorgues.com;Centre communal d'action sociale (CCAS) - Sorgues;84
contact@congrier.fr;Centre communal d'action sociale (CCAS) - Congrier;53
mairie@rougemont-le-chateau.fr;Centre communal d'action sociale (CCAS) - Rougemont-le-Château;90
urbanisme@ribeauville.fr;Centre communal d'action sociale (CCAS) - Ribeauvillé;68
cm@etival.fr;Centre communal d'action sociale (CCAS) - Étival-Clairefontaine;88
mairie-de-sainte-mere@wanadoo.fr;Centre communal d'action sociale (CCAS) - Sainte-Mère;32
accueil@ladestrousse.fr;Centre communal d'action sociale (CCAS) - La Destrousse;13
mairie@saintetiennedetinee.org;Centre communal d'action sociale (CCAS) - Saint-Étienne-de-Tinée;06
ccas@ville-bon-encontre.fr;Centre communal d'action sociale (CCAS) - Bon-Encontre;47
action-sociale@eaubonne.fr;Centre communal d'action sociale (CCAS) - Eaubonne;95
ccas@saintjeandeluz.fr;Centre communal d'action sociale (CCAS) - Saint-Jean-de-Luz;64
contact@orcieres-mairie.fr;Centre communal d'action sociale (CCAS) - Orcières;05
mairie.einville-au-jard@wanadoo.fr;Centre communal d'action sociale (CCAS) - Einville-au-Jard;54
mairie@villedesaintgobain.fr;Centre communal d'action sociale (CCAS) - Saint-Gobain;02
mairie@torcy71.fr;Centre communal d'action sociale (CCAS) - Torcy Saône-et-loire;71
mairie-lucy-sur-yonne@wanadoo.fr;Centre communal d'action sociale (CCAS) - Lucy-sur-Yonne;89
contact@ccas-saintremydeprovence.fr;Centre communal d'action sociale (CCAS) - Saint-Rémy-de-Provence;13
mairie.vivierslesmontagnes@wanadoo.fr;Centre communal d'action sociale (CCAS) - Viviers-lès-Montagnes;81
mairie@ardoix.fr;Centre communal d'action sociale (CCAS) - Ardoix;07
accueil@merville-franceville.fr;Centre communal d'action sociale (CCAS) - Merville-Franceville-Plage;14
mairie.charny@wanadoo.fr;Centre communal d'action sociale (CCAS) - Charny Orée de Puisaye;89
mairie.saintbranchs@orange.fr;Centre communal d'action sociale (CCAS) - Saint-Branchs;37
mairie.bidos@wanadoo.fr;Centre communal d'action sociale (CCAS) - Bidos;64
mairie@maenroch.fr;Centre communal d'action sociale (CCAS) - Maen Roch;35
mairie@parigne.org;Centre communal d'action sociale (CCAS) - Parigné;35
mairie@longueville-sur-scie.fr;Centre communal d'action sociale (CCAS) - Longueville-sur-Scie;76
mairie.etat-civil@ville-pontducasse.fr;Centre communal d'action sociale (CCAS) - Pont-du-Casse;47
mairie@hoerdt.fr;Centre communal d'action sociale (CCAS) - Hœrdt;67
mairie@igny.fr;Centre communal d'action sociale (CCAS) - Igny;91
mairie@chatelneuf.fr;Centre communal d'action sociale (CCAS) - Châtelneuf;42
contact@alquines.net;Centre communal d'action sociale (CCAS) - Alquines;62
lescnd28@orange.fr;Centre communal d'action sociale (CCAS) - Les Châtelliers-Notre-Dame;28
mairiespezet@wanadoo.fr;Centre communal d'action sociale (CCAS) - Spézet;29
mairie.mantilly@wanadoo.fr;Centre communal d'action sociale (CCAS) - Mantilly;61
commune.chamberat@wanadoo.fr;Centre communal d'action sociale (CCAS) - Chambérat;03
contact@fagnieres.fr;Centre communal d'action sociale (CCAS) - Fagnières;51
mairie@ville-surgeres.fr;Centre communal d'action sociale (CCAS) - Surgères;17
mairie@ville-gravigny.fr;Centre communal d'action sociale (CCAS) - Gravigny;27
commune.de.nervieux@wanadoo.fr;Centre communal d'action sociale (CCAS) - Nervieux;42
ccas@lecellier.fr;Centre communal d'action sociale (CCAS) - Le Cellier;44
mairie@shc44.fr;Centre communal d'action sociale (CCAS) - Saint-Hilaire-de-Chaléons;44
ccas@roujan.fr;Centre communal d'action sociale (CCAS) - Roujan;34
mairie@ecouis.fr;Centre communal d'action sociale (CCAS) - Écouis;27
mairie@grendelbruch.fr;Centre communal d'action sociale (CCAS) - Grendelbruch;67
ccas@ville-port.re;Centre communal d'action sociale (CCAS) - Le Port;974
secretariat@saint-antoine-du-rocher.fr;Centre communal d'action sociale (CCAS) - Saint-Antoine-du-Rocher;37
accueil@mairie-orcines.fr;Centre communal d'action sociale (CCAS) - Orcines;63
ccas@marennes.fr;Centre communal d'action sociale (CCAS) - Marennes-Hiers-Brouage;17
accueil-mairie@hossegor.fr;Centre communal d'action sociale (CCAS) - Soorts-Hossegor;40
mairie@saincaize-meauce.fr;Centre communal d'action sociale (CCAS) - Saincaize-Meauce;58
mairie.crecyaumont@orange.fr;Centre communal d'action sociale (CCAS) - Crécy-au-Mont;02
mairie.stjust-sauvage@wanadoo.fr;Centre communal d'action sociale (CCAS) - Saint-Just-Sauvage;51
ccas.grabels@wanadoo.fr;Centre communal d'action sociale (CCAS) - Grabels;34
ccas@gevreychambertin.fr;Centre communal d'action sociale (CCAS) - Gevrey-Chambertin;21
accueil@mairie-champlitte.fr;Centre communal d'action sociale (CCAS) - Champlitte;70
secretariat.boisbernard@gmail.com;Centre communal d'action sociale (CCAS) - Bois-Bernard;62
mairie.villemagne@wanadoo.fr;Centre communal d'action sociale (CCAS) - Villemagne-l'Argentière;34
mairie.du.dezert@wanadoo.fr;Centre communal d'action sociale (CCAS) - Le Dézert;50
liamlian636@gmail.com;Centre communal d'action sociale (CCAS) - Koungou;976
mairie@razacsurlisle.fr;Centre communal d'action sociale (CCAS) - Razac-sur-l'Isle;24
contact@ccas-scorbe-clairvaux.fr;Centre communal d'action sociale (CCAS) - Scorbé-Clairvaux;86
mairie@epaignes.fr;Centre communal d'action sociale (CCAS) - Épaignes;27
contact@villetheza.fr;Centre communal d'action sociale (CCAS) - Théza;66
sce-social@carbon-blanc.fr;Centre communal d'action sociale (CCAS) - Carbon-Blanc;33
contact@belleville-sur-meuse.com;Centre communal d'action sociale (CCAS) - Belleville-sur-Meuse;55
contact@verrieres-aube.fr;Centre communal d'action sociale (CCAS) - Verrières Aube;10
mairie.de.pessan@wanadoo.fr;Centre communal d'action sociale (CCAS) - Pessan;32
mairie@surtainville.com;Centre communal d'action sociale (CCAS) - Surtainville;50
contact@mairie-beaurains.fr;Centre communal d'action sociale (CCAS) - Beaurains;62
communedelongprelcs@wanadoo.fr;Centre communal d'action sociale (CCAS) - Longpré-les-Corps-Saints;80
mairie.ancerviller@wanadoo.fr;Centre communal d'action sociale (CCAS) - Ancerviller;54
ccas@mairie-trelaze.fr;Centre communal d'action sociale (CCAS) - Trélazé;49
taillecavat@orange.fr;Centre communal d'action sociale (CCAS) - Taillecavat;33
sinzos.cne@orange.fr;Centre communal d'action sociale (CCAS) - Sinzos;65
mairiederousset@gmail.com;Centre communal d'action sociale (CCAS) - Rousset;05
ccas@cebazat.fr;Centre communal d'action sociale (CCAS) - Cébazat;63
mairie.rieux.31@wanadoo.fr;Centre communal d'action sociale (CCAS) - Rieux-Volvestre;31
mairie.errouville@orange.fr;Centre communal d'action sociale (CCAS) - Errouville;54
secretariat@mairie-rozier-en-donzy.fr;Centre communal d'action sociale (CCAS) - Rozier-en-Donzy;42
mairie@courmangoux.fr;Centre communal d'action sociale (CCAS) - Courmangoux;01
mairie.autreppes@orange.fr;Centre communal d'action sociale (CCAS) - Autreppes;02
villers-en-vexin@wanadoo.fr;Centre communal d'action sociale (CCAS) - Frenelles-en-Vexin;27
mairie-thiers-theve@wanadoo.fr;Centre communal d'action sociale (CCAS) - Thiers-sur-Thève;60
mairie-signac@orange.fr;Centre communal d'action sociale (CCAS) - Signac;31
info@saintemariedere.fr;Centre communal d'action sociale (CCAS) - Sainte-Marie-de-Ré;17
cas.logement@laverpilliere.fr;Centre communal d'action sociale (CCAS) - La Verpillière;38
ccas@saintlambertlapotherie.fr;Centre communal d'action sociale (CCAS) - Saint-Lambert-la-Potherie;49
mairie-verneuil-vienne@wanadoo.fr;Centre communal d'action sociale (CCAS) - Verneuil-sur-Vienne;87
mairie@ouarville.fr;Centre communal d'action sociale (CCAS) - Ouarville;28
ccas@saint-sauvant.fr;Centre communal d'action sociale (CCAS) - Saint-Sauvant;86
mairie.pouilly-saone@wanadoo.fr;Centre communal d'action sociale (CCAS) - Pouilly-sur-Saône;21
secretariat@mairiedebesse.fr;Centre communal d'action sociale (CCAS) - Besse-et-Saint-Anastaise;63
mairie@ville-mouen.fr;Centre communal d'action sociale (CCAS) - Mouen;14
mairie.aubigne@wanadoo.fr;Centre communal d'action sociale (CCAS) - Aubigné;35
mairie-aubres@orange.fr;Centre communal d'action sociale (CCAS) - Aubres;26
mairie@ville-wissant.fr;Centre communal d'action sociale (CCAS) - Wissant;62
ccas@saint-andre.re;Centre communal d'action sociale (CCAS) - Saint-André La Réunion;974
mairie.sds@orange.fr;Centre communal d'action sociale (CCAS) - Saint-Denis-sur-Sarthon;61
mairie@pocelesbois.fr;Centre communal d'action sociale (CCAS) - Pocé-les-Bois;35
mairie@chavanod.fr;Centre communal d'action sociale (CCAS) - Chavanod;74
secretariatdumaire@oye-plage.fr;Centre communal d'action sociale (CCAS) - Oye-Plage;62
mairie@saint-saturnin72.fr;Centre communal d'action sociale (CCAS) - Saint-Saturnin Sarthe;72
accueil@saintlaurentdupont.fr;Centre communal d'action sociale (CCAS) - Saint-Laurent-du-Pont;38
contact@ville-robert.fr;Centre communal d'action sociale (CCAS) - Le Robert;972
mairie-villedieu@wanadoo.fr;Centre communal d'action sociale (CCAS) - Villedieu-le-Château;41
ccas@mairie-saintcyrenval.fr;Centre communal d'action sociale (CCAS) - Saint-Cyr-en-Val;45
mairie.augea@wanadoo.fr;Centre communal d'action sociale (CCAS) - Augea;39
alligny.morvan@wanadoo.fr;Centre communal d'action sociale (CCAS) - Alligny-en-Morvan;58
mairie@chambost-longessaigne.com;Centre communal d'action sociale (CCAS) - Chambost-Longessaigne;69
ccas@tournan-en-brie.fr;Centre communal d'action sociale (CCAS) - Tournan-en-Brie;77
service.ccas@ville-neuillysurseine.fr;Centre communal d'action sociale (CCAS) - Neuilly-sur-Seine;92
contact@mairie-le-perthus.com;Centre communal d'action sociale (CCAS) - Le Perthus;66
ccas@ville-montfermeil.fr;Centre communal d'action sociale (CCAS) - Montfermeil;93
contact@saintjulienlesvillas.fr;Centre communal d'action sociale (CCAS) - Saint-Julien-les-Villas;10
mairie.courdemanche@gmail.com;Centre communal d'action sociale (CCAS) - Courdemanche;72
mairie.montilliers@wanadoo.fr;Centre communal d'action sociale (CCAS) - Montilliers;49
mairie@la-queue-lez-yvelines.fr;Centre communal d'action sociale (CCAS) - La Queue-les-Yvelines;78
mairie.esclassanlabastide@wanadoo.fr;Centre communal d'action sociale (CCAS) - Esclassan-Labastide;32
mairie.de.chevannes@gmail.com;Centre communal d'action sociale (CCAS) - Chevannes;91
mairie.vabre@wanadoo.fr;Centre communal d'action sociale (CCAS) - Vabre;81
mairie-daumelas@wanadoo.fr;Centre communal d'action sociale (CCAS) - Aumelas;34
ccas.mana@orange.fr;Centre communal d'action sociale (CCAS) - Mana;973
commune.fresnoy.la.riviere@wanadoo.fr;Centre communal d'action sociale (CCAS) - Fresnoy-la-Rivière;60
mairiedepiegut@orange.fr;Centre communal d'action sociale (CCAS) - Piégut;04
ma.corvold@west-telecom.com;Centre communal d'action sociale (CCAS) - Corvol-d'Embernard;58
mairie@cuverville.fr;Centre communal d'action sociale (CCAS) - Cuverville;14
mairie.gouzeau@wanadoo.fr;Centre communal d'action sociale (CCAS) - Gouzeaucourt;59
ccas@boivrelavallee.fr;Centre communal d'action sociale (CCAS) - Boivre-la-Vallée;86
ccas@ville-gannat.fr;Centre communal d'action sociale (CCAS) - Gannat;03
mairie-de-briarres@wanadoo.fr;Centre communal d'action sociale (CCAS) - Briarres-sur-Essonne;45
mairiedesigottier@wanadoo.fr;Centre communal d'action sociale (CCAS) - Sigottier;05
mairie@villelaure.fr;Centre communal d'action sociale (CCAS) - Villelaure;84
affaires.generales@mairie-laverriere.fr;Centre communal d'action sociale (CCAS) - La Verrière;78
mairie@saintgelydufesc.com;Centre communal d'action sociale (CCAS) - Saint-Gély-du-Fesc;34
mairie.avensac@wanadoo.fr;Centre communal d'action sociale (CCAS) - Avensac;32
mairienibles@wanadoo.fr;Centre communal d'action sociale (CCAS) - Nibles;04
mairie.stchristopheenbazelle@wanadoo.fr;Centre communal d'action sociale (CCAS) - Saint-Christophe-en-Bazelle;36
mairie.chantillac@orange.fr;Centre communal d'action sociale (CCAS) - Chantillac;16
mairie-de-st-jean-de-la-motte@wanadoo.fr;Centre communal d'action sociale (CCAS) - Saint-Jean-de-la-Motte;72
ccas@talence.fr;Centre communal d'action sociale (CCAS) - Talence;33
espacejbaker@ville-avrille.fr;Centre communal d'action sociale (CCAS) - Avrillé Maine-et-Loire;49
secretariat@mairie-moisselles.fr;Centre communal d'action sociale (CCAS) - Moisselles;95
mairie.lobsann@wanadoo.fr;Centre communal d'action sociale (CCAS) - Lobsann;67
mairie@mazieres-en-mauges.fr;Centre communal d'action sociale (CCAS) - Mazières-en-Mauges;49
accueil@jublains.fr;Centre communal d'action sociale (CCAS) - Jublains;53
social@basse-goulaine.fr;Centre communal d'action sociale (CCAS) - Basse-Goulaine;44
saintecolombe.mairie@wanadoo.fr;Centre communal d'action sociale (CCAS) - Sainte-Colombe Ille-et-Vilaine;35
accueil@ambon.fr;Centre communal d'action sociale (CCAS) - Ambon;56
mairie.soings@wanadoo.fr;Centre communal d'action sociale (CCAS) - Soings-en-Sologne;41
mairiedelumeau@wanadoo.fr;Centre communal d'action sociale (CCAS) - Lumeau;28
mairie@eydoche.fr;Centre communal d'action sociale (CCAS) - Eydoche;38
accueil@mairiepierredebresse.fr;Centre communal d'action sociale (CCAS) - Pierre-de-Bresse;71
mairie-stflorentin@wanadoo.fr;Centre communal d'action sociale (CCAS) - Saint-Florentin Indre;36
mairie@ville-savignesouslelude.fr;Centre communal d'action sociale (CCAS) - Savigne-Sous-Le-Lude;72
mairie-messeix@wanadoo.fr;Centre communal d'action sociale (CCAS) - Messeix;63
ccas@saintprix.fr;Centre communal d'action sociale (CCAS) - Saint-Prix Val-d'Oise;95
mairie@boissylesec.fr;Centre communal d'action sociale (CCAS) - Boissy-le-Sec;91
secretariat1@saintgeorgessurfontaine.com;Centre communal d'action sociale (CCAS) - Saint-Georges-sur-Fontaine;76
mairie-noreuil@orange.fr;Centre communal d'action sociale (CCAS) - Noreuil;62
secretariat@malansac.fr;Centre communal d'action sociale (CCAS) - Malansac;56
contact@mairieisd.fr;Centre communal d'action sociale (CCAS) - L'Isle-sur-le-Doubs;25
contact@mairie-charmes.fr;Centre communal d'action sociale (CCAS) - Charmes Vosges;88
mairie-st-gelais@wanadoo.fr;Centre communal d'action sociale (CCAS) - Saint-Gelais;79
ccasclamart@clamart.fr;Centre communal d'action sociale (CCAS) - Clamart;92
ccas@ville-herin.fr;Centre communal d'action sociale (CCAS) - Hérin;59
mairiedelachaux@wanadoo.fr;Centre communal d'action sociale (CCAS) - La Chaux;25
mairiedeviolaines@violaines.fr;Centre communal d'action sociale (CCAS) - Violaines;62
mairie.lalobbe@wanadoo.fr;Centre communal d'action sociale (CCAS) - Lalobbe;08
ccas@mairie-pornichet.fr;Centre communal d'action sociale (CCAS) - Pornichet;44
mairie.pallanne@wanadoo.fr;Centre communal d'action sociale (CCAS) - Pallanne;32
mairie@poisvilliers.fr;Centre communal d'action sociale (CCAS) - Poisvilliers;28
secretariatgeneral@st-peray.com;Centre communal d'action sociale (CCAS) - Saint-Péray;07
mairie.montchaton@wanadoo.fr;Centre communal d'action sociale (CCAS) - Orval sur Sienne;50
mairie@cerences.fr;Centre communal d'action sociale (CCAS) - Cérences;50
mairie-meximieux@mairie-meximieux.net;Centre communal d'action sociale (CCAS) - Meximieux;01
mairie.morogues.cher@wanadoo.fr;Centre communal d'action sociale (CCAS) - Morogues;18
mairie.parthenaybretagne@wanadoo.fr;Centre communal d'action sociale (CCAS) - Parthenay-de-Bretagne;35
rebreuve.ranchicourt@wanadoo.fr;Centre communal d'action sociale (CCAS) - Rebreuve-Ranchicourt;62
contact@aix-noulette.fr;Centre communal d'action sociale (CCAS) - Aix-Noulette;62
accueil@mairiechavanay.fr;Centre communal d'action sociale (CCAS) - Chavanay;42
mairie@liessenotredame.fr;Centre communal d'action sociale (CCAS) - Liesse-Notre-Dame;02
accueil.mairie.tournes@wanadoo.fr;Centre communal d'action sociale (CCAS) - Tournes;08
affaires-sociales@bouin.fr;Centre communal d'action sociale (CCAS) - Bouin;85
mairie@saintlaurentdechamousset.fr;Centre communal d'action sociale (CCAS) - Saint-Laurent-de-Chamousset;69
ccas@mairie-crest.fr;Centre communal d'action sociale (CCAS) - Crest;26
social@mairie-roquemaure.fr;Centre communal d'action sociale (CCAS) - Roquemaure;30
mairie@chateaumeillant.fr;Centre communal d'action sociale (CCAS) - Châteaumeillant;18
contact@manteslaville.fr;Centre communal d'action sociale (CCAS) - Mantes-la-Ville;78
mairie@valdereuil.fr;Centre communal d'action sociale (CCAS) - Val-de-Reuil;27
laguian-mazous@wanadoo.fr;Centre communal d'action sociale (CCAS) - Laguian-Mazous;32
ramonchamp@wanadoo.fr;Centre communal d'action sociale (CCAS) - Ramonchamp;88
ccas@divonne.fr;Centre communal d'action sociale (CCAS) - Divonne-les-Bains;01
accueil@mairie-grez-neuville.fr;Centre communal d'action sociale (CCAS) - Grez-Neuville;49
mairie.herbitzheim@wanadoo.fr;Centre communal d'action sociale (CCAS) - Herbitzheim;67
ccas@velizy-villacoublay.fr;Centre communal d'action sociale (CCAS) - Vélizy-Villacoublay;78
ccas@mairie-die.fr;Centre communal d'action sociale (CCAS) - Die;26
ccas@saint-flour.net;Centre communal d'action sociale (CCAS) - Saint-Flour;15
mairie-armous-et-cau-32@wanadoo.fr;Centre communal d'action sociale (CCAS) - Armous-et-Cau;32
mairie@andon.fr;Centre communal d'action sociale (CCAS) - Andon;06
ccas@ville-uchaud.fr;Centre communal d'action sociale (CCAS) - Uchaud;30
contact@stluminedecoutais.fr;Centre communal d'action sociale (CCAS) - Saint-Lumine-de-Coutais;44
mairie@saint-germain-du-pinel.fr;Centre communal d'action sociale (CCAS) - Saint-Germain-du-Pinel;35
contact@mairiefraisans.fr;Centre communal d'action sociale (CCAS) - Fraisans;39
info@mairieasnieres.fr;Centre communal d'action sociale (CCAS) - Asnières-sur-Seine;92
mairie.viols-en-laval@wanadoo.fr;Centre communal d'action sociale (CCAS) - Viols-en-Laval;34
social@ville-nerac.fr;Centre communal d'action sociale (CCAS) - Nérac;47
mairie.de.lardiers@orange.fr;Centre communal d'action sociale (CCAS) - Lardiers;04
commune.rorschwihr@orange.fr;Centre communal d'action sociale (CCAS) - Rorschwihr;68
commune.de.dombrot.le.sec@orange.fr;Centre communal d'action sociale (CCAS) - Dombrot-le-Sec;88
acceuil@tilly-sur-seulles.fr;Centre communal d'action sociale (CCAS) - Tilly-sur-Seulles;14
mairie-porcelette2@wanadoo.fr;Centre communal d'action sociale (CCAS) - Porcelette;57
commune-veraza@orange.fr;Centre communal d'action sociale (CCAS) - Véraza;11
ccas@courrieres.fr;Centre communal d'action sociale (CCAS) - Courrières;62
mairie@gasny.fr;Centre communal d'action sociale (CCAS) - Gasny;27
mairie-ccas.terranjou@orange.fr;Centre communal d'action sociale (CCAS) - Terranjou;49
mairie.chezalbenoit@orange.fr;Centre communal d'action sociale (CCAS) - Chezal-Benoît;18
guichet.unique@ville-marignane.fr;Centre communal d'action sociale (CCAS) - Marignane;13
ccas@merysuroise.fr;Centre communal d'action sociale (CCAS) - Méry-sur-Oise;95
mairiedebraysurseine@orange.fr;Centre communal d'action sociale (CCAS) - Bray-sur-Seine;77
ccas-caen@caen.fr;Centre communal d'action sociale (CCAS) - Caen;14
mairie.fontaine-francaise@wanadoo.fr;Centre communal d'action sociale (CCAS) - Fontaine-Française;21
ccas@aspremont.fr;Centre communal d'action sociale (CCAS) - Aspremont;06
mairie.chenoves@wanadoo.fr;Centre communal d'action sociale (CCAS) - Chenôves;71
mairiestfelixdelodez@orange.fr;Centre communal d'action sociale (CCAS) - Saint-Félix-de-Lodez;34
mairie@ville-vizille.fr;Centre communal d'action sociale (CCAS) - Vizille;38
accueil@beaumontdepertuis.fr;Centre communal d'action sociale (CCAS) - Beaumont-de-Pertuis;84
mairie@rosheim.com;Centre communal d'action sociale (CCAS) - Rosheim;67
ccas@mairie-lherm.fr;Centre communal d'action sociale (CCAS) - Lherm;31
ccas@lafertemace.fr;Centre communal d'action sociale (CCAS) - La Ferté Macé;61
contact@montelier.com;Centre communal d'action sociale (CCAS) - Montélier;26
mairie@mairie-cosnes.fr;Centre communal d'action sociale (CCAS) - Cosnes-et-Romain;54
ccas@biot.fr;Centre communal d'action sociale (CCAS) - Biot;06
mairie@groix.fr;Centre communal d'action sociale (CCAS) - Groix;56
ccas@pontduchateau.fr;Centre communal d'action sociale (CCAS) - Pont-du-Château;63
ccas@mairie-lepontet.fr;Centre communal d'action sociale (CCAS) - Le Pontet;84
stloube@orange.fr;Centre communal d'action sociale (CCAS) - Saint-Loube;32
mairie.angers@ville.angers.fr;Centre communal d'action sociale (CCAS) - Angers;49
commune@bertrange.fr;Centre communal d'action sociale (CCAS) - Bertrange;57
ccas@ville-carhaix.bzh;Centre communal d'action sociale (CCAS) - Carhaix-Plouguer;29
secretariat@stjean91.fr;Centre communal d'action sociale (CCAS) - Saint-Jean-de-Beauregard;91
commune-de-morienne@orange.fr;Centre communal d'action sociale (CCAS) - Morienne;76
contact@mairie-artix.fr;Centre communal d'action sociale (CCAS) - Artix;64
commune.boisemont@wanadoo.fr;Centre communal d'action sociale (CCAS) - Boisemont;95
solidarite@gelos.fr;Centre communal d'action sociale (CCAS) - Gelos;64
ccas@mairie-graulhet.fr;Centre communal d'action sociale (CCAS) - Graulhet;81
mairie@ville-senonches.fr;Centre communal d'action sociale (CCAS) - Senonches;28
ccas@andrezieux-boutheon.com;Centre communal d'action sociale (CCAS) - Andrézieux-Bouthéon;42
mairie.lasalle@wanadoo.fr;Centre communal d'action sociale (CCAS) - La Salle-les-Alpes;05
mairie.stavit@wanadoo.fr;Centre communal d'action sociale (CCAS) - Saint-Avit;26
ccas@lafertealais.fr;Centre communal d'action sociale (CCAS) - La Ferté-Alais;91
ccas@conques-sur-orbiel.fr;Centre communal d'action sociale (CCAS) - Conques-sur-Orbiel;11
ccas.arcambal@gmail.com;Centre communal d'action sociale (CCAS) - Arcambal;46
accueil@chatenoislesforges.fr;Centre communal d'action sociale (CCAS) - Châtenois-les-Forges;90
mairie.montclus05@gmail.com;Centre communal d'action sociale (CCAS) - Montclus;05
cabinetdumaire@ville-montmagny.fr;Centre communal d'action sociale (CCAS) - Montmagny;95
ccas@mairie-levens.fr;Centre communal d'action sociale (CCAS) - Levens;06
mairie.accueil@saint-perdon.com;Centre communal d'action sociale (CCAS) - Saint-Perdon;40
mairie@vibraye.fr;Centre communal d'action sociale (CCAS) - Vibraye;72
secretariat@mairie-vernaux.fr;Centre communal d'action sociale (CCAS) - Vernaux;09
mairie.vic@wanadoo.fr;Centre communal d'action sociale (CCAS) - Vic-sur-Aisne;02
mairie@nainville.fr;Centre communal d'action sociale (CCAS) - Nainville-les-Roches;91
mairie@ville-wimereux.fr;Centre communal d'action sociale (CCAS) - Wimereux;62
mairiedehomps@wanadoo.fr;Centre communal d'action sociale (CCAS) - Homps;32
viglain@wanadoo.fr;Centre communal d'action sociale (CCAS) - Viglain;45
cab@mairie-leluc.fr;Centre communal d'action sociale (CCAS) - Le Luc;83
mairie.pontonx@pontonx.fr;Centre communal d'action sociale (CCAS) - Pontonx-sur-l'Adour;40
mairie.villeret@wanadoo.fr;Centre communal d'action sociale (CCAS) - Villeret;02
contact@mairie-lerouret.fr;Centre communal d'action sociale (CCAS) - Le Rouret;06
contact@barneville-carteret.fr;Centre communal d'action sociale (CCAS) - Barneville-Carteret;50
mairie.bourmont@wanadoo.fr;Centre communal d'action sociale (CCAS) - Bourmont-entre-Meuse-et-Mouzon;52
contact@saintmarsdecoutais.fr;Centre communal d'action sociale (CCAS) - Saint-Mars-de-Coutais;44
mairie-st-martin-daubigny@wanadoo.fr;Centre communal d'action sociale (CCAS) - Saint-Martin-d'Aubigny;50
courrier@mairiedraveil.fr;Centre communal d'action sociale (CCAS) - Draveil;91
mairie.castelnaudangles@wanadoo.fr;Centre communal d'action sociale (CCAS) - Castelnau-d'Anglès;32
ccas@ville-landivisiau.fr;Centre communal d'action sociale (CCAS) - Landivisiau;29
aidesccas@ville-gennevilliers.fr;Centre communal d'action sociale (CCAS) - Gennevilliers;92
contact@messanges40.fr;Centre communal d'action sociale (CCAS) - Messanges;40
ccas@bussy-saint-georges.fr;Centre communal d'action sociale (CCAS) - Bussy-Saint-Georges;77
mairie.privas@privas.fr;Centre communal d'action sociale (CCAS) - Privas;07
ccas@sees.fr;Centre communal d'action sociale (CCAS) - Sées;61
mairie.bargemon@wanadoo.fr;Centre communal d'action sociale (CCAS) - Bargemon;83
ccas@ville-pontacq.fr;Centre communal d'action sociale (CCAS) - Pontacq;64
ccas@courcelleschaussy.com;Centre communal d'action sociale (CCAS) - Courcelles-Chaussy;57
secretariat@mairie-pontlevoy.fr;Centre communal d'action sociale (CCAS) - Pontlevoy;41
mairie-de-saulchery@wanadoo.fr;Centre communal d'action sociale (CCAS) - Saulchery;02
contact@camphin-en-pevele.fr;Centre communal d'action sociale (CCAS) - Camphin-en-Pévèle;59
mairielebrignon@wanadoo.fr;Centre communal d'action sociale (CCAS) - Le Brignon;43
ccas@tournus.fr;Centre communal d'action sociale (CCAS) - Tournus;71
service.social@epinaysurorge.fr;Centre communal d'action sociale (CCAS) - Épinay-sur-Orge;91
estezargues.mairie@orange.fr;Centre communal d'action sociale (CCAS) - Estézargues;30
mairie-montpezat.de.quercy@info82.com;Centre communal d'action sociale (CCAS) - Montpezat-de-Quercy;82
ccas@lefaouet.fr;Centre communal d'action sociale (CCAS) - Le Faouët;56
mairie.pierrecourt@orange.fr;Centre communal d'action sociale (CCAS) - Pierrecourt Seine-Maritime;76
commune@mauvezin32.fr;Centre communal d'action sociale (CCAS) - Mauvezin;32
info@mairie-schweighouse.fr;Centre communal d'action sociale (CCAS) - Schweighouse-sur-Moder;67
communication@moulins-les-metz.fr;Centre communal d'action sociale (CCAS) - Moulins-lès-Metz;57
mairie@plogonnec.fr;Centre communal d'action sociale (CCAS) - Plogonnec;29
ccas@hirson.net;Centre communal d'action sociale (CCAS) - Hirson;02
mairie.latagniere@wanadoo.fr;Centre communal d'action sociale (CCAS) - La Tagnière;71
contact@mairiestgsc.fr;Centre communal d'action sociale (CCAS) - Saint-Georges-sur-Cher;41
mairie.fontaine-henry@wanadoo.fr;Centre communal d'action sociale (CCAS) - Fontaine-Henry;14
mairie@saint-paul-en-jarez.fr;Centre communal d'action sociale (CCAS) - Saint-Paul-en-Jarez;42
ccas@savigny-le-temple.fr;Centre communal d'action sociale (CCAS) - Savigny-le-Temple;77
masp.utamsnord@alsace.eu;Centre communal d'action sociale (CCAS) - Lauterbourg;67
ccas@sevremoine.fr;Centre communal d'action sociale (CCAS) - Sèvremoine;49
contact@mairie-bourgachard.fr;Centre communal d'action sociale (CCAS) - Bourg-Achard;27
mairie.chassignelles@wanadoo.fr;Centre communal d'action sociale (CCAS) - Chassignelles;89
ccas-accueil@baraqueville.fr;Centre communal d'action sociale (CCAS) - Baraqueville;12
ccas@say78.fr;Centre communal d'action sociale (CCAS) - Saint-Arnoult-en-Yvelines;78
ccas@ville-negrepelisse.fr;Centre communal d'action sociale (CCAS) - Nègrepelisse;82
secretariat@mairie-nomeny.fr;Centre communal d'action sociale (CCAS) - Nomeny;54
mairie@mairie-bailly.fr;Centre communal d'action sociale (CCAS) - Bailly;78
mairie@priziac.com;Centre communal d'action sociale (CCAS) - Priziac;56
mairie.ecoustsaintmein@wanadoo.fr;Centre communal d'action sociale (CCAS) - Écoust-Saint-Mein;62
contact@houplin-ancoisne.fr;Centre communal d'action sociale (CCAS) - Houplin-Ancoisne;59
crambaud@mairie-fuveau.com;Centre communal d'action sociale (CCAS) - Fuveau;13
mairiedewassigny@wanadoo.fr;Centre communal d'action sociale (CCAS) - Wassigny;02
mairie@villeducarbet.fr;Centre communal d'action sociale (CCAS) - Le Carbet;972
mairie.oye.et.pallet@wanadoo.fr;Centre communal d'action sociale (CCAS) - Oye-Et-Pallet;25
mairie@ville-tinqueux.fr;Centre communal d'action sociale (CCAS) - Tinqueux;51
accueil-mairie@plouzevede.fr;Centre communal d'action sociale (CCAS) - Plouzévédé;29
mairie@ville-leffrinckoucke.fr;Centre communal d'action sociale (CCAS) - Leffrinckoucke;59
commune.aurensan@wanadoo.fr;Centre communal d'action sociale (CCAS) - Gizy;02
mairie-riaucourt@wanadoo.fr;Centre communal d'action sociale (CCAS) - Riaucourt;52
mairie@saint-christophe-du-bois.fr;Centre communal d'action sociale (CCAS) - Saint-Christophe-du-Bois;49
mairie@villarssurvar06.fr;Centre communal d'action sociale (CCAS) - Villars-sur-Var;06
mairie@izellesequerchin.fr;Centre communal d'action sociale (CCAS) - Izel-lès-Équerchin;62
st-martin-oust@wanadoo.fr;Centre communal d'action sociale (CCAS) - Saint-Martin-sur-Oust;56
mairie@chateau-salins.fr;Centre communal d'action sociale (CCAS) - Château-Salins;57
mairie@montmain.fr;Centre communal d'action sociale (CCAS) - Montmain;76
mairie-de-lisle-en-rigault@wanadoo.fr;Centre communal d'action sociale (CCAS) - L'Isle-en-Rigault;55
dgs.mairie@mairie-de-collegien.fr;Centre communal d'action sociale (CCAS) - Collégien;77
mairie.villeneuve-sur-bellot@orange.fr;Centre communal d'action sociale (CCAS) - Villeneuve-sur-Bellot;77
mairie@fort-mahon-plage.com;Centre communal d'action sociale (CCAS) - Fort-Mahon-Plage;80
mairie.de.fecocourt@orange.fr;Centre communal d'action sociale (CCAS) - Fécocourt;54
accueil-ccas@ville-alencon.fr;Centre communal d'action sociale (CCAS) - Alençon;61
mairie@ville-tarare.fr;Centre communal d'action sociale (CCAS) - Tarare;69
centresocial@donzere.net;Centre communal d'action sociale (CCAS) - Donzère;26
mairieneuvylebarrois@orange.fr;Centre communal d'action sociale (CCAS) - Neuvy-le-Barrois;18
ccas@jaunay-marigny.fr;Centre communal d'action sociale (CCAS) - Jaunay-Marigny;86
contact@berthegon.fr;Centre communal d'action sociale (CCAS) - Berthegon;86
mairie.stjeanderebervilliers@orange.fr;Centre communal d'action sociale (CCAS) - Saint-Jean-de-Rebervilliers;28
mairie.laneuvilledubosc@orange.fr;Centre communal d'action sociale (CCAS) - La Neuville-du-Bosc;27
contact@verrieres86.fr;Centre communal d'action sociale (CCAS) - Verrières Vienne;86
mairie@chanaz.fr;Centre communal d'action sociale (CCAS) - Chanaz;73
vendoeuvresmairie@wanadoo.fr;Centre communal d'action sociale (CCAS) - Vendœuvres;36
ccas@othis.fr;Centre communal d'action sociale (CCAS) - Othis;77
mairie@sainte-cecile.org;Centre communal d'action sociale (CCAS) - Sainte-Cécile-les-Vignes;84
mairie@cornas.fr;Centre communal d'action sociale (CCAS) - Cornas;07
ccas@mairie-ascain.fr;Centre communal d'action sociale (CCAS) - Ascain;64
ccasas@vaux-atlantique.com;Centre communal d'action sociale (CCAS) - Vaux-sur-Mer;17
ccas-affaires_sociales@mairie-smm91.fr;Centre communal d'action sociale (CCAS) - Saint-Maurice-Montcouronne;91
mairie.sr@wanadoo.fr;Centre communal d'action sociale (CCAS) - Saint-Romain-sur-Cher;41
ccas@lamulatiere.fr;Centre communal d'action sociale (CCAS) - La Mulatière;69
sainte.honorine.la.chardonne@wanadoo.fr;Centre communal d'action sociale (CCAS) - Sainte-Honorine-la-Chardonne;61
ccas@mairie-salinslesbains.fr;Centre communal d'action sociale (CCAS) - Salins-les-Bains;39
contact@mairiemaubec-luberon.fr;Centre communal d'action sociale (CCAS) - Maubec;84
mairie.st-apollinaire@orange.fr;Centre communal d'action sociale (CCAS) - Saint-Apollinaire Hautes-alpes;05
mairie.monchylepreux@orange.fr;Centre communal d'action sociale (CCAS) - Monchy-le-Preux;62
accueil@saintpauldevarax.fr;Centre communal d'action sociale (CCAS) - Saint-Paul-de-Varax;01
beinenauroy.mairie@wanadoo.fr;Centre communal d'action sociale (CCAS) - Beine-Nauroy;51
mairie.ladeveze-ville@wanadoo.fr;Centre communal d'action sociale (CCAS) - Ladevèze-Ville;32
mairie-la-chaize-le-vicomte@wanadoo.fr;Centre communal d'action sociale (CCAS) - La Chaize-le-Vicomte;85
ccas@ville-presles.fr;Centre communal d'action sociale (CCAS) - Presles;95
mairie-st-martin-boubaux@wanadoo.fr;Centre communal d'action sociale (CCAS) - Saint-Martin-de-Boubaux;48
mairie.tieste-uragnoux@wanadoo.fr;Centre communal d'action sociale (CCAS) - Tieste-Uragnoux;32
mairie-de-cutry@wanadoo.fr;Centre communal d'action sociale (CCAS) - Cutry;54
mairie-de-merinchal@wanadoo.fr;Centre communal d'action sociale (CCAS) - Mérinchal;23
mairie@lamottechalancon.com;Centre communal d'action sociale (CCAS) - La Motte-Chalancon;26
mairie@mairie-chartrettes.fr;Centre communal d'action sociale (CCAS) - Chartrettes;77
sermages58@orange.fr;Centre communal d'action sociale (CCAS) - Sermages;58
contact@ccas.mairie-metz.fr;Centre communal d'action sociale (CCAS) - Metz;57
mairie-lautrec@wanadoo.fr;Centre communal d'action sociale (CCAS) - Lautrec;81
mairie.stcyrandujambot@orange.fr;Centre communal d'action sociale (CCAS) - Saint-Cyran-du-Jambot;36
mairie-ouanne@wanadoo.fr;Centre communal d'action sociale (CCAS) - Ouanne;89
contact@mairie-leval.fr;Centre communal d'action sociale (CCAS) - Le Val;83
ccas.sorelmoussel@orange.fr;Centre communal d'action sociale (CCAS) - Sorel-Moussel;28
mairie-oderen@wanadoo.fr;Centre communal d'action sociale (CCAS) - Oderen;68
ccas@mozesurlouet.fr;Centre communal d'action sociale (CCAS) - Mozé-sur-Louet;49
ccas@bonnetable.fr;Centre communal d'action sociale (CCAS) - Bonnétable;72
mairie-branoux.les.taillades@wanadoo.fr;Centre communal d'action sociale (CCAS) - Branoux-les-Taillades;30
mairie-juillac@wanadoo.fr;Centre communal d'action sociale (CCAS) - Juillac;32
service.social@mairie-bruguieres.fr;Centre communal d'action sociale (CCAS) - Bruguières;31
montdegalie@orange.fr;Centre communal d'action sociale (CCAS) - Mont-de-Galié;31
saint-benoit-des-ondes.mairie@orange.fr;Centre communal d'action sociale (CCAS) - Saint-Benoît-des-Ondes;35
ccas@andernos-les-bains.com;Centre communal d'action sociale (CCAS) - Andernos-les-Bains;33
mairie@tignes.net;Centre communal d'action sociale (CCAS) - Tignes;73
ccas.uzes@orange.fr;Centre communal d'action sociale (CCAS) - Uzès;30
mairie@issus.fr;Centre communal d'action sociale (CCAS) - Issus;31
ccasnoe31@orange.fr;Centre communal d'action sociale (CCAS) - Noé;31
mairie.cerdon@wanadoo.fr;Centre communal d'action sociale (CCAS) - Cerdon;45
action.sociale@saintjeandeboiseau.fr;Centre communal d'action sociale (CCAS) - Saint-Jean-de-Boiseau;44
mairiedebajonnette@wanadoo.fr;Centre communal d'action sociale (CCAS) - Bajonnette;32
ccas@ville-suresnes.fr;Centre communal d'action sociale (CCAS) - Suresnes;92
accueil@ccas-plouay.fr;Centre communal d'action sociale (CCAS) - Plouay;56
mairie.germigny-sous-coulombs@laposte.net;Centre communal d'action sociale (CCAS) - Germigny-sous-Coulombs;77
mairie@baixas.fr;Centre communal d'action sociale (CCAS) - Baixas;66
mairie@ville-voiron.fr;Centre communal d'action sociale (CCAS) - Voiron;38
mairie.annezin@yahoo.fr;Centre communal d'action sociale (CCAS) - Annezin;62
mairie@bouxwiller.eu;Centre communal d'action sociale (CCAS) - Bouxwiller;67
mairie@les-brouzils.fr;Centre communal d'action sociale (CCAS) - Les Brouzils;85
mairie-de-mardeuil@wanadoo.fr;Centre communal d'action sociale (CCAS) - Mardeuil;51
carole@mairie-lieu-saint-amand.fr;Centre communal d'action sociale (CCAS) - Lieu-Saint-Amand;59
ccas-direction@drancy.fr;Centre communal d'action sociale (CCAS) - Drancy;93
mairie@arleuxengohelle.fr;Centre communal d'action sociale (CCAS) - Arleux-en-Gohelle;62
mairie@planfoy.fr;Centre communal d'action sociale (CCAS) - Planfoy;42
mairievarzy@orange.fr;Centre communal d'action sociale (CCAS) - Varzy;58
contact@walincourt-selvigny.fr;Centre communal d'action sociale (CCAS) - Walincourt-Selvigny;59
mairie@pont-de-veyle.fr;Centre communal d'action sociale (CCAS) - Pont-de-Veyle;01
ccas@laplanche.fr;Centre communal d'action sociale (CCAS) - La Planche;44
mairie-mocacroce@wanadoo.fr;Centre communal d'action sociale (CCAS) - Moca-Croce;2A
mairie.bazet@wanadoo.fr;Centre communal d'action sociale (CCAS) - Bazet;65
ccas@sainte-sigolene.fr;Centre communal d'action sociale (CCAS) - Sainte-Sigolène;43
contact@mairie-bologne.fr;Centre communal d'action sociale (CCAS) - Bologne;52
mairie@ville-pitres.fr;Centre communal d'action sociale (CCAS) - Pîtres;27
ccas@essarts-le-roi.org;Centre communal d'action sociale (CCAS) - Les Essarts-le-Roi;78
ccas@ville-saint-andre-les-vergers.fr;Centre communal d'action sociale (CCAS) - Saint-André-les-Vergers;10
ccas@mairie-confolens.fr;Centre communal d'action sociale (CCAS) - Confolens;16
commune.fosseux@wanadoo.fr;Centre communal d'action sociale (CCAS) - Fosseux;62
ccas@ville-legrauduroi.fr;Centre communal d'action sociale (CCAS) - Le Grau-du-Roi;30
mairie@lavilledieu.com;Centre communal d'action sociale (CCAS) - Lavilledieu;07
mairiethaon14@orange.fr;Centre communal d'action sociale (CCAS) - Thaon;14
vaucourtma@west-telecom.com;Centre communal d'action sociale (CCAS) - Vaucourt;54
ccas@ville-de-rives.fr;Centre communal d'action sociale (CCAS) - Rives;38
mairie.beignon@wanadoo.fr;Centre communal d'action sociale (CCAS) - Beignon;56
accas@bourgoinjallieu.fr;Centre communal d'action sociale (CCAS) - Bourgoin-Jallieu;38
mairie.prunay-yvelines@wanadoo.fr;Centre communal d'action sociale (CCAS) - Prunay-en-Yvelines;78
ccas@ville-saintraphael.fr;Centre communal d'action sociale (CCAS) - Saint-Raphaël;83
mairie.montegut.lauragais@wanadoo.fr;Centre communal d'action sociale (CCAS) - Montégut-Lauragais;31
ccas-rh@malville.fr;Centre communal d'action sociale (CCAS) - Malville;44
ccas.mairie-brionne@wanadoo.fr;Centre communal d'action sociale (CCAS) - Brionne;27
mairie@assas.fr;Centre communal d'action sociale (CCAS) - Assas;34
ccas@mairie-domene.fr;Centre communal d'action sociale (CCAS) - Domène;38
mairie.orchamps.vennes@wanadoo.fr;Centre communal d'action sociale (CCAS) - Orchamps-Vennes;25
mairieabzac2@wanadoo.fr;Centre communal d'action sociale (CCAS) - Abzac;33
mairie.digosville@wanadoo.fr;Centre communal d'action sociale (CCAS) - Digosville;50
mairie.varreddes@orange.fr;Centre communal d'action sociale (CCAS) - Varreddes;77
mairie.thieblemont-faremont@wanadoo.fr;Centre communal d'action sociale (CCAS) - Thiéblemont-Farémont;51
mairie@couffe.fr;Centre communal d'action sociale (CCAS) - Couffé;44
ccas@lagrigonnais.fr;Centre communal d'action sociale (CCAS) - La Grigonnais;44
mairie@steinbourg.fr;Centre communal d'action sociale (CCAS) - Steinbourg;67
contact@vierville-28700.fr;Centre communal d'action sociale (CCAS) - Vierville;28
ccas@langlade.fr;Centre communal d'action sociale (CCAS) - Langlade;30
mairie.crantenoy@gmail.com;Centre communal d'action sociale (CCAS) - Crantenoy;54
ccas@besurmer.fr;Centre communal d'action sociale (CCAS) - Binic-Étables-sur-Mer;22
service.ccas@mairie-gagny.fr;Centre communal d'action sociale (CCAS) - Gagny;93
mairie.vougrey@orange.fr;Centre communal d'action sociale (CCAS) - Vougrey;10
ccas@bastia.corsica;Centre communal d'action sociale (CCAS) - Bastia;2B
mairie@evron.fr;Centre communal d'action sociale (CCAS) - Évron;53
accueil@labaconniere.fr;Centre communal d'action sociale (CCAS) - La Baconnière;53
accueil@perrierssurandelle.com;Centre communal d'action sociale (CCAS) - Perriers-sur-Andelle;27
ccas@mairiedeladesirade.fr;Centre communal d'action sociale (CCAS) - La Désirade;971
accueil@mairie-saintouendutilleul.fr;Centre communal d'action sociale (CCAS) - Saint-Ouen-du-Tilleul;27
mairie.leviviersurmer@outlook.fr;Centre communal d'action sociale (CCAS) - Le Vivier-sur-Mer;35
commune.orgeans.blanchefontaine@orange.fr;Centre communal d'action sociale (CCAS) - Orgeans-Blanchefontaine;25
contact@savigneleveque.com;Centre communal d'action sociale (CCAS) - Savigné-l'Évêque;72
mairie.plougar@wanadoo.fr;Centre communal d'action sociale (CCAS) - Plougar;29
la-beaume@wanadoo.fr;Centre communal d'action sociale (CCAS) - La Beaume;05
contact@arudy.fr;Centre communal d'action sociale (CCAS) - Arudy;64
mairie-estivareilles@wanadoo.fr;Centre communal d'action sociale (CCAS) - Estivareilles;03
mairie.bourbriac@wanadoo.fr;Centre communal d'action sociale (CCAS) - Bourbriac;22
mairie@savigneux.fr;Centre communal d'action sociale (CCAS) - Savigneux;42
accueil@boujansurlibron.com;Centre communal d'action sociale (CCAS) - Boujan-sur-Libron;34
mairie@allonnes-49.fr;Centre communal d'action sociale (CCAS) - Allonnes Maine-et-Loire;49
mairie@monlaur-bernet.fr;Centre communal d'action sociale (CCAS) - Monlaur-Bernet;32
mairie.ecouche@wanadoo.fr;Centre communal d'action sociale (CCAS) - Écouché-les-Vallées;61
dasccas@mairie-saintnazaire.fr;Centre communal d'action sociale (CCAS) - Saint-Nazaire;44
contact@mairienesmy.fr;Centre communal d'action sociale (CCAS) - Nesmy;85
mairie.de.rimons@wanadoo.fr;Centre communal d'action sociale (CCAS) - Rimons;33
ccas@mairie-rouge.fr;Centre communal d'action sociale (CCAS) - Rougé;44
mairie@mairie-thoiry.fr;Centre communal d'action sociale (CCAS) - Thoiry;01
ccas@mairie-pechabou.fr;Centre communal d'action sociale (CCAS) - Péchabou;31
stoucas@mairie-sollies-toucas.fr;Centre communal d'action sociale (CCAS) - Solliès-Toucas;83
contact@basenbasset.fr;Centre communal d'action sociale (CCAS) - Bas-en-Basset;43
mairie.barbazan.debat65@wanadoo.fr;Centre communal d'action sociale (CCAS) - Barbazan-Debat;65
mairie@marlenheim.fr;Centre communal d'action sociale (CCAS) - Marlenheim;67
mairie@wangenbourg-engenthal.fr;Centre communal d'action sociale (CCAS) - Wangenbourg-Engenthal;67
accueil@ville-saint-cannat.fr;Centre communal d'action sociale (CCAS) - Saint-Cannat;13
ccas@nevez.fr;Centre communal d'action sociale (CCAS) - Névez;29
mairiedevillierssurmorin@wanadoo.fr;Centre communal d'action sociale (CCAS) - Villiers-sur-Morin;77
mairie@saint-montan.fr;Centre communal d'action sociale (CCAS) - Saint-Montan;07
accueil@perrigny-les-dijon.fr;Centre communal d'action sociale (CCAS) - Perrigny-lès-Dijon;21
contact@mairiechalmazeljeansagniere.fr;Centre communal d'action sociale (CCAS) - Chalmazel-Jeansagnière;42
secretariat.maire@ville-embrun.fr;Centre communal d'action sociale (CCAS) - Embrun;05
ccas@rousies.fr;Centre communal d'action sociale (CCAS) - Rousies;59
contact@saintefoydaigrefeuille.fr;Centre communal d'action sociale (CCAS) - Sainte-Foy-d'Aigrefeuille;31
mairie-challet@outlook.com;Centre communal d'action sociale (CCAS) - Challet;28
ccas@petites-roches.org;Centre communal d'action sociale (CCAS) - Plateau-des-Petites-Roches;38
mairie-champagne@wanadoo.fr;Centre communal d'action sociale (CCAS) - Champagne-Mouton;16
secretariat-general@mairie-foug.fr;Centre communal d'action sociale (CCAS) - Foug;54
mairie.st.jean.lespinasse@wanadoo.fr;Centre communal d'action sociale (CCAS) - Saint-Jean-Lespinasse;46
mairie.cazauxlayrisse31@gmail.com;Centre communal d'action sociale (CCAS) - Cazaux-Layrisse;31
contact.mairie@saintcyprien.fr;Centre communal d'action sociale (CCAS) - Saint-Cyprien;42
mairie.de.manoncourt.en.vermois@orange.fr;Centre communal d'action sociale (CCAS) - Manoncourt-en-Vermois;54
maintienadomicile@mairie-acheres78.fr;Service d'Aide et d'Accompagnement à Domicile (SAAD) du CCAS d'Achères;78
mairie@ville-pontdeclaix.fr;Centre communal d'action sociale (CCAS) - Le Pont-de-Claix;38
contact@mairie-chatillon-sur-seine.fr;Centre communal d'action sociale (CCAS) - Châtillon-sur-Seine;21
ccas@ville-fachesthumesnil.fr;Centre communal d'action sociale (CCAS) - Faches-Thumesnil;59
mairie@cagny.fr;Centre communal d'action sociale (CCAS) - Cagny;14
mairiedecaffiers@orange.fr;Centre communal d'action sociale (CCAS) - Caffiers;62
ccas-bd@wanadoo.fr;Centre communal d'action sociale (CCAS) - Bray-Dunes;59
mairiedetillay@orange.fr;Centre communal d'action sociale (CCAS) - Tillay-le-Péneux;28
mairie.oberdorff@orange.fr;Centre communal d'action sociale (CCAS) - Oberdorff;57
centresocialpaysdolt@yahoo.fr;Centre communal d'action sociale (CCAS) - Saint Geniez d'Olt et d'Aubrac;12
mairie.accueil@chateaugaillard01.fr;Centre communal d'action sociale (CCAS) - Château-Gaillard;01
mairie.trouans@wanadoo.fr;Centre communal d'action sociale (CCAS) - Trouans;10
mairie@mairie-wintzenheim.fr;Centre communal d'action sociale (CCAS) - Wintzenheim;68
mairie.sevrai@wanadoo.fr;Centre communal d'action sociale (CCAS) - Sevrai;61
mairieressons@orange.fr;Centre communal d'action sociale (CCAS) - Ressons-sur-Matz;60
mairie-michery2@wanadoo.fr;Centre communal d'action sociale (CCAS) - Michery;89
ccas.mairie@auzeville31.fr;Centre communal d'action sociale (CCAS) - Auzeville-Tolosane;31
mairie-bayonville@wanadoo.fr;Centre communal d'action sociale (CCAS) - Bayonville-sur-Mad;54
mairie-treigny@wanadoo.fr;Centre communal d'action sociale (CCAS) - Treigny-Perreuse-Sainte-Colombe;89
cias@chalossetursan.fr;Centre intercommunal d'action sociale (CIAS) Chalosse Tursan;40
mairie@ville-graveson.fr;Centre communal d'action sociale (CCAS) - Graveson;13
solidarite@montesson.fr;Centre communal d'action sociale (CCAS) - Montesson;78
mairiedesormonne@orange.fr;Centre communal d'action sociale (CCAS) - Sormonne;08
accueil-ccas@herouville.net;Centre communal d'action sociale (CCAS) - Hérouville-Saint-Clair;14
mairie.cudot@orange.fr;Centre communal d'action sociale (CCAS) - Cudot;89
ccas.bueil@orange.fr;Centre communal d'action sociale (CCAS) - Bueil;27
infos@mairie-douvres14.com;Centre communal d'action sociale (CCAS) - Douvres-la-Délivrande;14
service-social@leraincy.fr;Centre communal d'action sociale (CCAS) - Le Raincy;93
mairiedemorre@wanadoo.fr;Centre communal d'action sociale (CCAS) - Morre;25
mairie@regneville-sur-mer.fr;Centre communal d'action sociale (CCAS) - Regnéville-sur-Mer;50
ccas@mairie30380.fr;Centre communal d'action sociale (CCAS) - Saint-Christol-lez-Alès;30
mairieloudet@orange.fr;Centre communal d'action sociale (CCAS) - Loudet;31
mairie@oberhaslach.fr;Centre communal d'action sociale (CCAS) - Oberhaslach;67
ccas@villemios.fr;Centre communal d'action sociale (CCAS) - Mios;33
ccas@crosne.fr;Centre communal d'action sociale (CCAS) - Crosne;91
mairie.champagne-ving@wanadoo.fr;Centre communal d'action sociale (CCAS) - Champagne-sur-Vingeanne;21
mairie.saintgervais@wanadoo.fr;Centre communal d'action sociale (CCAS) - Saint-Gervais Val-d'Oise;95
mairie.thibouville@wanadoo.fr;Centre communal d'action sociale (CCAS) - Thibouville;27
mairie.lesforges@wanadoo.fr;Centre communal d'action sociale (CCAS) - Les Forges;88
secretariat@mairie-beauvoirsurmer.fr;Centre communal d'action sociale (CCAS) - Beauvoir-sur-Mer;85
mairie@yevres.fr;Centre communal d'action sociale (CCAS) - Yèvres;28
mairie.cour.saint.maurice@wanadoo.fr;Centre communal d'action sociale (CCAS) - Cour-Saint-Maurice;25
accueilmairie@saintromainengal.fr;Centre communal d'action sociale (CCAS) - Saint-Romain-en-Gal;69
com@boucbelair.fr;Centre communal d'action sociale (CCAS) - Bouc-Bel-Air;13
secretariat-general@prunellidifiumorbu.fr;Centre communal d'action sociale (CCAS) - Prunelli-di-Fiumorbo;2B
mairie.villie-morgon@orange.fr;Centre communal d'action sociale (CCAS) - Villié-Morgon;69
mairiemazerulles@orange.fr;Centre communal d'action sociale (CCAS) - Mazerulles;54
mairie@grieges.fr;Centre communal d'action sociale (CCAS) - Grièges;01
mairie.crevechamps@mairie-crevechamps.fr;Centre communal d'action sociale (CCAS) - Crévéchamps;54
mairieboursault@wanadoo.fr;Centre communal d'action sociale (CCAS) - Boursault;51
mairie@ville-taverny.fr;Centre communal d'action sociale (CCAS) - Taverny;95
accueil.ccas@mairie-saint-orens.fr;Centre communal d'action sociale (CCAS) - Saint-Orens-de-Gameville;31
accueil.ccas@noyon.fr;Centre communal d'action sociale (CCAS) - Noyon;60
commune.de.talloires@wanadoo.fr;Centre communal d'action sociale (CCAS) - Talloires-Montmin;74
ccas@ville-comines.fr;Centre communal d'action sociale (CCAS) - Comines;59
contact@mairie-stedl.fr;Centre communal d'action sociale (CCAS) - Saint-Étienne-de-Lugdarès;07
mairie-le-mas-dazil@wanadoo.fr;Centre communal d'action sociale (CCAS) - Le Mas-d'Azil;09
mairie.selles.st.denis@orange.fr;Centre communal d'action sociale (CCAS) - Selles-Saint-Denis;41
mairie@colombier-le-vieux.fr;Centre communal d'action sociale (CCAS) - Colombier-le-Vieux;07
ccas@parentis.fr;Centre communal d'action sociale (CCAS) - Parentis-en-Born;40
infolisses@ville-lisses.fr;Centre communal d'action sociale (CCAS) - Lisses;91
mairie@marckolsheim.fr;Centre communal d'action sociale (CCAS) - Marckolsheim;67
ccas@levaldhazey.fr;Centre communal d'action sociale (CCAS) - Le Val d'Hazey;27
mairie@dunieres43.fr;Centre communal d'action sociale (CCAS) - Dunières;43
ccas@saintjeancapferrat.fr;Centre communal d'action sociale (CCAS) - Saint-Jean-Cap-Ferrat;06
mairie.plaingrandessar@wanadoo.fr;Centre communal d'action sociale (CCAS) - Les Plains-et-Grands-Essarts;25
ccas@aurillac.fr;Centre communal d'action sociale (CCAS) - Aurillac;15
mairie@saintignydevers.fr;Centre communal d'action sociale (CCAS) - Saint-Igny-de-Vers;69
social@ville-st-remy-chevreuse.fr;Centre communal d'action sociale (CCAS) - Saint-Rémy-lès-Chevreuse;78
mairie@saint-renan.fr;Centre communal d'action sociale (CCAS) - Saint-Renan;29
mairie.fertemilon@orange.fr;Centre communal d'action sociale (CCAS) - La Ferté-Milon;02
mairie@duppigheim.fr;Centre communal d'action sociale (CCAS) - Duppigheim;67
contact@lareole.fr;Centre communal d'action sociale (CCAS) - Galgon;33
info@mairie.chateauneuf.com;Centre communal d'action sociale (CCAS) - Châteauneuf-du-Pape;84
social@colomars.fr;Centre communal d'action sociale (CCAS) - Colomars;06
pole.social@ccas-chambery.fr;Centre communal d'action sociale (CCAS) - Chambéry;73
accueil@oudon.fr;Centre communal d'action sociale (CCAS) - Oudon;44
mairie@reichshoffen.fr;Centre communal d'action sociale (CCAS) - Reichshoffen;67
commune-de-levoncourt@orange.fr;Centre communal d'action sociale (CCAS) - Levoncourt;55
ccas-gargenville@ville-gargenville.fr;Centre communal d'action sociale (CCAS) - Gargenville;78
ccas.emploi@meyrargues.fr;Centre communal d'action sociale (CCAS) - Meyrargues;13
mairieaccueil@bagnolesdelorne.com;Centre communal d'action sociale (CCAS) - Bagnoles de l'Orne Normandie;61
info@varces.fr;Centre communal d'action sociale (CCAS) - Varces-Allières-et-Risset;38
heining.mairie@wanadoo.fr;Centre communal d'action sociale (CCAS) - Heining-lès-Bouzonville;57
mairie@saint-soupplets.fr;Centre communal d'action sociale (CCAS) - Saint-Soupplets;77
ccas@saintpierrequiberon.fr;Centre communal d'action sociale (CCAS) - Saint-Pierre-Quiberon;56
contact@mairie-appoigny.fr;Centre communal d'action sociale (CCAS) - Appoigny;89
mairie@mairiedesmatelles.fr;Centre communal d'action sociale (CCAS) - Les Matelles;34
commune-hachan@orange.fr;Centre communal d'action sociale (CCAS) - Hachan;65
service-social@sisteron.fr;Centre communal d'action sociale (CCAS) - Sisteron;04
administration@mairiedemurat.fr;Centre communal d'action sociale (CCAS) - Murat;15
mairie@accous.fr;Centre communal d'action sociale (CCAS) - Accous;64
social@mairie-beautiran.fr;Centre communal d'action sociale (CCAS) - Beautiran;33
ccas.batz@wanadoo.fr;Centre communal d'action sociale (CCAS) - Batz-sur-Mer;44
mairie@ville-marleslesmines.fr;Centre communal d'action sociale (CCAS) - Marles-les-Mines;62
mairie@villenoy.fr;Centre communal d'action sociale (CCAS) - Villenoy;77
mairie.novillars@wanadoo.fr;Centre communal d'action sociale (CCAS) - Novillars;25
mairiechapelleguillaume@wanadoo.fr;Centre communal d'action sociale (CCAS) - Chapelle-Guillaume;28
mairie@plainedargenson.fr;Centre communal d'action sociale (CCAS) - Plaine-d'Argenson;79
mairie@mairiedebou.fr;Centre communal d'action sociale (CCAS) - Bou;45
secretariat@asfeld.fr;Centre communal d'action sociale (CCAS) - Asfeld;08
contact@moiransenmontagne.fr;Centre communal d'action sociale (CCAS) - Moirans-en-Montagne;39
contact@neuville-en-ferrain.fr;Centre communal d'action sociale (CCAS) - Neuville-en-Ferrain;59
mairiedezutkerque@wanadoo.fr;Centre communal d'action sociale (CCAS) - Zutkerque;62
mairie.theys@wanadoo.fr;Centre communal d'action sociale (CCAS) - Theys;38
mairie@heyrieux.fr;Centre communal d'action sociale (CCAS) - Heyrieux;38
ccas@ville-saint-laurent-daigouze.fr;Centre communal d'action sociale (CCAS) - Saint-Laurent-d'Aigouze;30
mairie.stmartindutertre@wanadoo.fr;Centre communal d'action sociale (CCAS) - Saint-Martin-du-Tertre;89
communedesaintjean@sfr.fr;Centre communal d'action sociale (CCAS) - Saint-Jean-de-Buèges;34
labroque.mairie@labroque.fr;Centre communal d'action sociale (CCAS) - La Broque;67
mairie.arraincourt@wanadoo.fr;Centre communal d'action sociale (CCAS) - Arraincourt;57
mairie@montpreschambord.fr;Centre communal d'action sociale (CCAS) - Mont-près-Chambord;41
mairie@gron89.fr;Centre communal d'action sociale (CCAS) - Gron Yonne;89
accueil@maillane.fr;Centre communal d'action sociale (CCAS) - Maillane;13
ccas@ambaresetlagrave.fr;Centre communal d'action sociale (CCAS) - Ambarès-et-Lagrave;33
mairie@reville.fr;Centre communal d'action sociale (CCAS) - Réville;50
ccas@nyons.com;Centre communal d'action sociale (CCAS) - Nyons;26
proximite@caveirac.fr;Centre communal d'action sociale (CCAS) - Caveirac;30
ccas@ville-poussan.fr;Centre communal d'action sociale (CCAS) - Poussan;34
mairie@mairie-courchevel.com;Centre communal d'action sociale (CCAS) - Courchevel;73
dgs@ville-blendecques.fr;Centre communal d'action sociale (CCAS) - Blendecques;62
accueil@bouleurs.fr;Centre communal d'action sociale (CCAS) - Bouleurs;77
ccas@ville-labenne.fr;Centre communal d'action sociale (CCAS) - Labenne;40
mairie.catenay@wanadoo.fr;Centre communal d'action sociale (CCAS) - Catenay;76
mairie@villiers-le-mahieu.fr;Centre communal d'action sociale (CCAS) - Villiers-le-Mahieu;78
mairie.piennes@wanadoo.fr;Centre communal d'action sociale (CCAS) - Piennes;54
mairie@avoudrey.fr;Centre communal d'action sociale (CCAS) - Avoudrey;25
mairie-souvigny2@wanadoo.fr;Centre communal d'action sociale (CCAS) - Souvigny-en-Sologne;41
mairie-sg-bourville@wanadoo.fr;Centre communal d'action sociale (CCAS) - Bourville;76
commune.devry@orange.fr;Centre communal d'action sociale (CCAS) - Évry;89
mairie.gron.18@wanadoo.fr;Centre communal d'action sociale (CCAS) - Gron Cher;18
info@montrichard.fr;Centre communal d'action sociale (CCAS) - Montrichard Val de Cher;41
mairie@nervillelaforet.fr;Centre communal d'action sociale (CCAS) - Nerville-la-Forêt;95
commune@berles-monchel.fr;Centre communal d'action sociale (CCAS) - Berles-Monchel;62
mairie@bonnaysaintythaire.fr;Centre communal d'action sociale (CCAS) - Bonnay;71
mairie@saintgervais.com;Centre communal d'action sociale (CCAS) - Saint-Gervais-les-Bains;74
secretariat.mairie@deaux.fr;Centre communal d'action sociale (CCAS) - Deaux;30
mairie.ardenaysurmerize@wanadoo.fr;Centre communal d'action sociale (CCAS) - Ardenay-sur-Mérize;72
contact@caussesaubrac.fr;Communauté de communes - Causses à l'Aubrac;12
accueil@omdm.fr;Communauté de communes - Océan Marais de Monts;85
dgs@hautbearn.fr;Communauté de communes - Haut-Béarn;64
secretariat@ccbjc.fr;Communauté de communes - Bassin de Joinville en Champagne;52
contact@coeurdesologne.com;Communauté de communes - Coeur de Sologne;41
contact@coeurdeloire.fr;Communauté de communes - Coeur de Loire;58
contact.gbm@grandbesancon.fr;Communauté urbaine - Grand Besançon Métropole;25
contact@saint-lo-agglo.fr;Communauté d'agglomération - Saint-Lô Agglo;50
contact@agglo-bastia.corsica;Communauté d'agglomération - Bastia;2B
info@cc-pont-audemer.fr;Communauté de communes - Pont-Audemer Val de Risle;27
contact@cchc.fr;Communauté de communes - La Haute Comté;70
contact@civraisienpoitou.fr;Communauté de communes - Civraisien en Poitou;86
contact@lecotentin.fr;Communauté d'agglomération - Cotentin;50
contact@chalons-agglo.fr;Communauté d'agglomération - Châlons-en-Champagne;51
contact@decazeville-communaute.fr;Communauté - Decazeville;12
contact@cc-thann-cernay.fr;Communauté de communes - Thann-Cernay;68
contact@briancesudhautevienne.fr;Communauté de communes - Briance Sud Haute Vienne;87
contact@cc3f52.fr;Communauté de communes - Trois Forêts;52
contact@meusegrandsud.fr;Communauté d'agglomération - Meuse Grand Sud;55
contact@agglodebrive.fr;Communauté d'agglomération - Bassin de Brive;19
accueil@ccpsp24.fr;Communauté de communes - Portes Sud Périgord;24
contact@paysdelaserre.fr;Communauté de communes - Pays de la Serre;02
contact@cceg.fr;Communauté de communes - Erdre et Gesvres;44
accueil@cc-coeurdechartreuse.fr;Communauté de communes - Coeur de Chartreuse;38
agglojecoute@casq.fr;Communauté d'agglomération - Saint-Quentinois;02
contact@hautecorrezecommunaute.fr;Communauté de communes - Haute Corrèze;19
contact@ca-ajaccien.fr;Communauté d'agglomération - Pays Ajaccien;2A
accueil@c-lmv.fr;Communauté d'agglomération - Luberon Monts de Vaucluse;84
info@cc-deuxrives.fr;Communauté de communes - Deux Rives;82
accueil@dartagnanenfezensac.com;Communauté de communes - Artagnan en Fezensac;32
accueil@bocage-mayennais.fr;Communauté de communes - Bocage Mayennais;53
bienvenue@ccvba.fr;Communauté de communes - Vallée des Baux Alpilles;13
accueilsiege@ccandainepassais.fr;Communauté de communes - Andaine Passais;61
contact@choletagglomeration.fr;Communauté d'agglomération - Choletais;49
contact@terroirdecaux.net;Communauté de communes - Terroir de Caux;76
contact@pays-loudunais.fr;Communauté de communes - Pays Loudunais;86
contact@ccvexin-normand.fr;Communauté de communes - Vexin Normand;27
contact@yvetot-normandie.fr;Communauté de communes - Région d'Yvetot;76
contact@cciabb.fr;Communauté de communes - Interrégionale Aumale Blangy-sur-Bresle;76
accueil@toulouse-metropole.fr;Métropole - Toulouse;31
contact@iledenoirmoutier.org;Communauté de communes - Île de Noirmoutier;85
accueil@auray-quiberon.fr;Communauté de communes - Auray Quiberon Terre Atlantique;56
accueil@paysdefenelon.fr;Communauté de communes - Pays de Fénelon;24
service.clientele@agglo-bourgesplus.fr;Communauté d'agglomération - Bourges Plus;18
contact@ccpaysduzes.fr;Communauté de communes - Pays d'Uzès;30
accueil@pays-etain.fr;Communauté de communes - Pays d'Etain;55
contact@cc-paysdechantonnay.fr;Communauté de communes - Pays de Chantonnay;85
contact@cc-tenareze.fr;Communauté de communes - La Tenarèze;32
cdc@valesdunes.fr;Communauté de communes - Val ès Dunes;14
accueil@coulommierspaysdebrie.fr;Communauté d'agglomération - Coulommiers Pays de Brie;77
contact@grandchateaudun.fr;Communauté de communes - Grand Châteaudun;28
contact@cc-mdl.fr;Communauté de communes - Monts du Lyonnais;69
accueil@cc-sundgau.fr;Communauté de communes - Sundgau;68
accueil@ccpmb.fr;Communauté de communes - Pays du Mont-Blanc;74
agglomeration@loireforez.fr;Agglomération - Loire - Forez;42
bonjour@tille-venelle.fr;Communauté de communes - Tille et Venelle;21
secretariat@smvic.fr;Communauté de communes - Saint-Marcellin-Vercors-Isère Communauté;38
contact@cdcsudgironde.fr;Communauté de communes - Sud Gironde;33
contact@paysderibeauville.fr;Communauté de communes - Pays de Ribeauvillé;68
contact@ccpll.fr;Communauté de communes - Pays de Lalbenque Limogne;46
contact@paysdegrasse.fr;Communauté d'agglomération - Pays de Grasse;06
contact@cc-brennevaldecreuse.fr;Communauté de communes - Brenne Val de Creuse;36
contact@ccsvp.fr;Communauté de communes - Sidobre Vals et Plateaux;81
contact@adour-madiran.fr;Communauté de communes - Adour Madiran;65
contact@valdamour.com;Communauté de communes - Val d'Amour;39
contact@paysdiois.fr;Communauté de communes - Diois;26
contact@lamballe-terre-mer.bzh;Communauté de communes - Lamballe Terre et Mer;22
contact@cc-royans-vercors.org;Communauté de communes - Royans Vercors;26
contact@comcomdv.fr;Communauté de communes - Domme Villefranche-du-Périgord;24
accueil@cdc4b.com;Communauté de communes - 4B Sud Charente (Touvérac);16
contact@saumurvaldeloire.fr;Communauté d'agglomération - Saumur - Val de Loire;49
contact@rlv.eu;Communauté d'agglomération - Riom Limagne et Volcans;63
accueil@cc-coeurdegaronne.fr;Communauté de communes - Coeur de Garonne;31
accueil@vieetboulogne.fr;Communauté de communes - Vie et Boulogne;85
contact@estdelasomme.fr;Communauté de communes - Est de la Somme;80
accueil@ccbearndesgaves.fr;Communauté de communes - Béarn des Gaves;64
contact@ccsavoirfaire.fr;Communauté de communes - Savoir Faire;52
contact@cc-nordestbearn.fr;Communauté de communes - Nord Est Béarn;64
contact@val2c.fr;Communauté de communes - Val de Cher Controis;41
contact@pays-de-lure.fr;Communauté de communes - Pays de Lure;70
contact@3cma73.com;Communauté de communes - Coeur de Maurienne Arvan;73
info@cc-montsdupilat.fr;Communauté de communes - Monts du Pilat;42
caenlamer@caenlamer.fr;Communauté urbaine - Caen la Mer;14
cc-parthenay@cc-parthenay-gatine.fr;Communauté de communes - Parthenay Gâtine;79
contact@sauldre-sologne.fr;Communauté de communes - Sauldre et Sologne;18
contact@guingamp-paimpol.bzh;Guingamp-Paimpol-Agglomération;22
president@ccvaldecharente.fr;Communauté de communes - Val de Charente;16
accueil-cove@lacove.fr;Communauté d'agglomération - Ventoux Comtat Venaissin (COVE);84
contact@cc-pontdugard.fr;Communauté de communes - Pont du Gard;30
accueil@ccfc.corsica;Communauté de communes - Fium'Orbu Castellu;2B
vga@valdegaronne.fr;Communauté d'agglomération - Val de Garonne Agglomération;47
contact@cc-paysdesachards.fr;Communauté de communes - Pays des Achards;85
secretariat@ccmirecourtdompaire.fr;Communauté de communes - Mirecourt Dompaire;88
accueil@cc-valdegers.fr;Communauté de communes - Val de Gers;32
contact@cceg-973.fr;Communauté de communes - Est Guyanais;973
contact@dinan-agglomeration.fr;Agglomération - Dinan;22
accueil@vexinthelle.com;Communauté de communes - Vexin Thelle;60
contact@communaute-coutances.fr;Communauté de communes - Coutances Mer et Bocage;50
secretariat@gartempe-saint-pardoux.fr;Communauté de communes Gartempe Saint-Pardoux;87
contact@capnordmartinique.fr;Communauté d'agglomération - Pays Nord Martinique;972
contact@4cvs.fr;Communauté de communes - Côtes de Champagne et Val de Saulx;51
contact@cc-avm.fr;Communauté de communes - Avallon Vézelay Morvan;89
contact@grandroye.fr;Communauté de communes - Grand Roye;80
contact@ccvg86.fr;Communauté de communes - Vienne et Gartempe;86
contact@challansgois.fr;Communauté de communes - Challans Gois communauté;85
accueilccnb@orange.fr;Communauté de communes - Nivernais Bourbonnais;58
ccbdp@cc-bdp.fr;Communauté de communes - Baronnies en Drôme Provençale;26
contact@cc-chatillonnais.fr;Communauté de communes - Pays Châtillonnais;21
contact@thelloise.fr;Communauté de communes - Thelloise;60
direction@centretarn.fr;Communauté de communes - Centre Tarn;81
accueil@cc-du-provinois.fr;Communauté de communes - Provinois;77
contact@cdcgemozac.fr;Communauté de communes - Gémozac et de la Saintonge Viticole;17
contact@aunisatlantique.fr;Communauté de communes - Aunis Atlantique;17
contact@ccvsa.fr;Communauté de communes - La Vallée de Saint-Amarin;68
contact@ca2bm.fr;Communauté d'agglomération - Deux Baies en Montreuillois;62
accueil@ccltd.fr;Communauté de communes - Lavalette Tude Dronne;16
agglo@agglo-niort.fr;Communauté d'agglomération - Niortais;79
contact@metropolegrandparis.fr;Métropole - Grand Paris;75
courrier@ladomitienne.com;Communauté de communes - La Domitienne;34
contact@mayennecommunaute.fr;Communauté de communes - Mayenne Communauté;53
cc@terredecamargue.fr;Communauté de communes - Terre de Camargue;30
secretariat@ccjlvd.fr;Communauté de communes - Jabron Lure Vançon Durance;04
contact@valdille-aubigne.fr;Communauté de communes - Val d'Ille Aubigné;35
ccbhv@cc-ballonsdeshautesvosges.fr;Communauté de communes des Ballons des Hautes-Vosges;88
contact@ccdraga.fr;Communauté de communes - Rhône aux Gorges de l'Ardèche;07
angelique.fontaine@conchesenouche.com;Communauté de communes - Pays de Conches;27
accueil@ccstenaydun.fr;Communauté de communes - Pays de Stenay et du Val Dunois;55
info@agglo-casa.fr;Communauté d'agglomération - Sophia Antipolis;06
contact@metropoletpm.fr;Métropole - Toulon Provence Méditerranée;83
accueil@thononagglo.fr;Communauté d'agglomération - Thonon Agglomération;74
contact@ccterres-auxois.fr;Communauté de communes - Terres d'Auxois;21
contact@hlc.bzh;Communauté - Haut-Léon;29
contact@ccpbs.fr;Communauté de communes - Pays Bigouden Sud;29
contact@cc-vh.fr;Communauté de communes de la Vallée de l'Homme;24
communautedecommunes@belinois.fr;Communauté de communes - Orée de Bercé Belinois;72
contact@cc-aireargonne.fr;Communauté de communes - Aire à l'Argonne;55
accueil@rt78.fr;Communauté d'agglomération - Rambouillet Territoires;78
accueil@stmeen-montauban.fr;Communauté de communes - Saint-Méen Montauban;35
contact@aunis-sud.fr;Communauté de communes - Aunis Sud;17
contact@villes-soeurs.fr;Communauté de communes - Villes Soeurs;76
administration@coeurduperche.fr;Communauté de communes - Coeur du Perche;61
contact.agglo@lepuyenvelay.fr;Communauté d'agglomération - Puy-en-Velay;43
grandlieu@grandlieu.fr;Communauté de communes - Grand Lieu;44
contact@caba.fr;Communauté d'agglomération - Bassin d'Aurillac;15
accueil@cote-emeraude.fr;Communauté de communes - Côte d'Émeraude;35
accueil@ccrlp.fr;Communauté de communes - Rhône Lez Provence;84
accueil@cc-ce.com;Communauté de communes - Cattenom et Environs;57
accueil@agglo-muretain.fr;Agglomération - Muretain;31
contact@cc-stationdesrousses.fr;Communauté de communes - La Station des Rousses;39
contact@sologne-des-etangs.fr;Communauté de communes - La Sologne des Etangs;41
contact@touraineestvallees.fr;Communauté de communes - Touraine Est Vallées;37
contact@hautesterres.fr;Communauté de communes - Hautes Terres Communauté;15
info@creusot-montceau.org;Communauté urbaine - Creusot Montceau;71
contact@ccdombes.fr;Communauté de communes - La Dombes;01
contact@ccmarcigny.fr;Communauté de communes - Marcigny;71
contact.ccsb@sisteronais-buech.fr;Communauté de communes - Sisteronais Buëch;04
accueil@la4c.fr;Communauté de communes - Canton de La Chambre;73
contact@communautesoragout.fr;Communauté de communes - Sor et de l'Agout;81
accueil@creusesudouest.fr;Communauté de communes - Creuse Sud Ouest;23
contact@grandverdun.fr;Communauté d'agglomération - Grand Verdun;55
ccve@ccvalessonne.com;Communauté de communes - Val d'Essonne;91
contact@charente-limousine.fr;Communauté de communes - Charente Limousine;16
contact@marchesduvelayrochebaron.fr;Communauté de communes - Marches du Velay Rochebaron;43
contact@4cps.fr;Communauté de communes - La Champagne Conlinoise et du Pays de Sillé;72
sg@ccmedocatlantique.fr;Communauté de communes - Médoc Atlantique;33
cc@valmarnaysien.com;Communauté de communes - Val Marnaysien;70
contact@cu-arras.org;Communauté urbaine - Arras;62
contact@cclouelison.fr;Communauté de communes - Loue Lison;25
cdc.piney@ccpiney.fr;Communauté de communes - Forêts Lacs Terres en Champagne;10
cdc@cingal-suissenormande.fr;Communauté de communes - Cingal Suisse Normande;14
contact@cc-pierresdorees.com;Communauté de communes - Beaujolais Pierres Dorées;69
contact@cc-paysdelapalisse.fr;Communauté de communes - Pays de Lapalisse;03
secretariat@loirluceberce.fr;Communauté de communes - Loir Lucé Bercé;72
comcomoriente@orange.fr;Communauté de communes - Oriente;2B
contact@ville-poligny.fr;Communauté de communes - Arbois Poligny Salins Coeur du Jura;39
info@communaute-saint-yrieix.fr;Communauté de communes - Pays de Saint-Yrieix;87
accueil@t2l-54.fr;Communauté de communes - Terre Lorraine du Longuyonnais;54
contact@ccvalguiers.fr;Communauté de communes - Val Guiers;73
contact@cc-pays-huriel.com;Communauté de communes - Pays d'Huriel;03
info@coeurcotefleurie.org;Communauté de communes - Coeur Côte Fleurie;14
contact@doubsbaumois.org;Communauté de communes - Doubs Baumois;25
accueil@coeurdesaintonge.fr;Communauté de communes - Coeur de Saintonge;17
cdc@cdcaire.org;Communauté de communes - Aire sur l'Adour;40
contact@quercyvertaveyron.fr;Communauté de communes - Quercy Vert-Aveyron;82
accueil@pyreneesaudoises.fr;Communauté de communes - Pyrénées Audoises;11
accueil@cc-saintaffricain.fr;Communauté de communes - Saint-Affricain Roquefort Sept Vallons;12
contact@pays-colombey-sudtoulois.fr;Communauté de communes - Pays de Colombey et du Sud Toulois;54
contact@ccdourdannais.com;Communauté de communes - Le Dourdannais en Hurepoix;91
contact@ccpu.fr;Communauté de communes - Pays d'Urfé;42
secretariat@cc4r.eu;Communauté de communes - Quatre Rivières;70
contact@portesduluxembourg.fr;Communauté de communes - Portes du Luxembourg;08
accueil@cdctrieves.fr;Communauté de communes - Trièves;38
cc2v@cc2v91.fr;Communauté de communes - 2 Vallées - Milly-la-Forêt;91
agglo@seine-eure.com;Communauté d'agglomération - Seine-Eure;27
contact@bbo-communaute.bzh;Communauté de communes - Blavet Bellevue Océan;56
contact@cc-sms.fr;Communauté de communes - Sarrebourg Moselle Sud;57
contact@paysdenay.fr;Communauté de communes - Pays de Nay;64
accueil.ivn@vireaunoireau.fr;Intercom - La Vire au Noireau;14
contact@ardennesthierache.fr;Communauté de communes - Ardennes Thiérache;08
contact@cadema.yt;Communauté d'agglomération - Dembeni Mamoudzou;976
accueil@valenceromansagglo.fr;Communauté d'agglomération - Valence Romans Agglo;26
codecom@mairie-saintdizier.fr;Communauté d'agglomération - Saint-Dizier Der et Blaise;52
contact@capvaldesaone.fr;Communauté de communes - Auxonne Pontailler Val de Saône;21
president@baugeoisvallee.fr;Communauté de communes - Baugeois Vallée;49
administration@paysdopale.fr;Communauté de communes - Pays d'Opale;62
accueil@cdc-vansencevennes.fr;Communauté de communes - Pays des Vans en Cévennes;07
info@vienne-condrieu-agglomeration.fr;Communauté d'agglomération - Vienne Condrieu;38
contact@grandpontarlier.fr;Communauté de communes - Grand Pontarlier;25
contact@ccvcmb.fr;Communauté de communes - La Vallée de Chamonix Mont-Blanc;74
ecrire@agglo-haguenau.fr;Communauté d'agglomération - Haguenau;67
contact@cctoval.fr;Communauté de communes - Touraine Ouest Val de Loire;37
contact@grandparissud.fr;Communauté d'agglomération - Grand Paris Sud Seine Essonne Sénart;91
contact@mond-arverne.fr;Communauté - Mont-d'Arverne;63
info@cc-valdevienne.fr;Communauté de communes - Val de Vienne;87
contact@saulieu-morvan.fr;Communauté de communes - Saulieu;21
accueil@cc-champagne-boischauts.fr;Communauté de communes - Champagne Boischauts;36
contact@cc-russey.fr;Communauté de communes - Plateau de Russey;25
contact@lesmontsdarre.bzh;Communauté de communes - Monts d'Arrée Communauté;29
contact@ccl-valleedoree.fr;Communauté de communes - Liancourtois la Vallée Dorée;60
contact@maugescommunaute.fr;Communauté d'agglomération - Mauges Communauté;49
accueil.pmca@perpignan-mediterranee.org;Communauté urbaine - Perpignan Méditerranée Métropole;66
accueil@ccterresduvaldeloire.fr;Communauté de communes - Terres du Val de Loire;45
contact@cc2v.fr;Communauté de communes - Deux Vallées;60
contact@coeur-dastarac.fr;Communauté de communes - Coeur d'Astarac en Gascogne;32
info@cc-gorgesardeche.fr;Communauté de communes - Gorges de l'Ardèche;07
communication@tours-metropole.fr;Métropole - Tours Val de Loire;37
acceuil@capissoire.fr;Communauté d'agglomération - Agglo Pays d'Issoire (API);63
communautedecommunes@quercycaussadais.fr;Communauté de communes - Quercy Caussadais;82
contact@ccgcc48.fr;Communauté de communes - Gorges Causses Cévennes;48
ccpo@paysdelourcq.fr;Communauté de communes - Pays de l'Ourcq;77
accueil@ccpi.bzh;Communauté de communes - Pays d'Iroise;29
cdc@valdeleyre.fr;Communauté de communes - Val de l'Eyre;33
contact@terresduhautberry.fr;Communauté de communes - Terres du Haut Berry;18
communaute-reg-audruicq@ccra.fr;Communauté de communes - La région d'Audruicq;62
communautedecommunes@pays-rignacois.fr;Communauté de communes - Pays Rignacois;12
contact@agglo-colmar.fr;Agglomération - Colmar;68
accueil@marneetgondoire.fr;Communauté d'agglomération - Marne et Gondoire;77
cdc@coeurdebrenne.fr;Communauté de communes - Coeur de Brenne;36
secretariat@arcade-cchj.fr;Communauté de communes - Haut-Jura Arcade;39
courrier@ville-pau.fr;Communauté d'agglomération - Pau Béarn Pyrénées;64
contact@pcc.bzh;Communauté de communes - Pays de Châteaugiron;35
contact@aure-louron.fr;Communauté de communes - Aure Louron;65
contact@champagnolenozeroyjura.fr;Communauté de communes - Champagnole Nozeroy Jura;39
contact@ccvo3f.fr;Communauté de communes - La Vallée de l'Oise et des Trois Forêts;95
contact@bazoisloiremorvan.fr;Communauté de communes - Bazois Loire Morvan;58
accueil@2c2r.fr;Communauté de communes - La région de Rambervillers;88
contact@roumoiseine.fr;Communauté de communes - Roumois Seine;27
communaute@casas57.fr;Communauté d'agglomération - Saint-Avold Synergie;57
comcom@cc-sources-lac-annecy.com;Communauté de communes - sources du lac d'Annecy;74
contact@agglo-ville.chartres.fr;Communauté d'agglomération - Chartres Métropole;28
mairie@mane-en-provence.com;Communauté de communes - Haute-Provence Pays de Banon;04
secretariat@caudresis-catesis.fr;Communauté de communes - Caudrésis Catésis;59
secretariat@ccoa-aube.fr;Communauté de communes - Orvin et de l'Ardusson;10
contact@agglopolys.fr;Communauté d'agglomération - Blois;41
accueil@cc-qrga.fr;Communauté de communes - Quercy Rouergue et des Gorges de l'Aveyron;82
contact@mainecoeurdesarthe.fr;Communauté de communes - Maine Coeur de Sarthe;72
contact@plateaudecaux.fr;Communauté de communes - Plateau de Caux Doudeville Yerville;76
accueil@ccpc51.fr;Communauté de communes - Paysages de la Champagne;51
contact@ccmorvan.fr;Communauté de communes - Morvan Sommets et Grands Lacs;58
courrier@grandbourg.fr;Communauté d'agglomération - Bassin de Bourg-en-Bresse;01
accueil@ccjovinien.fr;Communauté de communes - Jovinien;89
cabinet@carcassone-agglo.fr;Agglomération - Carcassonne;11
accueil.chl@coeurhautelande.fr;Communauté de communes - Coeur Haute Lande;40
secretariat@coeurdupayshaut.fr;Communauté de communes -  Coeur du Pays-Haut;54
accueil@pays-fontainebleau.fr;Communauté d'agglomération - Pays de Fontainebleau;77
ccptpaystrie@orange.fr;Communauté de communes - Pays de Trie et du Magnoac;65
contact@valdecher.fr;Communauté de communes - Val de Cher;03
communaute@estuaire-sillon.fr;Communauté de communes - Estuaire et Sillon;44
cdc@asv-cdc.fr;Communauté de communes - Ardèche des Sources et Volcans;07
contact@ccv2m.fr;Communauté de communes - Vézère-Monédières-Millesources;19
contact@ccirb.fr;Communauté de communes - Île-Rousse-Balagne;2B
ccht48310@gmail.com;Communauté de communes - Hautes Terres de l'Aubrac;48
accueil@ville-forcalquier.fr;Communauté de communes - Pays Forcalquier et Montagne de Lure;04
secretariat.general@grand-figeac.fr;Communauté de communes - Grand Figeac;46
contact@cc-golfedesainttropez.fr;Communauté de communes - Golfe de Saint-Tropez;83
accueil@cchvo.com;Communauté de communes - Haut-Val d'Oise;95
communaute@coeuressonne.fr;Communauté d'agglomération - Coeur d'Essonne;91
contact.agglo@agglo-moulins.fr;Communauté d'agglomération - Moulins communauté;03
contact@alsacerhinbrisach.fr;Communauté de communes - Pays Rhin Brisach;68
contact@arcsudbretagne.fr;Communauté de communes - Arc Sud Bretagne;56
accueil@ardenne-metropole.fr;Communauté d'agglomération - Ardenne Métropole;08
caesm@espacesud.fr;Communauté d'agglomération - Espace Sud de la Martinique;972
contact@brayeawy.fr;Communauté de communes - Bray Eawy;76
contact@c-or.fr;Communauté d'agglomération - Ouest Rhodanien;69
contact@cc-hautpoitou.fr;Communauté de communes - Haut-Poitou;86
contact@quimperle-co.bzh;Communauté - Quimperlé;29
accueil@paysdenexon-montsdechalus.fr;Communauté de communes - Pays de Nexon Monts de Chalus;87
ccpi@issoudun.fr;Communauté de communes - Pays d'Issoudun;36
accueil@3co-mayotte.fr;Communauté de communes - Centre Ouest (3CO) - Tsingoni (Mayotte);976
accueil@gaillac-graulhet.fr;Communauté d'agglomération - Gaillac-Graulhet;81
accueil@rafcom.bzh;Communauté de communes - Roche aux Fées Communauté;35
contact@coteauxdugirou.fr;Communauté de communes - Coteaux du Girou;31
contact@conflentcanigo.fr;Communauté de communes - Conflent Canigó;66
contact@lacali.fr;Communauté d'agglomération - Libournais - La Cali;33
contact@ccphva.com;Communauté de communes - Pays Haut Val d'Alzette;57
ccvm@cc-vallee-munster.fr;Communauté de communes - La Vallée de Munster;68
contact@nantesmetropole.fr;Métropole - Nantes;44
contact@ccilap.fr;Communauté de communes - Isle Loue Auvézère en Périgord;24
accueil@cap-atlantique.fr;Communauté d'agglomération - La presqu'île de Guérande Atlantique - Cap Atlantique;44
contact@grandchambord.fr;Communauté de communes - Grand Chambord;41
administratif@cc-loire-allier.fr;Communauté de communes - Loire et Allier;58
cdc@paysdelaigle.fr;Communauté de communes - Pays de L'Aigle;61
contact@agglodieppe-maritime.com;Communauté d'agglomération - Dieppe Maritime;76
contact@ca-saintdie.fr;Communauté d'agglomération - Saint-Dié-des-Vosges;88
contact@pbi14.fr;Communauté de communes - Pré Bocage Intercom;14
contact@cchautesvosges.fr;Communauté de Communes des Hautes Vosges;88
secretariat@comcom-londinieres.fr;Communauté de communes - Londinières;76
info@cc-valleedelacreuse.fr;Communauté de communes - Éguzon Argenton Vallée de la Creuse;36
secretariat@lagrandvalliere.fr;Communauté de communes - La Grandvallière;39
contact@payssancey-belleherbe.fr;Communauté de communes du Pays de Sancey-Belleherbe;25
contact@creilsudoise.fr;Communauté d'agglomération - Creil Sud Oise;60
accueil@cc-nozay.fr;Communauté de communes - Nozay;44
contact@vitry-le-francois.net;Communauté de communes - Vitry Champagne et Der;51
contact@ccsudretzatlantique.fr;Communauté de communes - Sud Retz Atlantique;44
contact@copary.fr;Communauté de communes - Pays de Revigny-sur-Ornain;55
contact@coeurdenacre.fr;Communauté de communes - Coeur de Nacre;14
contact@cc-paysdefayence.fr;Communauté de communes - Pays de Fayence;83
contact@ccltb.fr;Communauté de communes - Le Tonnerrois en Bourgogne;89
ccpv@ccpv.fr;Communauté de communes - Picardie Verte;60
contact@ccpaysniederbronn.fr;Communauté de communes - Pays de Niederbronn-les-Bains;67
courrier.agglo@annonayrhoneagglo.fr;Communauté d'agglomération - Annonay Rhône Agglo;07
accueil@cdcpaysnerondes.com;Communauté de communes - Pays de Nérondes;18
contact@ccpro.fr;Communauté de communes - Pays Réuni d'Orange;84
comcom@terresdebresse.fr;Communauté de communes - Terres de Bresse;71
contact@cca.bzh;Agglomération - Concarneau - Cornouaille;29
contact@cc-paysfouesnantais.fr;Communauté de communes - Pays Fouesnantais;29
contact@comcomsa.fr;Communauté de communes - Seine et Aube;10
contact@coevrons.fr;Communauté de communes - Coëvrons;53
contact@provencealpesagglo.fr;Communauté d'agglomération - Provence Alpes agglomération;04
contact@cc-vermandois.com;Communauté de communes - Pays du Vermandois;02
contact@ccb3f.fr;Communauté de communes - Bouzonvillois 3 Frontières;57
administration@ccvexincentre.fr;Communauté de communes - Vexin Centre;95
contact@capexcellence.net;Communauté d'agglomération - Cap Excellence;971
contact@agglo-rochefortocean.fr;Communauté d'agglomération - Rochefort Océan;17
info@ccpp06.fr;Communauté de communes - Pays des Paillons;06
info@bassin-pont-a-mousson.fr;Communauté de communes - Bassin de Pont-à-Mousson;54
secretariat@ccphg.fr;Communauté de communes - Pyrénées Haut Garonnaises;31
secretariat@ccvmvs.fr;Communauté de communes - Val de Meuse Voie Sacrée;55
contact@oust-broceliande.bzh;Communauté de communes - Oust à Brocéliande Communauté;56
accueil@grand-auch.fr;Communauté d'agglomération - Grand Auch Coeur de Gascogne;32
c.c@cac-ts.com;Communauté de communes - Causses Aigoual Cévennes;30
contact@portesdemeuse.fr;Communauté de communes - Portes de Meuse;55
accueil@cc-plaine-nord-loiret.fr;Communauté de communes - La Plaine du Nord Loiret;45
contact@cdcvam.fr;Communauté de communes - Vallées d'Auge et du Merlerault;61
accueil@paysdefalaise.fr;Communauté de communes - Pays de Falaise;14
courrier@ccfg.fr;Communauté de communes - Faucigny Glières;74
contact@paysfulgentessarts.fr;Communauté de communes - Pays de Saint-Fulgent Les Essarts;85
ccicp@ccicp.fr;Communauté de communes - Isle et Crempse en Périgord;24
secretariat.general@grand-albigeois.fr;Communauté d'agglomération - Albigeois;81
contact@ccchr.fr;Communauté de communes - Centre du Haut-Rhin;68
accueil@ccvt.fr;Communauté de communes - Vallées de Thônes;74
dgs@cdc-fronsadais.com;Communauté de communes - Fronsadais;33
communication@cc-cvl.fr;Communauté de communes - Chinon Vienne et Loire;37
accueil@ccgascognetoulousaine.com;Communauté de communes - La Gascogne Toulousaine;32
com.cnes.montbazens@wanadoo.fr;Communauté de communes - Plateau de Montbazens;12
accueil.ccspn@sarlat.fr;Communauté de communes - Sarlat Périgord Noir;24
contact@albretcommunaute.fr;Communauté de communes - Albret Communauté;47
agglo@grandannecy.fr;Grand Annecy;74
accueil@agglohm.net;Communauté d'agglomération - Hérault Méditerranée;34
accueil@cc-valdargent.fr;Communauté de communes - Val d'Argent;68
accueil@rivesdemoselle.fr;Communauté de communes - Rives de Moselle;57
accueil@normandiecabourgpaysdauge.fr;Communauté de communes - Normandie Cabourg Pays d'Auge;14
contact@codecomfresnes.com;Communauté de communes - Territoire de Fresnes-en-Woëvre;55
accueil@ccejr.org;Communauté de communes - Entre Juine et Renarde (CCEJR);91
secretariat@cc3m.fr;Communauté de communes - Meurthe Mortagne Moselle;54
contact@ville-dunkerque.fr;Communauté urbaine - Dunkerque;59
info@cc-paysdesecrins.com;Communauté de communes - Pays des Écrins;05
accueil@ccev.fr;Communauté de communes - Écueillé Valençay;36
contact@norgeettille.fr;Communauté de communes - Norge et Tille;21
secretariat@rivesdesaone.fr;Communauté de communes - Rives de Saône;21
ccbr71@orange.fr;Communauté de communes - Bresse Revermont 71;71
contact@redon-agglomeration.bzh;Communauté d'agglomération - Redon Agglomération;35
contact@ca-paysdelaon.fr;Communauté d'agglomération - Pays de Laon;02
accueil@cc-laveyle.fr;Communauté de communes - La Veyle;01
contact@petitecamargue.fr;Communauté de communes - Petite Camargue;30
ccvba@cc-vba.com;Communauté de communes - Vallées de la Braye et de l'Anille;72
contact@cc-plainedelain.fr;Communauté de communes - La Plaine de l'Ain;01
accueilagglo@agglo-soissonnais.com;Communauté d'agglomération - Soissonnais;02
ccvd@val-de-drome.com;Communauté de communes - Val de Drôme;26
contact@valleedeville.fr;Communauté de communes - La Vallée de Villé;67
contact@dreux-agglomeration.fr;Communauté d'agglomération - Pays de Dreux;28
accueil@ccmt71.fr;Communauté de communes - Mâconnais Tournugeois;71
infos@cacl-guyane.fr;Communauté d'agglomération - Centre Littoral;973
communication@mairie-cahors.fr;Communauté d'agglomération - Grand Cahors;46
direction.generale@ccrm41.fr;Communauté de communes - Romorantinais et du Monestois;41
contact@mfcc.fr;Communauté de communes - Mirebellois et Fontenois;21
accueil@ccfu.fr;Communauté de communes - Fier et Usses;74
communaute.communes@couserans-pyrenees.fr;Communauté de communes - Couserans Pyrénées;09
ccph@cc-payshoudanais.fr;Communauté de communes - Pays Houdanais (CCPH);78
info@paysdegexagglo.fr;Communauté d'Agglomération - Pays de Gex;01
communaute-de-communes@lomagne-gersoise.com;Communauté de communes - Lomagne Gersoise;32
secretariat@rmcom.bzh;Communauté de communes - Roi Morvan communauté;56
info@paysdesherbiers.fr;Communauté de communes - Pays des Herbiers;85
contact@cc-erstein.fr;Communauté de communes - Canton d'Erstein;67
communautedecommunes@portedemaurienne.eu;Communauté de communes - Porte de Maurienne;73
contact@cc-lomagne82.fr;Communauté de communes - La Lomagne Tarn et Garonnaise;82
contact@ccpap.fr;Communauté de communes - Portes d'Ariège Pyrénées;09
contact@vosgescotesudouest.fr;Communauté de communes - Vosges côté Sud Ouest;88
carl@rivieradulevant.fr;Communauté d'Agglomération - La Riviéra du Levant;971
info@ceze-cevennes.fr;Communauté de communes - Cèze Cévennes;30
contact@vdeagglo.fr;Communauté d'agglomération - Val d'Europe Agglomération;77
accueil@hautpaysduvelay.fr;Communauté de communes - Haut pays du Velay;43
contact@ccsemur.fr;Communauté de communes - Canton de Semur-en-Brionnais;71
contact@codecom-paysdemontmedy.fr;Communauté de communes - Pays de Montmédy;55
secretariat@brienangissienne.fr;Communauté de communes - La Brie Nangissienne;77
amvs@amvs.fr;Communauté d'agglomération - Maubeuge Val de Sambre;59
contact@ca-baiedesomme.fr;Communauté d'agglomération - La Baie de Somme;80
cdc@cdcvaldorne.fr;Communauté de communes - Val d'Orne;61
communautedecommunes@sablesursarthe.fr;Communauté de communes - Pays-Sabolien;72
cc@brionnaissudbourgogne.fr;Communauté de communes - La Clayette Chauffailles en Brionnais;71
contact@cc-paysdelafrancaise.fr;Communauté de communes - Coteaux et Plaines du Pays Lafrançaisain;82
contact@grand-villeneuvois.fr;Communauté d'agglomération - Grand Villeneuvois;47
contact@ccpr24.fr;Communauté de communes - Pays Ribéracois;24
contact@pyrenees-catalanes.com;Communauté de communes - Pyrénées Catalanes;66
accueil@bretagneportedeloire.fr;Communauté de communes - Bretagne Porte de Loire Communauté;35
accueil@bressenordintercom.fr;Communauté de communes - Canton de Pierre-de-Bresse;71
contact@pornicagglo.fr;Communauté d'agglomération - Pornic Agglo Pays de Retz;44
cclaseptaine@cc-laseptaine.fr;Communauté de communes - La Septaine;18
contact@ccserreponcon.com;Communauté de communes - Serre-Ponçon;05
contact@agglo-pvm.fr;Communauté d'agglomération - Paris Vallée de la Marne;77
contact@ccqb.fr;Communauté de communes - Quercy Bouriane;46
contact@ccapv.fr;Communauté de communes - Alpes Provence Verdon Sources de Lumière;04
contact@ternoiscom.fr;Communauté de communes - Ternois;62
accueil@archeagglo.fr;Communauté d'agglomération - Arche Agglo;07
contact@legrandnarbonne.com;Communauté d'agglomération - Le Grand Narbonne;11
courrier@grandbelfort.fr;Communauté d'agglomération - Grand Belfort;90
contact@terrestouloises.com;Communauté de communes - Terres Touloises;54
direction@cc-giennoises.fr;Communauté de communes - Giennoises;45
cc.museetraspesdutarn@orange.fr;Communauté de communes - La Muse et des Raspes du Tarn;12
cdclamastre@gmail.com;Communauté de communes - Pays de Lamastre;07
accueil@ccsso.fr;Communauté de communes - Senlis Sud Oise;60
agglomerationvesoul@vesoul.fr;Communauté d'agglomération - Vesoul;70
contact@cchautesarthealpesmancelles.fr;Communauté de communes - Haute Sarthe Alpes Mancelles;72
secretariat@grand-langres.fr;Communauté de communes - Grand Langres;52
accueil@cchpm.fr;Communauté de communes - Haut Pays du Montreuillois;62
secretariat@paysdelor.fr;Agglomération - Pays-de-l'Or;34
dgs@cc-collinesperche.fr;Communauté de communes - Collines du Perche;41
ccfm@cc-freyming-merlebach.fr;Communauté de communes - Freyming-Merlebach;57
contact@valbriard.fr;Communauté de communes - Val Briard;77
accueil@cc-calvi-balagne.fr;Communauté de communes - Calvi Balagne;2B
contact@maranagolo.org;Communauté de communes - Marana-Golo;2B
contact@montpellier3m.fr;Métropole - Montpellier Méditerranée;34
cc.portesderomilly@ccprs.fr;Communauté de communes - Portes de Romilly-sur-Seine;10
direction.generale@carf.fr;Communauté d'agglomération - La Riviera Française;06
accueil@cauxseine.fr;Agglomération - Caux - Seine;76
standard@ville-chaumont.fr;Communauté d'agglomération - Chaumont Bassin Nogentais et Bassin de Bologne Vignory Froncles;52
contactbazas@cdcdubazadais.fr;Communauté de communes - Bazadais;33
contact@paysduzerche.fr;Communauté de communes - Pays d'Uzerche;19
contact@cc-volvestre.fr;Communauté de communes - Volvestre;31
accueil@payssaintgilles.fr;Communauté de communes - Pays de Saint-Gilles-Croix-de-Vie;85
s.administratif@cdc-lcss.fr;Communauté de communes - La Châtre et Sainte Sévère;36
accueil@melloisenpoitou.fr;Communauté de communes - Mellois en Poitou;79
contact@cc-pmf.fr;Communauté de communes - Plaines et Monts de France;77
accueil@ardecherhonecoiron.fr;Communauté de communes - Ardèche Rhône Coiron;07
ccvo@cc-ossau.fr;Communauté de communes - La Vallée d'Ossau;64
contact@cc-berryloirepuisaye.fr;Communauté de communes - Berry Loire Puisaye;45
cc.hautlignon@wanadoo.fr;Communauté de communes - Haut-Lignon;43
accueil@chataigneraie15.fr;Communauté de communes - Châtaigneraie Cantalienne;15
accueil@cchcpp.fr;Communauté de communes - Haut Chemin Pays de Pange;57
contact@scmb71.com;Communauté de communes - Saint-Cyr Mère Boitier entre Charolais et Mâconnais;71
contact@ried-marckolsheim.fr;Communauté de communes - Ried de Marckolsheim;67
accueil@cc-acvi.com;Communauté de communes - Albères Côte Vermeille et de l'Illibéris;66
administration@cc-saulnois.fr;Communauté de communes - Saulnois;57
accueil@ccpif.fr;Communauté de communes - Les Portes de l'Île-de-France;78
accueil@ccmontlozere.fr;Communauté de communes - Mont Lozère;48
mg@agglopole.fr;Sète Agglopôle Méditerranée;34
accueil@cc-montdesavaloirs.fr;Communauté de communes - Mont des Avaloirs;53
contact@agglo-plainevallee.fr;Communauté d'agglomération - Plaine Vallée;95
accueil@lysed.fr;Communauté de communes - Lyon Saint Exupéry en Dauphiné;38
info@cc-kaysersberg.fr;Communauté de communes - La Vallée de Kaysersberg;68
com.com@cc-desvressamer.fr;Communauté de communes - Desvres Samer;62
contact@cc-outreforet.fr;Communauté de communes - Outre Forêt;67
contact@granville-terre-mer.fr;Communauté de communes - Granville Terre et Mer;50
contact@paysduneubourg.fr;Communauté de communes - Pays du Neubourg;27
coeurdeberry@orange.fr;Communauté de communes - Coeur de Berry;18
cchvc78@orange.fr;Communauté de communes - La Haute Vallée de Chevreuse;78
accueil@villedieuintercom.fr;Communauté de communes - Villedieu Intercom;50
contact@cc-miribel.fr;Communauté de communes - Miribel et du Plateau;01
contact@ccrlcm.fr;Communauté de communes - Région Lézignanaise Corbières et Minervois;11
contact@cc-castelrenaudais.fr;Communauté de communes - Castelrenaudais;37
info@cc-sudestuaire.fr;Communauté de communes - Sud Estuaire;44
contact@arlysere.fr;Communauté d'agglomération - Arlysère;73
info@ccgvm.com;Communauté de communes - La Grande Vallée de la Marne;51
contact@creuseconfluence.com;Communauté de communes - Creuse Confluence;23
contact@communaute-paysbasque.fr;Communauté d'agglomération - Pays Basque;64
accueil@civis.re;Communauté intercommunale - Des villes solidaires;974
contact@metropole-rouen-normandie.fr;Métropole - Rouen Normandie;76
secretariat@cagiregaronnesalat.fr;Communauté de communes - Cagire Garonne Salat;31
contact@ccsb-saonebeaujolais.fr;Communauté de communes - Saône Beaujolais;69
contact@cc-valleeverte.fr;Communauté de communes - La Vallée Verte;74
ccpom@ccpom.fr;Communauté de communes - Pays Orne Moselle;57
contact@ccgevrey-nuits.com;Communauté de communes - Gevrey-Chambertin et de Nuits-Saint-Georges;21
contact@lesportesbriardes.fr;Communauté de communes - Les Portes Briardes - Entre Villes et Forêts;77
contact@saintflourco.fr;Communauté de communes - Saint-Flour Communauté;15
accueil@cc-seignanx.fr;Communauté de communes - Seignanx;40
contact@agglo-royan.fr;Communauté d'agglomération - Royan Atlantique;17
accueil@brioudesudauvergne.fr;Communauté de communes - Brioude Sud Auvergne;43
communaute@lescretes.fr;Communauté de communes - Crêtes Préardennaises;08
secretariat@cdc-du-sancerrois.fr;Communauté de communes - Pays Fort Sancerrois Val de Loire;18
contact@montelimar-agglo.fr;Communauté d'agglomération - Montélimar;26
contact@ccpaysdusaintois.fr;Communauté de communes - Pays du Saintois;54
contact@midicorrezien.com;Communauté de communes - Midi Corrézien;19
lescombes@wanadoo.fr;Communauté de communes - Combes;70
cc-cvv@orange.fr;Communauté de communes - Commercy Void Vaucouleurs;55
contact@cc-thoremontagnenoire.fr;Communauté de communes - Thoré Montagne Noire;81
accueil@cc-paysdepontchateau.fr;Communauté de communes - Pays de Pontchâteau - Saint-Gildas-des-Bois;44
contact@cc-montbardois.fr;Communauté de communes - Montbardois;21
contact@cccva10.fr;Communauté de communes - Chaourçois et du Val d'Armance;10
ccmgy@wanadoo.fr;Communauté de communes - Monts de Gy;70
contact@coban-atlantique.fr;Communauté d'agglomération - Bassin d'Arcachon Nord;33
secretariat@paysmariegalante.fr;Communauté de communes - Marie-Galante;971
contact@cc-hvs.fr;Communauté de communes - Haut Val de Sèvre;79
medullienne@cdcmedullienne.fr;Communauté de communes - Médullienne;33
accueil@cc-villersexel.fr;Communauté de communes - Pays de Villersexel;70
contact@jura-nord.com;Communauté de communes - Jura Nord;39
contact@agglovgp.fr;Communauté d'agglomération - Versailles Grand Parc;78
accueil.tcm@troyes-cm.fr;Communauté d'agglomération - Troyes Champagne Métropole;10
administration@ccrouillacais.fr;Communauté de communes - Rouillacais;16
contactcc@cap-sizun.fr;Communauté de communes - Cap Sizun Pointe du Raz;29
accueil@ccpaysdunois.fr;Communauté de communes du Pays Dunois;23
accueil@chatillonnais-en-berry.fr;Communauté de communes - Châtillonnais en Berry;36
accueil@cc-briechampenoise.fr;Communauté de communes - La Brie Champenoise;51
c.agglo@vitrecommunaute.org;Communauté d'agglomération - Vitré Communauté;35
info@ccvg.fr;Communauté de communes - Vallée du Gapeau;83
rodezagglomeration@rodezagglo.fr;Agglomération - Rodez;12
direction@agglo-epinal.fr;Communauté d'agglomération - Épinal;88
accueil@ccoisans.fr;Communauté de communes - Oisans;38
accueil@cc-broceliande.bzh;Communauté de communes - Brocéliande;35
contact@ccac.fr;Communauté de communes - Aire Cantilienne;60
accueilsiege@eurometropolemetz.eu;Métropole - Metz;57
contact@cc-lacqorthez.fr;Communauté de communes - Lacq Orthez;64
contact@agglo-gap.fr;Communauté d'agglomération - Gap Tallard Durance;05
contact@cc4rivieres.com;Communauté de communes - 4 Rivières;76
ccbi@ccbi.fr;Communauté de communes - Belle-Île-en-Mer;56
secretariat@ccvendeuvresoulaines.fr;Communauté de communes - Vendeuvre Soulaines;10
covati@covati.fr;Communauté de communes - Vallées de la Tille et de l'Ignon;21
contact@cdcledunois.fr;Communauté de communes - Le Dunois;18
accueil@cc-ur.fr;Communauté de communes - Usses et Rhône;74
contact@vendeegrandlittoral.fr;Communauté de communes - Vendée Grand Littoral;85
communication@agglo-henincarvin.fr;Communauté d'agglomération - Hénin Carvin;62
accueil@cccy.fr;Communauté de communes - Coeur d'Yvelines;78
contact@cc-sablons.fr;Communauté de communes - Sablons;60
accueil@cc-gevaudan.fr;Communauté de communes - Gévaudan;48
contact@paris-saclay.com;Communauté d'agglomération - Paris Saclay;91
accueil@arize-leze.fr;Communauté de communes - Arize Lèze;09
contact@intercauxvexin.fr;Communauté de communes - Inter Caux Vexin;76
contact@cc-luys.fr;Communauté de communes - Coteaux et Vallées des Luys;40
accueil@cdcdubonnevalais.fr;Communauté de communes - Bonnevalais;28
coteauxbellevue@cc-coteauxbellevue.fr;Communauté de communes - Coteaux Bellevue;31
contact@cclt.fr;Communauté de communes - Lot et Tolzac;47
contact@saonedoubsbresse.fr;Communauté de communes - Saône Doubs Bresse;71
cc@rivesduhautallier.fr;Communauté de communes - Rives du Haut Allier;43
contact@cchpb.net;Communauté de communes - Houve Pays Boulageois;57
contact@cdcaag.fr;Communauté de communes - Astarac Arros en Gascogne;32
contact@c3pf.fr;Communauté de communes - Carnelle Pays de France;95
contact@ccdsv.fr;Communauté de communes - Dombes Saône Vallée;01
contact@ccpmc.fr;Communauté de communes - Pays de Montbozon et du Chanois;70
accueil@dlva.fr;Communauté d'agglomération - Durance Luberon Verdon Agglomération;04
contact@doubs-loue.fr;Communauté de communes - Pays de Montbenoit;25
accueil@cclgv.fr;Communauté de communes - Lacs et Gorges du Verdon;83
contact@cdcmova.fr;Communauté de communes - Marche Occitane Val d'Anglin;36
ccfss@ccfss.fr;Communauté de communes - Forêts Seine et Suzon;21
contact@paysapt-luberon.fr;Communauté de communes - Pays d'Apt Luberon;84
info@ouestguyane.fr;Communauté de communes - Ouest Guyanais;973
contact@plainelimagne.fr;Communauté de communes - Plaine Limagne;63
info@grandcalais.fr;Communauté d'agglomération - Calaisis;62
lot.vignoble@ccvlv.fr;Communauté de communes - Vallée du Lot et du Vignoble;46
ccham@ccham-langogne.com;Communauté de communes - Haut-Allier;48
secretariat@cc4r.fr;Communauté de communes - Quatre Rivières;74
contact@casud.re;Communauté d'agglomération - Sud de La Réunion;974
accueil@cc-lbn.fr;Communauté de communes - Loué Brûlon Noyen;72
contact@cdcmontagnenoire.fr;Communauté de communes - La Montagne Noire;11
contact@cc-regiondesuippes.com;Communauté de communes - La région de Suippes;51
contact@cc3p.fr;Communauté de communes - Les Trois Provinces;18
info@ccplc.fr;Communauté de communes - Pays de la Châtaigneraie;85
contact@coeurdetarentaise.fr;Communauté de communes - Coeur de Tarentaise;73
accueil@entre-bievreetrhone.fr;Communauté de communes - Entre Bièvre et Rhône;38
accueil@hanau-lapetitepierre.alsace;Communauté de communes - Hanau - La Petite-Pierre;67
contact@cc-portesdevassiviere.fr;Communauté de communes - Portes de Vassivière;87
contact@chabris-bazelle.fr;Communauté de communes - Chabris Pays de Bazelle;36
contact@cdc-stm.fr;Communauté de communes - Seulles Terre et Mer;14
contact@cc-paysflechois.fr;Communauté de communes - Pays Fléchois;72
contact@ccpaysdesommieres.fr;Communauté de communes - Pays de Sommières;30
cmnc@cmnc03.fr;Communauté de communes - Commentry Montmarault Néris Communauté;03
secretariat@lubersacpompadour.fr;Communauté de communes - Pays de Lubersac Pompadour;19
accueil.atome@alesagglo.fr;Communauté d'agglomération - Alès;30
paysflorentais@cc-fercher.fr;Communauté de communes - Fercher Pays Florentais;18
contact@pyrenees-cerdagne.com;Communauté de communes - Pyrénées Cerdagne;66
cdcportesduberry@orange.fr;Communauté de communes - Portes du Berry entre Loire et Val d'Aubois;18
info@cc-genevois.fr;Communauté de communes - Genevois;74
accueil@cc-madetmoselle.fr;Communauté de communes - Mad et Moselle;54
accueil.beaunois@pithiveraisgatinais.fr;Communauté de communes - Pithiverais-Gâtinais;45
accueil@comcomsudsarthe.fr;Communauté de communes - Sud Sarthe;72
contact@terredemeraude.fr;Communauté de communes - Terre d'Émeraude Communauté;39
contact@casgbs.fr;Communauté d'agglomération - Saint-Germain Boucles de Seine;78
contact@paysfoyen.fr;Communauté de communes - Pays Foyen;33
contact@cdcla.fr;Communauté de communes - Lyons Andelle;27
lepresident@agglo-accm.fr;Communauté d'agglomération - Arles Crau Camargue Montagnette;13
accueil@larochesuryon.fr;Communauté d'agglomération - La Roche-sur-Yon;85
accueil@cc2m.fr;Communauté de communes - Deux Morin;77
contact@cc-estuaire.fr;Communauté de communes - Estuaire agglomération de Saint-Ciers-sur-Gironde;33
contact@spelunca-liamone.corsica;Communauté de communes - Spelunca Liamone;2A
contact@celavu-prunelli.fr;Communauté de communes - Celavu Prunelli;2A
accueil@cc-sudartois.fr;Communauté de communes - Sud Artois;62
contact@costa-verde.fr;Communauté de communes - Costa Verde;2B
contact@bassin-de-marennes.com;Communauté de communes - Bassin de Marennes;17
contact@haute-saintonge.org;Communauté de communes - La Haute Saintonge;17
cchvs@cchvs.fr;Communauté de communes - Hauts du Val de Saône;70
direction-generale@forez-est.fr;Communauté de communes - Forez Est;42
secretariat@alpesdazur.fr;Communauté de communes - Alpes d'Azur;06
info@cchpb.com;Communauté de communes - Haut-Pays Bigouden;29
accueilsault@ccvs84.fr;Communauté de communes - Ventoux Sud;84
communication@inse27.fr;Interco Normandie Sud Eure;27
secretariat@cc-cln.fr;Communauté de communes - Côte Landes Nature;40
courrier@gmvagglo.bzh;Communauté d'agglomération - Golfe du Morbihan Vannes agglomération;56
accueil.c4@c4charly.fr;Communauté de communes - Charly-sur-Marne;02
contact@ccals.fr;Communauté de communes - Anjou Loir et Sarthe;49
email@cote-albatre.com;Communauté de communes - Côte d'Albâtre;76
ccaa@armagnacadour.fr;Communauté de communes - Armagnac Adour;32
contact@caese.fr;Communauté d'agglomération - Étampois Sud-Essonne;91
info@cdc-mortagne-au-perche.com;Communauté de communes - Pays de Mortagne au Perche;61
info@sudroussillon.fr;Communauté de communes - Sud Roussillon;66
contact@ccsud.yt;Communauté de communes - Sud de Mayotte;976
compa@pays-ancenis.com;Communauté de communes - Pays d'Ancenis;44
contact@comcom-sgc.fr;Communauté de communes - Seille et Grand Couronné;54
accueil@fougeres-agglo.bzh;Communauté d'agglomération - Fougères Agglomération;35
info@sudalsace-largue.fr;Communauté de communes - Sud Alsace Largue;68
agglo@privas-centre-ardeche.fr;Communauté d'agglomération - Privas Centre Ardèche;07
info@sauer-pechelbronn.fr;Communauté de communes - Sauer Pechelbronn;67
accueil@cctbc.fr;Communauté de communes - Tannay Brinon Corbigny;58
contact@billomcommunaute.fr;Communauté de communes - Billom Communauté;63
contact@cc-perche.fr;Communauté de communes - Perche;28
secretariat@ccpoh.fr;Communauté de communes - Pays d'Oise et d'Halatte;60
contact@creuse-grand-sud.fr;Communauté de communes - Creuse Grand Sud;23
secretariat@alta-rocca.com;Communauté de communes - Alta Rocca;2A
contact@cc-auzon.fr;Communauté de communes - Auzon;43
info@agglo-saintes.fr;Communauté d'agglomération - Saintes Grandes Rives;17
contact@ccvo.fr;Communauté de communes - Val de l'Oise;02
communication@clermontmetropole.eu;Métropole - Clermont Auvergne;63
accueil@terres-du-lauragais.fr;Communauté de communes - Terres du Lauragais;31
contact@agglo-cambrai.fr;Communauté d'agglomération - Cambrai;59
accueil@ccmav.fr;Communauté de communes - Monts d'Alban et du Villefranchois;81
accueil@cdchautsperche.fr;Communauté de communes - Hauts du Perche;61
contact@cc-conques-marcillac.fr;Communauté de communes - Conques Marcillac;12
accueil@valleesduclain.fr;Communauté de communes - Vallées du Clain;86
accueil@cceals.fr;Communauté de communes - Entre Arroux Loire et Somme;71
contact@hautstolosans.fr;Communauté de communes - Hauts Tolosans;31
contact@thionville-fensch.fr;Communauté d'agglomération - Thionville Fensch;57
contact@agglo-nevers.fr;Communauté d'agglomération - Nevers;58
accueil@cc-valdeaisne.fr;Communauté de communes - Val de l'Aisne;02
info@sicoval.fr;Communauté d'agglomération - Sicoval;31
contact@cdc-coteaux-bordelais.fr;Communauté de communes - Coteaux Bordelais;33
accueil@ccidl.fr;Communauté de communes - Isle Double Landais;24
contact@cc-beauceloiretaine.fr;Communauté de communes - La Beauce Loirétaine;45
contact@paysdemontereau.fr;Communauté de communes - Pays de Montereau;77
accueil@ouche-montagne.fr;Communauté de communes - Ouche et Montagne;21
accueil@ccsn.fr;Communauté de communes - Sud Nivernais;58
contact@cctv70.fr;Communauté de communes - Triangle Vert;70
accueil@paysdeblain.fr;Communauté de communes - Région de Blain;44
contact@vallees-orne-odon.fr;Communauté de communes - Vallées de l'Orne et de l'Odon;14
ccyn@ccyn.fr;Communauté de communes - Yonne Nord;89
cdc.valdelindre-brenne@wanadoo.fr;Communauté de communes - Val de l'Indre - Brenne;36
direction@agglo-saint-louis.fr;Communauté d'agglomération - Saint-Louis Agglomération;68
contact@cc-capcorse.corsica;Communauté de communes - Cap Corse;2B
contact@cc-argonnechampenoise.fr;Communauté de communes - Argonne Champenoise;51
contact@paysdebarr.fr;Communauté de communes - Pays de Barr;67
dgs@grand-armagnac.fr;Communauté de communes - Grand Armagnac;32
contact@ccmarcheberrichonne.fr;Communauté de communes - La Marche Berrichonne;36
secretariat@ccdsp.fr;Communauté de communes - Drôme Sud Provence;26
contact@cctso.fr;Communauté de communes - Thiérache Sambre et Oise;02
communaute@cc-valdesarthe.fr;Communauté de communes - Val de Sarthe;72
secretariat@requistanais.fr;Communauté de communes - Réquistanais;12
contact@rumilly-terredesavoie.fr;Communauté de communes - Rumilly Terre de Savoie;74
contact@laterredargence.fr;Communauté de communes - Beaucaire Terre d'Argence;30
contact@metropole-dijon.fr;Métropole - Dijon;21
contact@annemasse-agglo.fr;Communauté d'agglomération - Annemasse - Les Voirons;74
correspondances@cc-bievre-est.fr;Communauté de communes - Bièvre Est;38
courrier@paysnoyonnais.fr;Communauté de communes - Pays Noyonnais;60
contact@cc-valleedugaron.fr;Communauté de communes - La Vallée du Garon (CCVG);69
accueil@cc-paysrethelois.fr;Communauté de communes - Pays Réthelois;08
accueil@c3sm.fr;Communauté de communes - Corbières Salanque Méditerranée;66
contact@portededromardeche.fr;Communauté de communes - Porte de Dromardèche;26
accueil@dronneetbelle.fr;Communauté de communes - Dronne et Belle;24
direction-generale@vaison-ventoux.fr;Communauté de communes - Vaison Ventoux;84
accueil@ccrvv.fr;Communauté de communes - Rhony Vistre Vidourle;30
accueil@payssegali.fr;Communauté de communes - Pays Ségali;12
accueil@sbaa.fr;Communauté d'agglomération - Saint-Brieuc Armor Agglomération;22
siege.rue@ponthieu-marquenterre.fr;Communauté de communes - Ponthieu Marquenterre;80
contact@ccpfbc.fr;Communauté de communes - Pays Fertois et du Bocage Carrougien;61
contact@thieracheducentre.fr;Communauté de communes - La Thiérache du Centre;02
contact@agglo-porteduhainaut.fr;Communauté d'agglomération - La Porte du Hainaut;59
info@cchmv.fr;Communauté de communes - Haute Maurienne Vanoise;73
accueil@loire-semene.fr;Communauté de communes - Loire et Semène;43
accueil@lieuvinpaysdauge.fr;Communauté de communes - Lieuvin Pays d'Auge;27
communication.cavm@valenciennes-metropole.fr;Communauté d'agglomération - Valenciennes Métropole;59
communaute-communes@cc-pays-riolais.fr;Communauté de communes - Pays Riolais;70
cchs@cchs.fr;Communauté de communes - La Haute Somme Combles Péronne Roisel;80
info@valsdesaintonge.fr;Communauté de communes - Vals de Saintonge Communauté;17
contact@agglo-montargoise.fr;Communauté d'agglomération - Montargoise et Rives du Loing (AME);45
contact@ouestlimousin.com;Communauté de communes - Ouest Limousin;87
contact@ccpouillybligny.fr;Communauté de communes - Pouilly en Auxois Bligny sur Ouche;21
accueil@cccentre-corse.fr;Communauté de communes - Centre Corse;2B
contact@ccplm.fr;Communauté de communes - Piège Lauragais Malepère;11
courriel@ccpvg.fr;Communauté de communes - Pyrénées Vallées des Gaves;65
ccpc@ccpaysdecruseilles.org;Communauté de communes - Pays de Cruseilles;74
secretariat.direction@3cvt.fr;Communauté de communes - Chablis Villages et Terroirs;89
cabinet@cu-alencon.fr;Communauté urbaine - Alençon;61
accueil@cccps.fr;Communauté de communes - Crestois et de Pays de Saillans Coeur de Drôme;26
ccsbt2@wanadoo.fr;Communauté d'agglomération - Grand Sud Caraïbe;971
info@cc-basarmagnac.fr;Communauté de communes - Bas Armagnac;32
secretariat@ccspva.com;Communauté de communes - Serre-Ponçon Val d'Avance;05
contact@bievre-isere.com;Communauté de communes - Bièvre Isère;38
contact@ccvpa.fr;Communauté de communes - Vallées et Plateau d'Ardenne;08
communaute@collines.org;Communauté de communes - Collines Isère Nord Communauté;38
administration@paysdemauriac.fr;Communauté de communes - Pays de Mauriac;15
contact@hautbugey-agglomeration.fr;Agglomération - Haut-Bugey;01
secretariat@ccscc.fr;Communauté de communes - Sud Côte Chalonnaise;71
accueil@cc-paysdelimours.fr;Communauté de communes - Pays de Limours (CCPL);91
contact@cc-dufrontonnais.fr;Communauté de communes - Frontonnais;31
ccam@migennois.fr;Communauté de communes - Agglomération Migennoise;89
accueil@elan87.fr;Communauté de communes - Elan Limousin Avenir Nature;87
contact@legrandchalon.fr;Communauté d'agglomération - Le Grand Chalon;71
contact@2ccam.fr;Communauté de communes - Cluses Arve et Montagnes;74
communication@valparisis.fr;Communauté d'agglomération - Val Parisis;95
contact@cctds.fr;Communauté de communes - Terres de Saône;70
contact@montfortcommunaute.bzh;Communauté de communes - Montfort communauté;35
laval-agglo@agglo-laval.fr;Laval Agglomération;53
contact@medoc-estuaire.fr;Communauté de communes - Médoc Estuaire;33
accueil@dracenie.com;Communauté d'agglomération - Dracénoise;83
contact@caprovenceverte.fr;Communauté d'agglomération - Provence Verte;83
agglomeration@castres-mazamet.com;Communauté d'agglomération - Castres Mazamet;81
contact@agglo2b.fr;Communauté d'agglomération - Bocage Bressuirais;79
secretariat@3cag.fr;Communauté de communes - Coteaux Arrats Gimone;32
ccla@ccla.fr;Communauté de communes - Lac d'Aiguebelette;73
capi@capi38.fr;Communauté d'agglomération - Porte de l'Isère;38
contact@ccphb.fr;Communauté de communes - Pays de Honfleur Beuzeville;14
contact@ccmlhl.fr;Communauté de communes - Monts de Lacaune et de la Montagne du Haut-Languedoc;81
contact@ccdoreallier.fr;Communauté de communes - Entre Dore et Allier;63
accueil@cc-plateaupicard.fr;Communauté de communes - Plateau Picard;60
contact@cc-sevreloire.fr;Communauté de communes - Sèvre et Loire;44
contact@ccquercyblanc.fr;Communauté de communes - Quercy Blanc;46
contact@terresdechalosse.fr;Communauté de communes - Terres de Chalosse;40
communication@grand-chatellerault.fr;Communauté d'agglomération - Grand Châtellerault;86
accueil@lernee.fr;Communauté de communes - Ernée;53
contact@avant-monts.fr;Communauté de communes - Les Avant Monts;34
contact@mimizan.net;Communauté de communes - Mimizan;40
accueil@rochefoucauld-perigord.fr;Communauté de communes - La Rochefoucauld Porte du Périgord;16
contact@cchnvy.fr;Communauté de communes - Haut Nivernais Val d'Yonne;58
contact@pays-salers.fr;Communauté de communes - Pays de Salers;15
contact@pevelecarembault.fr;Communauté de communes - Pévèle Carembault;59
secretariat@avrelucenoye.fr;Communauté de communes - Avre Luce Noye;80
accueil@portesdelacreuseenmarche.fr;Communauté de communes - Portes de la Creuse en Marche;23
secretariat@coeurdecharente.fr;Communauté de communes - Coeur de Charente;16
contact@ccacn.fr;Communauté de communes - Amognes Coeur du Nivernais;58
accueil@paysdecraon.fr;Communauté de communes - Pays de Craon;53
contact@paysmeslaygrez.fr;Communauté de communes - Pays de Meslay Grez;53
secretariat.general@cc-sudcorse.fr;Communauté de communes - Sud Corse;2A
contact@coteaux-val-arros.fr;Communauté de communes - Coteaux du Val-d'Arros;65
contact@ccwarndt.fr;Communauté de communes - Warndt;57
contact@argonne-meuse.fr;Communauté de communes - Argonne Meuse;55
val-81@orange.fr;Communauté de communes - Val 81;81
com.com@kochersberg.fr;Communauté de communes - Kochersberg;67
contact@valleesduhautanjou.fr;Communauté de communes - Vallées du Haut-Anjou;49
contact@ccpaysrochois.fr;Communauté de communes - Pays Rochois;74
infos@cc-pays-wissembourg.fr;Communauté de communes - Pays de Wissembourg;67
accueil.agglo@montdemarsan-agglo.fr;Agglomération - Mont-de-Marsan;40
contact@bethunebruay.fr;Communauté d'agglomération - Béthune Bruay Artois Lys Romane;62
cc.arnay-liernais@ccarnayliernais.fr;Communauté de communes - Pays Arnay Liernais;21
info@orleans-metropole.fr;Métropole - Orléans;45
contact@beaucevaldeloire.fr;Communauté de communes - Beauce Val de Loire;41
communautecommunes@ccpl47.fr;Communauté de communes - Pays de Lauzun;47
accueil@grand-cubzaguais.fr;Communauté de communes - Le Grand Cubzaguais;33
communication@chateauroux-metropole.fr;Communauté d'agglomération - Châteauroux Métropole;36
contact@paysdelandi.com;Communauté de communes - Pays de Landivisiau;29
comdecom@valdesomme.com;Communauté de communes - Val de Somme;80
comcom@pays-beaumedrobie.com;Communauté de communes - Pays Beaume Drobie;07
cdc@jalleeaubourde.fr;Communauté de communes - Jalle Eau Bourde;33
contact@cdcgangesumene.fr;Communauté de communes - Cévennes Gangeoises et Suménoises;34
secretariat@3clt.fr;Communauté de communes - Comtal Lot et Truyère;12
accueil@sudvendeelittoral.fr;Communauté de communes - Sud Vendée Littoral;85
accueil@plainedijonnaise.fr;Communauté de communes - La Plaine Dijonnaise;21
ccnebbiuconcadoru@orange.fr;Communauté de communes - Nebbiu;2B
cc-sourcesdelorne@orange.fr;Communauté de communes - Sources de l'Orne;61
accueil@cc-bruyeres.fr;Communauté de communes - Bruyères Vallons des Vosges;88
accueil@picardiedeschateaux.fr;Communauté de communes - Picardie des Châteaux;02
contact@cctama.fr;Communauté de communes - Terres d'Apcher Margeride Aubrac;48
contact@entrebeauceetperche.fr;Communauté de communes - Entre Beauce et Perche;28
accueil@ccpcp.bzh;Communauté de communes - Pleyben Châteaulin Porzay;29
secretariat.general@payszorn.com;Communauté de communes - Pays de la Zorn;67
contact@bergetcoiron.fr;Communauté de communes - Berg et Coiron;07
secretariat.general@lunelagglo.fr;Communauté d'Agglomération - Lunel Agglomération;34
contact@ploermelcommunaute.bzh;Communauté - Ploërmel;56
contact@cc-puisayeforterre.fr;Communauté de communes - Puisaye-Forterre;89
accueil@agglo-larochelle.fr;Communauté d'agglomération - La Rochelle;17
cchv@cchv41.fr;Communauté de communes - Perche et Haut Vendômois;41
contact@cauvaldor.fr;Communauté de communes - Cauvaldor;46
direction.generale@cinor.org;Communauté d'agglomération - Intercommunale du Nord de la Réunion (CINOR);974
cdc.saintloubes@free.fr;Communauté de communes - Secteur de Saint-Loubès;33
communaute@cangt-guadeloupe.fr;Communauté d'agglomération - Nord Grande Terre (CANGT) - Guadeloupe;971
direction.4c@orange.fr;Communauté de communes - Cordais et du Causse (4C);81
contact@agglo-lenslievin.fr;Communauté d'agglomération - Lens Liévin;62
dg@dufcc.com;Communauté de communes - District Urbain de Faulquemont;57
info@ccdsguyane.fr;Communauté de communes - Savanes;973
cirest@cirest.fr;Communauté d'agglomération - Intercommunale de la Réunion Est (CIREST);974
secretariat@frasnedrugeon-cfd.fr;Communauté de communes - Plateau de Frasne et du Val de Drugeon (CFD);25
accueil@cc-caux-austreberthe.fr;Communauté de communes - Caux Austreberthe;76
cdc@briancecombade.fr;Communauté de communes - Briance Combade;87
accueil@agglo-pfv.fr;Communauté d'agglomération - Pays Foix Varilhes;09
contact@huisne-sarthoise.com;Communauté de communes - Pays de l'Huisne Sarthoise;72
contact@ccmrr.fr;Communauté de communes - Monts Rance et Rougier;12
contact@grandorb.fr;Communauté de communes - Grand Orb en Languedoc;34
efs@pays-gentiane.com;Communauté de communes - Pays Gentiane;15
contact@ccamr.fr;Communauté de communes - Arcis Mailly Ramerupt;10
ccpa@paysdelarbresle.fr;Communauté de communes - Pays de l'Arbresle (CCPA);69
accueil@cc-valdamboise.fr;Communauté de communes - Val d'Amboise;37
contact@versantsdaime.fr;Communauté de communes - Les Versants d'Aime;73
contact@cc-paysdemormal.fr;Communauté de communes - Pays de Mormal;59
infos@3cm.fr;Communauté de communes - La Côtière;01
infos@cco23.fr;Communauté de communes - Pays Sostranien;23
contact@cc-vallee-herault.fr;Communauté de communes - Vallée de l'Hérault;34
ccbdp@ccbdp.fr;Communauté de communes - Bastides Dordogne Périgord;24
info@maurienne-galibier.com;Communauté de communes - Maurienne Galibier;73
contact@pieveornano.com;Communauté de communes - La Pieve de l'Ornano et du Taravo;2A
contact@coeurdostreventagglo.fr;Communauté d’agglomération - Coeur d'Ostrevent Agglo;59
contact@ccbb.fr;Communauté de communes - Bocage Bourbonnais;03
contact@ccvdfb.fr;Communauté de communes - Vallée de la Dordogne et Forêt Bessède;24
contact@orthe-arrigans.fr;Communauté de communes - Pays d'Orthe et Arrigans;40
info@cc-champagnepicarde.fr;Communauté de communes - Champagne Picarde;02
accueil@levroux.fr;Communauté de communes - Levroux-Boischaut-Champagne;36
contact@cc2so.fr;Communauté de communes - Somme Sud Ouest;80
administration.generale@cc-hauteariege.fr;Communauté de communes - La Haute Ariège;09
contact@reolaisensudgironde.fr;Communauté de communes - Réolais en Sud Gironde;33
accueil@cc-tarnagout.fr;Communauté de communes - Tarn Agout;81
accueil@ccbgb.fr;Communauté de communes de Bénévent Grand Bourg;23
contact@foretsduperche.fr;Communauté de communes - Forêts du Perche;28
communication.cagnm@cagnm.fr;Communauté d'Agglomération du Grand Nord de Mayotte — CAGNM;976
courrier@grand-senonais.fr;Communauté d'agglomération - Grand Sénonais;89
contact@cc-paysdetarascon.fr;Communauté de communes - Pays de Tarascon;09
accueil@cc-iledere.fr;Communauté de communes - Île de Ré;17
contact@anjoubleucommunaute.fr;Communauté de communes - Anjou Bleu Communauté;49
contact@paysdemortagne.fr;Communauté de communes - Pays de Mortagne;85
contact@grand-lac.fr;Communauté d'agglomération - Lac du Bourget;73
accueil@rennesmetropole.fr;Métropole - Rennes;35
administration@ccabsv.fr;Communauté de communes - Aveyron Bas Ségala Viaur;12
contact@cc-pays-sources.org;Communauté de communes - Pays des Sources;60
assemblees@capld.bzh;Communauté de communes - Pays de Landerneau Daoulas;29
melisey.ccme@orange.fr;Communauté de communes - 1000 Étangs - Mélisey;70
cc-massifduvercors@vercors.org;Communauté de communes - Massif du Vercors;38
contact@ccghv.fr;Communauté de communes - Gérardmer Hautes-Vosges;88
contact@la5c.fr;Communauté de communes - Coeur et Côteaux du Comminges;31
administratif@cc3r.fr;Communauté de communes - Trois Rivières;02
contact@ccssom.fr;Communauté de communes - Sézanne Sud Ouest Marnais;51
contact@ecla-jura.fr;Agglomération - Espace communautaire Lons;39
accueil@epernay-agglo.fr;Communauté d'agglomération - Épernay Coteaux et Plaine de Champagne;51
standard@loudeac-communaute.bzh;Communauté de communes - Loudéac communauté Bretagne Centre;22
accueil@douarnenez-communaute.fr;Communauté de communes - Douarnenez communauté;29
info@ccvusp.fr;Communauté de communes - Vallée de l'Ubaye Serre Ponçon;04
accueil@cc-chateaubriant-derval.fr;Communauté de communes - Châteaubriant Derval;44
accueil@vichy-communaute.fr;Communauté d'agglomération - Vichy Communauté;03
contact@falaisesdutalou.fr;Communauté de communes - Falaises du Talou;76
contact@cc-plaine-rhin.fr;Communauté de communes - Plaine du Rhin;67
contact@ccla40.fr;Communauté de communes - Landes d'Armagnac;40
contact@cc-vierzon.fr;Communauté de communes - Vierzon Sologne Berry;18
contact@piemont-cevenol.fr;Communauté de communes - Piémont Cévenol;30
accueil@ctlf.fr;Communauté d'agglomération - Chauny Tergnier La Fère;02
secretariat@ccva-savoie.com;Communauté de communes - Vallées d'Aigueblanche;73
contact@champsaur-valgaudemar.fr;Communauté de communes - Champsaur Valgaudemar;05
dgs@epn-agglo.fr;Communauté d'agglomération - Évreux Portes de Normandie;27
accueil@cdc-oleron.fr;Communauté de communes - Île d'Oléron;17
contact@sumene-artense.com;Communauté de communes - Sumène Artense;15
contact@ccmpm.fr;Communauté de communes - Méditerranée Porte des Maures;83
contact@cc-sudavesnois.fr;Communauté de communes - Sud Avesnois;59
contact@perigord-limousin.fr;Communauté de communes - Périgord Limousin;24
contact@mezencloiremeygal.fr;Communauté de communes - Mézenc Loire Meygal;43
contact@mossigvignoble.fr;Communauté de communes - La Mossig et du Vignoble;67
lagglo@beziers-mediterranee.fr;Communauté d'agglomération - Béziers Méditerranée;34
contact@sartenaisvalinco.fr;Communauté de communes - Sartenais Valinco Taravo;2A
contact@paysdepouzauges.fr;Communauté de communes - Pays de Pouzauges;85
accueil@reims-contact.fr;Communauté urbaine - Grand Reims;51
accueil@cc-sud-herault.fr;Communauté de communes - Sud Hérault;34
accueil@cc-vdm.com;Communauté de communes - Pays de Villeneuve en Armagnac Landais;40
accueil@revel-lauragais.com;Communauté de communes - Lauragais Revel Sorezois;31
secretariat@paysdenemours.fr;Communauté de communes - Pays de Nemours;77
communaute@loreedelabrie.fr;Communauté de communes - L'Orée de la Brie;77
bureaux@ccpvm.fr;Communauté de communes - La Porte des Vosges Méridionales;88
info@terrevalserhone.fr;Communauté de communes - Pays Bellegardien;01
contact@hautetarentaise.fr;Communauté de communes - Haute Tarentaise;73
contact@cc-basseemontois.fr;Communauté de communes - Bassée-Montois;77
accueil@campagne-de-caux.fr;Communauté de communes - Campagne de Caux;76
contact@cc-saverne.fr;Communauté de communes - Pays de Saverne;67
courrier@agglo-forbach.fr;Communauté d'agglomération - Forbach Porte de France;57
contact@cc-aglyfenouilledes.fr;Communauté de communes - Agly Fenouillèdes;66
secretariat@sausseron-impressionnistes.fr;Communauté de communes - Sausseron Impressionnistes;95
contact@ccov.fr;Communauté de communes - Ouest Vosgien;88
cdc-staulaye@orange.fr;Communauté de communes - Pays de Saint-Aulaye;24
info@cc-paysdevalois.fr;Communauté de communes - Pays de Valois;60
accueil@bernaynormandie.fr;Communauté de communes - Intercom Bernay Terres de Normandie;27
contact@lillemetropole.fr;Métropole - Européenne de Lille;59
contact@brest-metropole.fr;Métropole - Brest;29
contact@cc-vallee-doller.fr;Communauté de communes - La Vallée de la Doller et du Soultzbach;68
info@cc-basse-zorn.fr;Communauté de communes - La Basse Zorn;67
info@thouars-communaute.fr;Communauté de communes - Thouarsais;79
info@lsoagglo.fr;Agglomération - Sables-d'Olonne;85
contact@ccdunogentais.fr;Communauté de communes - Nogentais;10
contact@enclunisois.fr;Communauté de communes - Clunisois;71
contact@paysmorcenais.fr;Communauté de communes - Pays Morcenais;40
accueil@fontenayvendee.fr;Communauté de communes - Pays de Fontenay Vendée;85
contact@levezou.fr;Communauté d'agglomération - Lévezou;12
bienvenue@comdecomduras.fr;Communauté de communes - Pays de Duras;47
contact@cc-paysdemirepoix.fr;Communauté de communes - Pays de Mirepoix;09
contact@cclb64.fr;Communauté de communes - Luys en Béarn;64
accueil@comcomcfg.fr;Communauté de communes - Canaux et Forêts en Gâtinais;45
accueil@baudcom.bzh;Communauté de communes - Baud;56
accueil@ccbresseetsaone.fr;Communauté de communes - Bresse et Saône;01
contact@cc-pe.fr;Communauté de communes - Plaine d'Estrées;60
contact@valsdudauphine.fr;Communauté de communes - Les Vals du Dauphiné;38
ccfl@cc-dufumelois.fr;Communauté de communes - Fumel Vallée du Lot;47
contact@rhone-crussol.fr;Communauté de communes - Rhône Crussol;07
info@roannais-agglomeration.fr;Communauté d'agglomération - Roannais Agglomération;42
copler@copler.fr;Communauté de communes - Pays Entre Loire et Rhône;42
accueil@roussillon-conflent.fr;Communauté de communes - Roussillon Conflent;66
accueil@provenceverdon.fr;Communauté de communes - Provence Verdon;83
accueil@gatine-racan.fr;Communauté de communes - Gâtine-Racan;37
contact@cc-tvv.fr;Communauté de communes - Touraine Val de Vienne;37
communaute@cc-avt.fr;Communauté de communes - Airvaudais Val du Thouet;79
contact@ccmatheysine.fr;Communauté de communes - La Matheysine;38
contact@agglo-montlucon.fr;Communauté d'agglomération - Montluçon Communauté;03
chateau-gontier@chateaugontier.fr;Communauté de communes - Pays de Château-Gontier;53
accueil@campagnesartois.fr;Communauté de communes - Campagnes de l'Artois;62
accueil@marcheetcombraille.fr;Communauté de communes - Marche et Combrailles en Aquitaine;23
accueil@ccvpo.fr;Communauté de communes - La Vanne et du Pays d'Othe;89
accueil@bassinpompey.fr;Communauté de communes - Bassin de Pompey;54
accueil@cc-cazalssalviac.fr;Communauté de communes - Cazals Salviac;46
infos@cc-paysviganais.fr;Communauté de communes - Pays Viganais;30
contact@terresdemontaigu.fr;Communauté de communes - Terres de Montaigu;85
contact@valaigo.fr;Communauté de communes - Val'Aïgo;31
contact@grandautunoismorvan.fr;Communauté de communes - Grand Autunois Morvan;71
a.chacon@paysdolmes.org;Communauté de communes - Pays d'Olmes;09
cdcmc@cdcmc.fr;Communauté de communes - Minervois au Caroux;34
info@pontivy-communaute.bzh;Communauté de communes - Pontivy Communauté;56
grandsudtarnetgaronne@grandsud82.fr;Communauté de communes - Grand Sud Tarn et Garonne;82
contact@couesnon-marchesdebretagne.fr;Communauté de communes - Couesnon Marches de Bretagne;35
secretariat@cc-molsheim-mutzig.fr;Communauté de communes - La région de Molsheim Mutzig;67
secretariatcc4v@cc4v.fr;Communauté de communes - Quatre Vallées;45
contact@cc-aspres.fr;Communauté de communes - Aspres;66
accueil@ccvsc01.org;Communauté de communes - Val de Saône Centre;01
solognedesrivieres@ccsr.fr;Communauté de communes - La Sologne des Rivières;41
accueil@cc-sammiellois.fr;Communauté de communes - Sammiellois;55
contact@cc-coeurdefrance.fr;Communauté de communes - Coeur de France;18
mathilde.adrien@lesbertranges.fr;Communauté de communes - Les Bertranges;58
administration@cc-cheminsdesdames.fr;Communauté de communes - Chemin des Dames;02
accueil@randon-margeride.fr;Communauté de communes - Randon Margeride;48
contact@cevennes-mont-lozere.fr;Communauté de communes - Cévennes au Mont Lozère;48
accueil@ccavm.fr;Communauté de communes - Auberive Vingeanne et Montsaugeonnais;52
accueil@cc-peva.fr;Communauté de communes - Pays d'Evian Vallée d'Abondance;74
info@hautchablais.fr;Communauté de communes - Haut-Chablais;74
accueil@paysdeluxeuil.fr;Communauté de communes - Pays de Luxeuil;70
contact@cc-barsequanais.fr;Communauté de communes - Barséquanais en Champagne;10
contact@terredepicardie.fr;Communauté de communes - Terre de Picardie;80
accueil@ccvp.fr;Communauté de communes - Vezouze en Piémont;54
accueil@ccayguesouveze.com;Communauté de communes - Aygues Ouvèze en Provence (CCAOP);84
contact@ccacv.fr;Communauté de communes - Aubrac, Carladez et Viadène;12
contact@cc-seletvermois.fr;Communauté de communes - Pays du Sel et du Vermois;54
ccgm@cc-gallymauldre.fr;Communauté de communes - Gally Mauldre;78
contact@ccbl32.fr;Communauté de communes - Bastides de Lomagne;32
accueil@agglo-compiegne.fr;Communauté d'agglomération - La Région de Compiègne;60
accueil@sna27.fr;Communauté d'agglomération - Seine Normandie Agglomération;27
contact@7vallees.fr;Communauté de communes - 7 Vallées;62
contact@legrandcharolais.fr;Communauté de communes - Le Grand Charolais;71
accueil@haut-vallespir.fr;Communauté de communes - Haut-Vallespir;66
accueil@pays-clermontois.fr;Communauté de communes - Clermontois;60
contact@ccpm-maiche.com;Communauté de communes - Pays de Maîche;25
accueil@cc-cotesdemeuse-woevre.fr;Communauté de communes - Côtes de Meuse Woëvre;55
contact@ccpays-solesmois.fr;Communauté de communes - Pays Solesmois;59
contact@cc-alesia-seine.fr;Communauté de communes - Pays d'Alésia et de la Seine;21
contact@douaisis-agglo.com;Communauté d'agglomération - Douaisis;59
accueil@saint-etienne-metropole.fr;Métropole - Saint-Étienne;42
hautlimousinenmarche@cchlem.fr;Communauté de communes - Haut Limousin en Marche;87
contact@grandouesttoulousain.fr;Communauté de communes - Le Grand-Ouest-Toulousain Agglomération;31
contact@grand-dax.fr;Communauté d'agglomération - Grand Dax;40
accueil@vallespir.com;Communauté de communes - Vallespir;66
contact@ccivs.fr;Communauté de communes - Isle Vern Salembre en Périgord;24
secretariat@cc-pasquale-paoli.corsica;Communauté de communes - Pasquale Paoli;2B
contact@cclpa.fr;Communauté de communes - Lautrécois et du Pays d'Agout;81
contact@ccvcommunaute.fr;Communauté de communes - Chavanon Combrailles et Volcans;63
accueil@mb-agglo.com;Communauté d'agglomération - Mâconnais Beaujolais Agglomération;71
secretariat@agglo-lisieux.fr;Communauté d'agglomération - Lisieux Normandie;14
contact@cc-millaugrandscausses.fr;Communauté de communes - Millau Grands Causses;12
accueil@ccvhs.fr;Communauté de communes - La Vallée de la Haute Sarthe;61
secretariat@cc-vsa.com;Communauté de communes - Vendée Sèvre Autise;85
secretariat@cc-valdegray.fr;Communauté de communes - Val de Gray;70
cobas@agglo-cobas.fr;Communauté d'agglomération - Bassin d'Arcachon Sud (COBAS);33
contact@cdcba.fr;Communauté de communes - Bassin d'Aubenas;07
contact@pol-cdc.fr;Communauté de communes - Porte Océane du Limousin;87
accueil@cc-paysderouffach.fr;Communauté de communes - Pays de Rouffach Vignobles et Châteaux;68
contact@canbt.fr;Communauté d'agglomération - Nord Basse-Terre;971
communaute-urbaine@limoges-metropole.fr;Communauté urbaine - Limoges Métropole;87
contact@cc-terredeau.fr;Communauté de communes - Terre d'Eau;88
contact@grand-cognac.fr;Communauté d'agglomération - Grand Cognac;16
contact@agglo-villefranche.fr;Communauté d'agglomération - Villefranche Beaujolais Saône;69
contact@gatinais-bourgogne.fr;Communauté de communes - Gâtinais en Bourgogne;89
contact@tourainevalleedelindre.fr;Communauté de communes - Touraine Vallée de l'Indre;37
accueil@ccbrc.fr;Communauté de communes - Brie des Rivières et Châteaux;77
contact@cc-foret.fr;Communauté de communes - La Forêt;45
accueil@stmalo-agglomeration.fr;Communauté d'agglomération - Pays de Saint-Malo;35
contact@ca-pso.fr;Communauté d'agglomération - Pays de Saint-Omer;62
contact@haute-cornouaille.bzh;Communauté de communes - Haute Cornouaille;29
contact@cc-mosellemadon.fr;Communauté de communes - Moselle et Madon;54
contact@cchf.fr;Communauté de communes - Hauts de Flandre;59
contact@balconsdudauphine.fr;Communauté de communes - Les Balcons du Dauphiné;38
accueil@clissonsevremaine.fr;Communauté d'agglomération - Clisson Sèvre et Maine Agglo;44
courrier@ccp-r.fr;Communauté de communes - Portes de Rosheim;67
copamo@cc-paysmornantais.fr;Communauté de communes - Pays Mornantais (COPAMO);69
contact@cctnp.fr;Communauté de communes - Territoire Nord Picardie;80
contact@cc-gesnoisbilurien.fr;Communauté de communes - Le Gesnois Bilurien;72
contact@cc-des-sucs.fr;Communauté de communes - Sucs;43
contact@blintercom.fr;Communauté de communes - Bresse Louhannaise Intercom;71
president@ardennerivesdemeuse.com;Communauté de communes - Ardenne Rives de Meuse;08
contact@quimper.bzh;Communauté d'agglomération - Quimper Bretagne Occidentale;29
secretariat@ccconfluent.fr;Communauté de communes - Confluent et des Coteaux de Prayssas;47
accueil@ain-cerdon.fr;Communauté de communes - Rives de l'Ain Pays du Cerdon;01
info@ccdol-baiemsm.bzh;Communauté de communes - Pays de Dol et de la Baie du Mont Saint-Michel;35
accueil@cdc-psq.fr;Communauté de communes - Pays de Serres en Quercy;82
accueil@3clg.fr;Communauté de communes - Coteaux et Landes de Gascogne;47
accueil@ccbugeysud.com;Communauté de communes - Bugey Sud;01
cca@cca800.fr;Communauté de communes - Altitude 800;25
contact@convergence-garonne.fr;Communauté de communes - Convergence Garonne;33
comcom@paysdetroncais.fr;Communauté de communes - Pays de Tronçais;03
dgs@beaunecoteetsud.com;Communauté d'agglomération - Beaune Côte et Sud;21
accueil@valdesully.fr;Communauté de communes - Val de Sully;45
accueil@cc-clermontais.fr;Communauté de communes - Clermontais;34
contact@ccpsmv.fr;Communauté de communes - Pays des Sorgues et Monts de Vaucluse;84
accueil@montagne-ardeche.fr;Communauté de communes - Montagne d'Ardèche;07
contact@ccsaves32.fr;Communauté de communes - Saves;32
contact@arve-saleve.fr;Communauté de communes - Arve et Salève;74
secretariat@vexinvaldeseine.fr;Communauté de communes - Vexin-Val de Seine;95
contact@cc-flandrelys.fr;Communauté de communes - Flandre Lys;59
contact@la-cab.fr;Communauté d'agglomération - Bergeracoise;24
accueil@ccportedujura.fr;Communauté de communes - Porte du Jura;39
accueil@neste-barousse.fr;Communauté de communes - Neste Barousse;65
contact@cacem-mq.org;Communauté d'agglomération - Centre de la Martinique;972
contact@clcl.bzh;Communauté Lesneven - Côte des Légendes;29
contact@ccthpn.fr;Communauté de communes - Terrassonnais en Périgord Noir Thenon Hautefort;24
contact@grandangouleme.fr;Communauté d'agglomération - Grand Angoulême;16
contact@cc-labastide-murat.fr;Communauté de communes - Causse de Labastide Murat;46
accueil@ccnoblat.fr;Communauté de communes - Noblat;87
secretariat@cclacsdechampagne.fr;Communauté de communes - Lacs de Champagne;10
contact@grand-st-emilionnais.org;Communauté de communes - Grand Saint Emilionnais;33
contact@sudmessin.fr;Communauté de communes - Sud Messin;57
accueil@domes-sancyartense.fr;Communauté de communes - Dômes Sancy Artense;63
contact@questembert-communaute.fr;Communauté de communes - Questembert communauté;56
cdc.berryloirevauvise@gmail.com;Communauté de communes - Berry Loire Vauvise;18
contact@coeurduvar.com;Communauté de communes - Coeur du Var;83
secretariat@meuserognon.fr;Communauté de communes - Meuse Rognon;52
contact@charlieubelmont.com;Communauté d'agglomération - Charlieu-Belmont;42
courrier@tco.re;Communauté d'agglomération - Territoire de la Côte Ouest (TCO);974
accueil@pays-des-abers.fr;Communauté de communes - Pays des Abers;29
accueil@ccel.fr;Communauté de communes - Est Lyonnais;69
accueil@terredeprovence-agglo.com;Communauté d'agglomération - Terre de Provence;13
contact@cc-oulchylechateau.fr;Communauté de communes - Oulchy-le-Château;02
contact@cc-vimeu.fr;Communauté de communes - Vimeu;80
mailccom@cc-flandreinterieure.fr;Communauté de communes - Flandre Intérieure;59
tulleagglo@tulleagglo.fr;Communauté d'agglomération - Tulle Agglo;19
contact@ccbastides47.com;Communauté de communes - Bastides en Haut Agenais Périgord;47
ccmsl@ccmsl.com;France services - Communauté de communes de Moret Seine et Loing (multisites);77
siege@bayeux-intercom.fr;Communauté de communes - Bayeux Intercom;14
secretariat@argonne-ardennaise.fr;Communauté de communes - Argonne Ardennaise;08
communautedecommunes@retzenvalois.fr;Communauté de communes - Retz en Valois;02
info@valvanoise.fr;Communauté de communes - Val Vanoise;73
accueil@montagnesdugiffre.fr;Communauté de communes - Montagnes du Giffre;74
contact@cc-montesquieu.fr;Communauté de communes - Montesquieu;33
accueil@ccab.eu;Communauté de communes - Alsace Bossue;67
contact@cc-paysdebitche.fr;Communauté de communes - Pays de Bitche;57
codecom@damvillers-spincourt.fr;Communauté de communes - Damvillers Spincourt;55
accueil@ruralesentredeuxmers.fr;Communauté de communes - Entre Deux Mers;33
contact@ccsanon.fr;Communauté de communes - Pays du Sanon;54
secretariat@cc-loges.fr;Communauté de communes - Loges;45
contact@3c-s.fr;Communauté de communes - Carmausin Ségala;81
cc-sud-marnais@wanadoo.fr;Communauté de communes - Sud Marnais;51
contact@cc-po.fr;Communauté de communes - Pays d'Othe;10
contact@delunevilleabaccarat.fr;Communauté de communes - Territoire de Lunéville à Baccarat;54
accueil@perchenormand.fr;Communauté de communes - Collines du Perche Normand;61
contact@loirelayonaubance.fr;Communauté de communes - Loire Layon Aubance;49
mulhouse@mulhouse.fr;Agglomération - Mulhouse Alsace;68
info@grand-dole.fr;Communauté d'agglomération - Grand Dole;39
accueil@bretagneromantique.fr;Communauté de communes - Bretagne Romantique;35
contact@agglo-sarreguemines.fr;Communauté d'agglomération - Sarreguemines Confluences;57
contact@lannion-tregor.com;Communauté - Lannion - Trégor;22
ccb@ccb-blaye.com;Communauté de communes - Blaye;33
contact@cannespaysdelerins.fr;Communauté d'agglomération - Cannes Pays de Lérins;06
accueil@ccbvg.fr;Communauté de communes - Bastides et Vallons du Gers;32
ccgvl@ccgvl77.fr;Communauté de communes - Gâtinais Val de Loing;77
ccms@cc-massifdusancy.fr;Communauté de communes - Massif du Sancy;63
accueil@pays-tarusate.fr;Communauté de communes - Pays Tarusate;40
contact@payshericourt.fr;Communauté de communes - Pays de Héricourt;70
agglo@sudsaintebaume.fr;Communauté d'agglomération - Sud Sainte Baume;83
contact@arcmosellan.fr;Communauté de communes - Arc Mosellan;57
contact@agglo-boulonnais.fr;Communauté d'agglomération - Boulonnais;62
cdc@medoc-cpi.fr;Communauté de communes - Médoc Coeur de Presqu'Île;33
accueil@cclmhd.fr;Communauté de communes - Lacs et Montagnes du Haut Doubs;25
accueil@3cbo.fr;Communauté de communes - La Cléry du Betz et de l'Ouanne;45
accueil@cc-ventadour.fr;Communauté de communes - Ventadour Egletons Monédières;19
cdsbouzanne@orange.fr;Communauté de communes - Val de Bouzanne;36
contact@agglo-fecampcauxlittoral.fr;Communauté d'agglomération - Fécamp Caux Littoral;76
carene@saintnazaireagglo.fr;Communauté d'agglomération - La région Nazairienne et de l'Estuaire (CARENE);44
contact@hautjurasaintclaude.fr;Communauté de communes - Haut-Jura Saint-Claude;39
info@cc-autourdechenonceaux.fr;Communauté de communes - Bléré Val de Cher;37
accueil@sorguesducomtat.fr;Communauté de communes - Sorgues du Comtat;84
accueil@ccduserein.fr;Communauté de communes - Serein;89
grandpicsaintloup@ccgpsl.fr;Communauté de communes - Grand Pic Saint-Loup;34
maire-amiens@amiens-metropole.com;Communauté d'agglomération - Amiens Métropole;80
infos@cceppg.fr;Communauté de communes - Enclave des Papes Pays de Grignan;84
accueil@terresdesconfluences.fr;Communauté de communes - Terres des Confluences;82
contact@comcomgq.com;Communauté de communes - Guillestrois et du Queyras;05
communaute.communes@sudestmanceau.com;Communauté de communes - Sud Est du Pays Manceau;72
accueil@vallonsdehautebretagne.fr;Communauté de communes - Vallons de Haute Bretagne;35
accueil@leffarmor.fr;Communauté de communes - Leff Armor Communauté;22
administratif@cc-saonegrosne.fr;Communauté de communes - Entre Saône et Grosne;71
contact@terredes2caps.com;Communauté de communes - Terre des 2 Caps;62
ccpo@pays-ozon.com;Communauté de communes - Pays de l'Ozon;69
contact@cc2vv.fr;Communauté de communes - Deux Vallées Vertes;25
accueil@xaintrie-val-dordogne.fr;Communauté de communes - Xaintrie Val'Dordogne;19
accueil@ccplannemezan.fr;Communauté de communes - Plateau de Lannemezan;65
direction.generale@agglo-grandgueret.fr;Communauté d'agglomération - Grand Guéret;23
accueil@cotelub.fr;Communauté territoriale - Sud Luberon;84
accueil@cc-limouxin.fr;Communauté de communes - Limouxin;11
accueil@lochessudtouraine.com;Communauté de communes - Loches Sud Touraine;37
contact@ccalct.fr;Communauté de communes - Aubrac Lot Causses Tarn;48
contact@ccloise.com;Communauté de communes - Lisières de l'Oise;60
ccpso@ccpso.com;Communauté de communes - Pays de Sainte Odile;67
courrier@cergypontoise.fr;Communauté d'agglomération - Cergy-Pontoise;95
espace.accueil@agglo-agen.fr;Communauté d'agglomération - Agen;47
accueil@ccvai.fr;Communauté de communes - Vals d'Aix et Isable;42
accueil@bressehauteseille.fr;Communauté de communes - Bresse Haute Seille;39
administration@cc-laplaine-jurassienne.com;Communauté de communes - La Plaine Jurassienne;39
info@paysvoironnais.com;Communauté d'agglomération - Pays Voironnais;38
directiongenerale@coeurdelozere.fr;Communauté de communes - Coeur de Lozère;48
contact@comcomabc.fr;Communauté de communes - Arnon Boischaut Cher;18
contact@carct.fr;Communauté d'agglomération - La Région de Château-Thierry;02
contact@cocm.fr;Communauté de communes - Côte Ouest Centre Manche;50
accueil.champdeniers@valdegatine.fr;Communauté de communes - Val de Gâtine;79
courrier@catv41.fr;Communauté d'agglomération - Territoires Vendômois;41
accueil@ccbrianconnais.fr;Communauté de communes - Briançonnais;05
contact@olc54.fr;Communauté de communes - Orne Lorraine Confluences;54
contact@ccaillantais.fr;Communauté de communes - Aillantais en Bourgogne;89
accueil@ccbd.fr;Communauté de communes - Buëch Dévoluy;05
communication@grandpoitiers.fr;Communauté urbaine - Grand Poitiers;86
ccrahincherimont@wanadoo.fr;Communauté de communes - Rahin et Cherimont;70
contact@cc-larzacvallees.fr;Communauté de communes - Larzac et Vallées;12
contact@ccpcp.fr;Communauté de communes - Pays de Cayres Pradelles;43
contact@coeurdebeauce.fr;Communauté de communes - Coeur de Beauce;28
accueil@cmc.bzh;Communauté de communes - Centre Morbihan Communauté;56
ccps@ccportesdesologne.fr;Communauté de communes - Portes de Sologne;45
contact.ccrb@barsuraube.org;Communauté de communes - La région de Bar-sur-Aube;10
accueil@ccyenne.fr;Communauté de communes - Yenne;73
contact@comcom-crozon.bzh;Communauté de communes - Presqu'île de Crozon Aulne Maritime;29
contact@ccmoivrecoole.fr;Communauté de communes - La Moivre à la Coole;51
accueil@valeyrieux.fr;Communauté de communes - Val Eyrieux;07
contact@cdc-berry-grand-sud.fr;Communauté de communes - Berry Grand Sud;18
contact@esterelcotedazur-agglo.fr;Communauté d'agglomération - Var Estérel Méditerranée;83
contact@lodevoisetlarzac.fr;Communauté de communes - Lodévois et Larzac;34
secretariat@carlades.fr;Communauté de communes - Cère et Goul en Carladès;15
secretariat.general@ccgrandslacs.fr;Communauté de communes - Grands Lacs;40
contact@interco-abl.fr;Communauté de communes - Entr'Allier Besbre et Loire;03
ccpd.courrier@orange.fr;Communauté de communes - Dieulefit Bourdeaux;26
accueil@ccba31.fr;Communauté de communes - Bassin Auterivain;31
contact@cc-sereinarmance.fr;Communauté de communes - Serein et Armance;89
contact@beauvaisis.fr;Communauté d'agglomération - Beauvaisis;60
contact@grandavignon.fr;Communauté d'agglomération - Grand Avignon;84
contact@paysdephalsbourg.fr;Communauté de communes - Pays de Phalsbourg;57
contact@cc-selestat.fr;Communauté de communes - Sélestat;67
accueil@ccspsl.fr;Communauté de communes - Saint-Pourçain Sioule Limagne;03
contact@valleedelabruche.fr;Communauté de communes - La Vallée de la Bruche;67
contact@portes-haut-doubs.fr;Communauté de communes - Portes du Haut Doubs;25
informations@terresdargentan.fr;Communauté de communes - Argentan Intercom;61
secretariat@castillonpujols.fr;Communauté de communes - Castillon Pujols;33
info@roissypaysdefrance.fr;Communauté d'agglomération - Roissy Pays de France;95
accueil@msm-normandie.fr;Communauté d'agglomération - Mont-Saint-Michel Normandie;50
contact@grandperigueux.fr;Le Grand Périgueux;24
contact@nievresomme.fr;Communauté de communes - Nièvre et Somme;80
contact@castagnicciacasinca.fr;Communauté de communes - La Casinca;2B
cdc@terresdeperche.fr;Communauté de communes - Terres de Perche;28
accueil@ccdp.fr;Communauté de communes - Pithiverais;45
contact@cc-paysrhenan.fr;Communauté de communes - Pays Rhénan;67
accueil@haute-bigorre.fr;Communauté de communes - La Haute Bigorre;65
contact@agglo-auxerrois.fr;Communauté d'agglomération - Auxerrois;89
accueil@vyvs.fr;Communauté d'agglomération - Val d'Yerres Val de Seine;91
agglo@gardrhodanien.fr;Communauté d'agglomération - Gard Rhodanien;30
comdecom@paysducoquelicot.com;Communauté de communes - Pays du Coquelicot;80
accueil@cdc-portesentredeuxmers.fr;Communauté de communes - Portes de l'Entre Deux Mers;33
contact@portes-de-thierache.fr;Communauté de communes - Portes de la Thiérache;02
contact@agglo-lorient.fr;Communauté d'agglomération - Lorient Agglomération;56
accueil@coeur-avesnois.fr;Communauté de communes - Coeur de l'Avesnois;59
poher@poher.bzh;Communauté de communes - Poher Communauté;29
administration@cc-osartis.com;Communauté de communes - Osartis Marquion;62
secretariat@cc-valdeligne.fr;Communauté de communes - Val de Ligne;07
direction@cdcmmg.fr;Communauté de communes - Montaigne Montravel et Gurson;24
contact@cc-oisepicarde.fr;Communauté de communes - Oise Picarde;60
contact@cc-paysdebray.fr;Communauté de communes - Pays de Bray;60
secretariat@cc-paysgrenadois.fr;Communauté de communes - Pays Grenadois;40
contact@ouestaveyron.fr;Communauté de communes - Ouest Aveyron Communauté;12
secretariat@cc.coeurdesavoie.fr;Communauté de communes - Coeur de Savoie;73
accueil@mainesaosnois.fr;Communauté de communes - Maine Saosnois;72
ccst90@cc-sud-territoire.fr;Communauté de communes - Sud Territoire;90
secretariat@val-d-ay.fr;Communauté de communes - Val d'Ay;07
ccpr@pilatrhodanien.fr;Communauté de communes - Pilat Rhodanien;42
contact.cdc@cc-creonnais.fr;Communauté de communes - Créonnais;33
accueil@isigny-omaha-intercom.fr;Communauté de communes - Isigny Omaha Intercom;14
accueil@le-gresivaudan.fr;Communauté de communes - Le Grésivaudan;38
contact@ccvosgesdusud.fr;Communauté de communes - Vosges du Sud;90
contact@porteseureliennesidf.fr;Communauté de communes - Portes Euréliennes d'Île-de-France;28
contact@ccbdc.fr;Communauté de communes - La Baie du Cotentin;50
infos@cc-guebwiller.fr;Communauté de communes - La région de Guebwiller;68
accueil@ccplumbres.fr;Communauté de communes - Pays de Lumbres;62
ccvl@ccvl.fr;Communauté de communes - Vallons du Lyonnais;69
cc-perthoisbocageetder@orange.fr;Communauté de communes - Perthois Bocage et Der;51
accueil@terredauge.fr;Communauté de communes - Terre d'Auge;14
contact@agglo.morlaix.fr;Communauté d'agglomération - Morlaix Communauté;29
accueil@ccpn.fr;Communauté de communes - Périgord Nontronnais;24